id,title,text,date,source,classification
289b49692e94306c630d6cd388db7002,21-yr-old dies in second accident on Ghodbunder Rd,"THANE: A 21-year-old woman returning home from work died on the spot in an accident on Ghodbunder Road. This accident comes less than 24 hours after a 32-year-old police constable died after his bike skidded while overtaking a dumper at Cadbury Junction. Thane, India - July -13, 2025: The accident spot at Nagala Bander ,On Saturday night, a 21-year-old woman riding a two-wheeler was coming from Gaimukh to Thane when her two-wheeler skidded on the road at Nagla Bandar Ghodbunder Road, Thane. While the woman was lying on the road, a vehicle coming from behind crushed the woman. The woman died on the spot and the driver of the vehicle fled the scene ,in Thane,in Mumbai, India, on, Sunday, July -13, 2025. ( Praful Gangurde / HT Photo ) (praful Gangurde)

The deceased, Gajal Tuteja, was a resident of Imperial Square, Lodha Splendora. She was returning home from work on her scooter on the Nagala Bunder when the unknown vehicle allegedly collided with hers at around 10pm near the Indian Oil petrol pump adjacent to the TMC building. The impact pushed her to fall from her two-wheeler and die on the spot.

Know the latest trending news with HT. Read detailed articles here

According to the preliminary police report, a PSI and beat marshal from Kasarvadavli Police Station reached the spot immediately. They moved the scooter to the side of the road to prevent traffic obstruction and restore vehicular flow. Her body was then shifted to the Thane Civil Hospital for postmortem, where her family members had also arrived.

The police have registered a case against the unidentified driver. However, eyewitnesses and residents allege that poor road conditions may have played a role. “The road near the petrol pump is uneven and filled with potholes. She likely lost control just before being hit,” said Santosh Iyer, a commuter who witnessed the accident.

The Kasarvadavli police have denied this theory and stated that the death was caused purely by a rear-end collision. “We are investigating the matter and examining CCTV footage from the area to identify the vehicle responsible,” said an officer.

Residents from complexes near Lodha have repeatedly voiced concerns over neglected road repairs, a lack of basic safety measures, and poor road condition boards. “Every year during monsoon, people lose lives here because roads are in bad condition and traffic makes it worse,” said one local Sharmila Kavlekar.",2025-07-14T08:40:18+05:30,Times of India,1
60ad33fc14c7be2b5a866d4b945f0e7f,Man dies after falling from moving bus in Delhi; driver held,"A 31-year-old daily-wage labourer died after falling from the rear gate of a moving cluster bus in southwest Delhi’s Kapashera area on Saturday afternoon, police said. The driver of the bus was arrested from the spot but later released on bail. The bus was en route to Bijwasan, and the victim, identified as Shivam Kumar, originally from Kanpur, Uttar Pradesh, was also headed to the same destination.(Representational Image)

The bus was en route to Bijwasan, and the victim, identified as Shivam Kumar, originally from Kanpur, Uttar Pradesh, was also headed to the same destination, police said. Kumar had been working in Delhi for the past few months.The incident took place around 2pm, when Kumar allegedly fell from an unsecured rear gate of the bus while it was in motion.

Know the latest trending news with HT. Read detailed articles here

“A call was received stating that a man had sustained injuries after falling from a moving bus,” said a senior police officer. A police team rushed to the scene and found a cluster bus at the location. Bystanders told the team that the victim had fallen from the open rear gate, which had not been closed by the driver.

“The passengers said that the driver did not shut the rear door, and when the bus jerked, the man fell off and died on the spot,” the officer added. The victim was transported by a PCR van to Indira Gandhi Hospital, where doctors declared him dead. Police said the body has been preserved for an autopsy.

Based on eyewitness accounts and a preliminary investigation, the driver — identified as Rahul Kumar, a resident of Bulandshahr, Uttar Pradesh — was arrested at the scene. A case under Section 106 (causing death by negligence) of the Bharatiya Nyaya Sanhita (BNS) has been registered. “The man fell from the rear gate, which was reportedly not secured properly,” the officer quoted above said. Police said that CCTV footage and statements of passengers are being examined to verify the sequence of events.",2025-07-14T05:32:09+05:30,Times of India,1
7237aa4cc9a2a206ed3250ebd95a75be,"5 dead, 1 critical as SUV carrying 6 falls into 600-feet gorge in Jammu and Kashmir’s Ramban","Five people were killed and another was critically injured when a private passenger vehicle skidded off the road and plunged into a 600-feet gorge in Ramban district of Jammu and Kashmir, officials said on Saturday. Jammu and Kashmir Lt Governor Manoj Sinha, chief minister Omar Abdullah and Union minister Jitendra Singh expressed grief over the accident(Representational)

The SUV met with the accident near Senabathi in Ukhral Pogal Paristan area late Friday, they said.

Know the latest trending news with HT. Read detailed articles here

Rescuers found one of the passengers Tauqeer Ahmad (20) dead at the spot while five other critically injured people were rushed to a hospital but three of them -- Mohd Rafiq (40), Abdul Latief (40) and Ajaz Ahmad (20) – succumbed to their injuries enroute.

Shakeel Ahmad (24) breathed his last at a hospital in Srinagar this morning, while the condition of Yawar Ahmad (25), the lone survivor, remains critical.

Lt Governor Manoj Sinha, Chief Minister Omar Abdullah and Union minister Jitendra Singh expressed grief over the accident and assured necessary support to the injured and families of victims.

Ramban Deputy Commissioner Mohammad Alyas Khan has announced an assistance of ₹1 lakh each to the next of kin of the deceased and ₹25,000 to injured.

“All possible support is being extended to the affected families,” the DC said in a post on X.",2025-07-12T13:01:17+05:30,Times of India,1
101f789acff9b38c73438b2e48551809,Truck topples during road inspection in Maharashtra's Beed | On video,"A Public Works Department engineer along with some other people narrowly escaped an accident as a truck that came during a road inspection toppled while crossing a muddy path in Maharashtra’s Beed. Some even jumped into the pit dug for construction so as to not get crushed under the truck, shows video. (Screengrab/X/@PTI_News)

The incident happened in Beed’s Khadki area when a team was at the spot assessing an alternative route amid ongoing bridge construction in the area, following appeals from students, reported PTI.

Know the latest trending news with HT. Read detailed articles here

A video of the incident has gone viral on social media.

The video shows a group of men watching a truck passing through a narrow road along what seems like a construction site. However, as soon as the truck tries to take a turn, it skids due to mud and topples sideways as all the men hastily run away from the spot to avoid getting caught up in the accident. Some even jumped into the pit dug for construction so as to not get crushed under the truck. The driver is seen coming out of the vehicle from the side door, which was on top after the incident.

The engineer and his team were at the spot after some students had raised concerns about the dangerous situation of the road, reported Free Press Journal. Earlier, the students had raised the issue with the Chief Minister’s Gram Sadak Department, urging the construction of an alternative route since the ongoing bridge work had made the current road too dangerous to use, the report added. In response, the engineer promised to visit the site himself and notify the contractor in charge.

The incident happened on Wednesday when the team was inspecting the site. However, no casualties were reported.

Incidents of trucks losing balance and road accidents are not uncommonly reported in India. On Friday, five people were killed and four others injured after a borewell drilling truck they were travelling in fell into a ravine in Chhattisgarh’s Kabirdham district, police said.

The truck, with nine people onboard, plunged into a small ravine after the driver allegedly lost control of the vehicle near Chata village under the Kukdur police station.",2025-07-11T21:08:59+05:30,Times of India,1
ec8dcc6a8f14786d66bea06bc862ee17,4 dead as truck falls into gorge in Madhya Pradesh's Agrapani Chata,"A truck carrying borewell machinery and labourers met with an accident, reportedly killing at least four people near Madhya Pradesh's Agrapani Chata area on Friday. Additional police personnel and ambulances have been deployed to the spot to assist the search and rescue operations.(Unsplash/ representational)

According to the police, the truck, after losing balance, went out of control and fell into a 60-foot-deep gorge, TOI reported.

Know the latest trending news with HT. Read detailed articles here

Local residents informed the police, after they came across the toppled truck during the early hours of Friday.

The police recovered four dead bodies from the debris of the accident. Two individuals were critically injured and admitted to the Kukdoor Community Health Centre.

More bodies were feared trapped underneath the debris and were yet to be recovered. A rescue team reached the site, and efforts are underway to extract those trapped, according to a United News of India report.

Additional police personnel and ambulances have been deployed to the spot to assist the search and rescue operations.

Authorities were working to confirm the identities of the deceased and ascertain the exact number of passengers in the vehicle, said the TOI report.

Police believe the incident might have occurred late at night, given the condition of the vehicle and the surroundings. Further investigation is ongoing and details are awaited.

In an unrelated incident, an unusually long 40-hour traffic snarl claimed at least three lives on state's Indore-Dewas highway, stretching for about eight kilometers.

The massive congestion took place between June 26 and 27 with with over 4000 vehicles stuck in the chaos, with the National Highway Authority of India (NHAI) attributing the delay to a 10-day crusher unit strike.

Due to the unfinished work, drivers on the highway were caught in the traffic disruption.

The deceased included 62-year-old Kamal Panchal from Indore, 55-year-old Balram Patel from Shujalpur and 32-year-old Sandeep Patel from Gari Pipalya village.",2025-07-11T17:56:26+05:30,Times of India,1
70e74f2b49aa241e1264a79a9959dec6,Eight seriously injured after bus collided with stationary truck in Goregaon,"Mumbai: At least eight people were seriously injured after a bus collided with a stationary truck on Sewri-Dindoshi route early on Friday. The BEST bus and truck accident on Western Express Highway near Vanrai Police Station, five passengers injured in Mumbai.(Satish Bate/ HT Photo)

The injured included the driver and conductor of the bus, which belonged to Brihanmumbai Electric Supply and Transport (BEST),

Know the latest trending news with HT. Read detailed articles here

BEST spokesperson Sudas Sawant said, “When the bus arrived near Vanrai police station in Goregaon, a private car suddenly came in front of the bus from the service road. The bus driver lost control of the vehicle and hit a stationary truck parked on the left side of the road.”

There were fewer passengers in the bus since it was early morning.

The left portion on the front side of the bus was severely damaged. The injured were taken to Jogeshwari Trauma Care hospital for primary treatment.

The injured passengers were identified as Ashraf Sahid Husen (66), Sitaram Gaikwad (60) Bharti Mandavkar (56), Sudhakar Rewale (57), Pochiya Naresh Kanpochi (30) and Amit Yadav (35).",2025-07-11T12:19:24+05:30,Times of India,1
995d9db292d599f777f1465331187557,"Car plunges off mountain near Rohtang Pass in Himachal's Kullu amid rain, 4 killed, 1 seriously injured","Four people died and one was seriously injured as their car plunged into a gorge near the Rohtang Pass in Himachal Pradesh's Kullu district amid heavy rain on Sunday. Heavy and incessant rains across Himachal Pradesh have led to many roads being blocked.(Hindustan Times)

The vehicle, which had five passengers, slipped off the road before falling down the mountain near Rahninala, deputy superintendent of police, Manali, KD Sharma said.

Know the latest trending news with HT. Read detailed articles here

One person sustained serious injuries in the accident, with rescue operations underway, the DSP added. He also said the victims have not been identified yet.

Himachal Pradesh chief minister Sukhvinder Singh Sukhu called the incident “heart-wrenching”. He said the local administration had been directed to ensure that the injured person is provided proper medical facilities for their treatment.

“May God grant a place at His divine feet to the souls of the departed and provide strength to the grieving families to bear this immense sorrow. I pray for the speedy recovery of the injured person,” Sukhu said in a post on X.

Heavy and incessant rain across Himachal Pradesh have led to many roads being blocked, ANI quoted the State Emergency Operation Centre as saying. Kullu district remains the second most impacted in terms of access to roads, with 39 of them blocked in sub-divisions including Banjar and Nirmand following rain-related obstructions.

The incident comes nearly a week after a similar one in Shimla, wherein three people died in a road accident near Jalog.

The death toll in the state during the ongoing monsoon season had gone up to more than 70, including rain-related fatalities and accidental deaths, ANI said quoting official data from the State Emergency Operations Centre (SEOC).

Given the sensitive situation in the state, the SEOC has kept a close tab on the situation and has released a 24x7 helpline – 1070 – for relief efforts.

The government had advised the public to avoid non-urgent travel, especially in zones prone to landslides.",2025-07-06T15:02:18+05:30,Times of India,1
07aefae582865ec5533cad5fb303ffcf,Karnataka man dies after falling into fire pit during Muharram ritual,"A Karnataka man tragically died after falling into a fire pit on Sunday during Muharram celebrations in Raichur district. He was rushed to the hospital but could not be saved, said Lingasur Police. A man tragically died in Karnataka after falling into a ritual fire pit during Muharram celebrations.(HT Photo)

The 40-year-old victim, identified as Hanumanth, was preparing for the festival when he accidentally fell into the fire pit used in a key ritual during Muharram. According to the police, cited by news agency ANI, he was taken to the Laigasur Government Hospital, where doctors declared him dead.

Know the latest trending news with HT. Read detailed articles here

In a separate incident in Bihar, at least one person was killed and 24 others were injured due to electrocution during a Muharram procession in Darbhanga district on Saturday evening.

Darbhanga District Magistrate Kaushal Kumar said the accident happened when a portion of the tazia came in contact with a high-tension electric wire while the procession was passing through Kakorha village under the jurisdiction of Sakatpur police station.

""One person died and 24 others were injured in the incident,"" he told PTI.

He added, “The injured are undergoing treatment at the hospital, and their condition was stated to be out of danger.” District administration officials and police personnel at the scene immediately rushed the victims to the nearest hospital.

Security beefed up across country

Muharram is being observed this year on Sunday, July 6. Security has been tightened across the country, including in New Delhi, West Bengal, Uttar Pradesh, and Jharkhand, in anticipation of large processions.

In Delhi, the police have implemented detailed traffic arrangements to ensure public safety and smooth vehicular movement.

Speaking to ANI, Additional Commissioner of Police (Traffic) Dinesh Kumar Gupta said, ""As Muharram is on June 6 in Delhi, we have set up detailed arrangements for traffic. It will be our job to provide diversions to the traffic, and the public should feel minimal inconvenience. When the procession is underway, we will provide some diversion for it. Detailed arrangements have been issued, and we will remain in the fields to closely monitor the Muharram procession...""

Gupta also mentioned that preparations are underway for the Kanwar Yatra, another major religious event that draws lakhs of devotees.",2025-07-06T12:30:55+05:30,Times of India,2
879543ee6b857566ca2ed91cd14576d5,"Groom among 8 killed as SUV rams into college wall in UP’s Sambhal; PM, CM express grief","Eight people, including a groom and two children, were killed after the SUV they were travelling in crashed into a college’s wall in Uttar Pradesh’s Sambhal district on Friday evening, police said on Saturday. The mangled remains of the vehicle that met with an accident in Uttar Pradesh’s Sambhal. (Sourced)

The accident occurred when the groom and nine others, who were accompanying him, were en route from Har Govindpur village to Sirtoul in Budaun, they added. Condoling the deaths, Prime Minister Narendra Modi announced an ex gratia of ₹2 lakh from Prime Minister’s National Relief Fund (PMNRF) for the next of kin of each deceased and ₹50,000 each to the injured.

Know the latest trending news with HT. Read detailed articles here

The PMO India handle in post on X said: “Deeply saddened by the loss of lives in an accident in Sambhal, Uttar Pradesh. Condolences to those who have lost their loved ones in the mishap. May the injured recover soon. An ex-gratia of ₹2 lakh from PMNRF would be given to the next of kin of each deceased. The injured would be given Rs. 50,000”

Uttar Pradesh chief minister’s office posted on X in Hindi, “UP CM Yogi Adityanath has taken cognizance of the road accident in Sambhal district. He has expressed condolences to the bereaved families of the deceased.”

“The chief minister has instructed the district administration officials to immediately take the injured to the hospital and provide them proper treatment. He also wished for the speedy recovery of the injured,” the post added.

Win exciting prizes daily View T&C Back Q. Which Indian city has the best quality of living? Delhi Mumbai Bengaluru Please wait a moment.

Sambhal SP Krishan Kumar Bishnoi said, “A car carrying 10 wedding guests, including the groom, collided with the wall of Janata Inter College on the Meerut-Badaun highway. Eight people have died. Two others are critically injured and have been referred to a higher medical centre. Post-mortem procedures are underway.”

The groom Suraj Pal, 20, his sister-in-law Asha, 26, her daughter Aishwarya, 3, Sachin, 22, Ganesh, 2, Komal, 15, Madhu, 20, and driver Ravi, 28, died in the accident, the SP added. The two injured—Deva, 24, and Himanshi, 2,—were undergoing treatment in Aligarh, he said, adding that Deva’s condition was stated serious while Himanshi was out of danger.

According to an eyewitness, the ill-fated vehicle was travelling at a very high speed before it lost control and struck the wall. As the SUV approached Junawai, it veered and crashed into the college wall.

The impact was so severe that the vehicle was torn apart. Locals rushed to the scene to help and with great effort managed to pull the victims out of the wreckage. The injured were rushed to a nearby community health centre, but doctors declared eight of them dead on arrival.",2025-07-06T05:16:13+05:30,Times of India,1
eef4f73ca8747392225ee2ea9ba8702c,"4 killed as driver loses control, car hits divider on expressway in Maharashtra","Four persons, including two women, were killed after the car they were travelling in hit a divider on the Samruddhi Expressway in Maharashtra’s Washim district, an official said on Friday. While on the highway, the driver felt sleepy and briefly stopped the car to answer nature's call.(Representative image)

The incident occurred around 8 pm on Thursday between Wanoja and Karanja on the high-speed carriageway, he said.

Know the latest trending news with HT. Read detailed articles here

Five members of a family from Umred in Nagpur district were returning in a car after attending a function in Pune. Near channel number 215, the driver of the car lost control of the wheel, and the vehicle crashed into the divider, said the official from the Mangrulpir police station.

Of the car occupants, Madhuri Jaiswal and Vaidehi Jaiswal died on the spot, while Sangeeta and Radheshyam Jaiswal succumbed to their injuries in a hospital, the official said.

The person driving the car suffered injuries and is being treated in a hospital in Washim, he added.",2025-07-04T11:06:04+05:30,Times of India,1
3e33b0946f3facff86c0dbefdfe8cd02,4 killed after oil-drilling ship overturns in Gulf of Suez,"An oil-drilling ship capsized in the Gulf of Suez, killing at least four crewmen and leaving four others missing, authorities said Wednesday. There were 30 workers on board when the drilling ship capsized.(AFP file)

The drilling ship overturned Tuesday evening off the city of Ras Ghareb, on the African side of the Gulf of Suez, the Red Sea’s northwestern arm and a crucial shipping route, the Petroleum Ministry said in a statement.

Know the latest trending news with HT. Read detailed articles here

There were 30 workers on board when the drilling ship capsized, said Amr Hanafy, governor of the Red Sea province.

Rescue teams recovered four bodies and rescued two 22 others who were taken to hospitals, he said.

He said ships from the Egyptian navy joined the search-and-rescue efforts which were still ongoing overnight for four missing crewmen.

It wasn’t immediately clear what caused the drilling ship to capsize and authorities say investigations were ongoing. Local media reported it was being tugged for excavations in another area when it overturned.

The capsizing happened in an area called Gabel el-Zeit, a prominent Egyptian oil production site around 300 kilometers (186 miles) south of the Suez Canal, the ministry said in a statement.

The capsizing didn't disrupt vessels transiting through the canal, which links the Gulf of Suez to the Mediterranean Sea, Adm. Ossam Rabei, head of the canal authority, said.

Rabei said in a statement that 33 vessels were scheduled to transit Wednesday through the global waterway.",2025-07-02T13:11:35+05:30,Times of India,2
493f729d8b6ad480f8006ba3412ebbd0,Bengaluru police officer killed in hit-and-run accident while transporting drug suspects,"In a shocking incident, a police sub-inspector (PSI) from the Talaghattapura station was killed in a hit-and-run accident while transporting two drug case accused on the night of June 24, 2025. The deceased has been identified as Mahboob Guddahalli, aged 40, who passed away in the early morning hours of June 29, Sunday, after a week-long battle for survival. Bengaluru hit-and-run accident: CCTV footage showed that a truck rear ended the PSI's car at high speed, and then fled the scene.

ALSO READ | ‘Why can’t we pretend there’s a pandemic?’: Bengaluru entrepreneur’s cry for WFH amid traffic woes

Know the latest trending news with HT. Read detailed articles here

He was a 2016 batch officer selected under the in-service quota. The incident occurred at around 2:30 am near Surya Nagar, in the Hebbagodi limits, when PSI Guddahalli was travelling with two accused persons, identified as Sayed Wasim and Sayed Amir, who are both linked to a major drug case.

Hindustan Times accessed CCTV footage of the incident, which showed that the vehicle was struck by an unidentified truck from the rear. It then fled the scene, leaving the officer critically injured.

ALSO READ | ‘Will I reach office before lunch?’ Bengaluru man stuck in traffic for 40 minutes to cover 3 km

Following the accident, the suspects fled the scene, leaving PSI Guddahalli to endure severe injuries. The PSI sustained a rib fracture and multiple bruises on his thigh. Despite immediate medical attention, Guddahalli developed complications in the days that followed and his condition deteriorated steadily, after which he succumbed to his injuries early on Sunday.

Authorities have initiated an investigation into the hit-and-run case and are searching for the truck driver responsible for the collision. The police are also continuing their efforts to locate the suspects, Wasim and Amir, who are still at large after fleeing the scene of the accident, an officer said. Officials are however not probing the angle of Wasim and Amir's possible involvement in the accident, he said.",2025-07-01T09:31:38+05:30,Times of India,1
3718b6e6c394568e95033d86a3c0f9a6,Family of four dies in car accident in Karnataka's Tumakuru,"Four members of a family, including a 13-year-old boy, have died after the car they were travelling in allegedly collided head-on with a speeding mini truck on the bypass near Kunigal in Tumakuru district, police said on Monday. The car was also speeding, and the impact of the accident was so severe that all four passengers in the car died on the spot(iStockphoto/Representational Image)

The deceased have been identified as Seebe Gowda (50), his wife Shobha (45), daughter Dumbishree (23), and son Bhanukiran (13), they said.

Know the latest trending news with HT. Read detailed articles here

According to police, the accident occurred at around 8 pm on Sunday when the family was on their way to drop their son Bhanukiran, a class 8 student at Valley School, to his hostel near Bidanagere on the outskirts of Kunigal.

Gowda lived with his family in Magadi town. He, along with his family, was travelling together after dinner to drop the boy back at his school hostel.

Also read: 3 killed, 14 injured in road accident in Punjab’s Kapurthala

On the way, when they reached the Kunigal bypass, a speeding Canter truck coming from the wrong side on a one-way road had a head-on collision, a senior police officer said. The car was also speeding, and the impact of the accident was so severe that all four passengers in the car died on the spot, he said.

The driver of the mini truck has been booked under relevant sections of Bharatiya Nyaya Sanhita and arrested, the officer added.",2025-06-30T12:56:58+05:30,Times of India,1
a4e4f9a5276e87dc023b48b02fd7a110,"UP toddler dies in chickpeas pot, 2 yrs after sister fell, died in hot vessel","A toddler died after falling inside a hot kaddhai (vessel) in which chhole (chickpeas) was being cooked, two years after her sister's death in a similar incident. The incident took place in Uttar Pradesh's Sonbhadra district, after the 18-month-old girl's father kept a pot of chickpeas on the stove for boiling. The toddler, who was playing at the time, fell inside the vessel in which the chickpeas were being cooked.(Representative image)

According to news agency PTI, Shailendra, the toddler's father and a chaat seller, was preparing chickpeas in a pot. Just when he and his mother got busy was something else for a while, the toddler, who was playing at the time, fell inside the vessel in which the chickpeas were being cooked.

Know the latest trending news with HT. Read detailed articles here

The incident took place at around 9 am on Friday.

The toddler was rushed to a local hospital, then referred to another, where she succumbed to the grave burn injuries and died.

According to Duddhi Station House Officer (SHO) Manoj Singh, the incident was not initially reported to the police. Shailendra buried her daughter the next day near the banks of a river.

""However, upon receiving information and conducting an inquiry, it was found to be an accident,"" the SHO said.

In a bizarre coincidence, the toddler's elder sister also met a similar fate two years ago and had died after she fell into a hot cooking pot.

Similar incidents in the past

Similar incidents have taken place in many areas in the past too. In February last year, a toddler died after falling to hot water tub in Haryana's Sohna district. The toddler's mother had kept the water ready to wash clothes, but when she rushed to close windows upon seeing a group of monkeys, her child crawled up to the tub and fell inside.

In 2018, a 18-month-old baby died after her falling into a cauldron containing in Mumbai. She was playing around the house and accidentally fell into the hot pot. She suffered around 80 per cent burns, and died.

In 2014, a toddler fell into a vat of boiling sugar syrup used for jalebis. The toddler was in his mother's arms at a market in Delhi's Trilokpuri, when an e-rickshaw hit her from behind, leading the toddler to fall into the hot liquid.",2025-06-30T11:52:17+05:30,Times of India,2
8c0e1f9c64b2b402b85411d10da6bc9f,Two people die in separate road accidents in Parel and Malad,"MUMBAI: Two people lost their lives in separate accidents in Parel and Malad on Friday. The tempo driver in the first incident and a car driver in the second were both booked for causing death by negligence. Two people die in separate road accidents in Parel and Malad

According to the police, the first accident took place on the Hindmata Bridge in Parel. Harsh Yadav, 21, a college student and resident of Hari Om Nagar in Powai, picked up his friend and neighbour Vijay Yadav, 30, in his scooter. “They left on a Honda Activa Lalbaug to buy accessories for their Ganpati idol. When they reached the flyover around 2.30 pm, a speeding tempo tried to overtake them from the left.” The tempo collided with the scooter, causing it to skid to a halt.

Know the latest trending news with HT. Read detailed articles here

The tempo dragged for some distance the scooter with Harsh and Yadav before they fell on the road.

Vijay suffered serious injuries to his head and began losing blood on the spot. Harsh, also injured, tried to hail vehicles to help them get to the hospital. Many cars did not stop for a long time and by the time one finally did, it was too late. “Dr Priyanka Patil at the KEM hospital examined Vijay at the accident ward and declared him dead before arrival,” said a police officer. The Bhoiwada police registered a case against the unidentified tempo driver under sections 106 (causing death by negligence) and 281 (rash driving or riding on a public way) of the Bharatiya Nyaya Sanhita (BNS), 2023 and relevant sections of the Motor Vehicles Act at the Bhoiwada police station.

In the second incident, Brijesh Gupta, a 45-year-old sweeper, was working at the Auris Serenity building in Kanchpada, Malad, when a car knocked him down. “Prima facie, it looked like the driver accidentally pressed the accelerator and hit the sweeper due to the resultant jerk,” said a police officer. The driver took Gupta to a nearby hospital. The building’s watchman later dropped Gupta off at his house in Laljipada, where he breathed his last.

The accused driver was identified as Ashok Gupta. The Malad police booked Ashok under section 106 (causing death by negligence) of the BNS.",2025-06-29T07:12:15+05:30,Times of India,1
da50684fce728e5d74586dd1b88c7f59,"Gurugram man rams car into law student after dozing off while driving, held","A 31-year-old civil engineer based in Gurugram was arrested on Thursday for ramming his car into two people after he fell asleep while driving. The CCTV footage of the incident, which took place on June 24, has gone viral.(Video screengrab)

The accused, identified as Mohit, hit two friends with his car on the Delhi-Jaipur Highway, police told PTI news agency.

Know the latest trending news with HT. Read detailed articles here

While one of the friends, Harsh Singhal, who was a law student, lost his life in the incident, the other was admitted to the hospital and is said to be in a stable condition. Harsh was a resident of Om Vihar in Sector 23, and was pursuing LLB at a local college.

Mohit is a resident of the Noorpur Bohra Kalan village in Gurugram's Sector 14, where he was staying at a rented paying guest accommodation.

The CCTV footage of the incident, which took place on June 24, has gone viral. The video shows a speeding Skoda car ramming into Harsh and his friend Abhishek Kumar, with both being thrown 10 meters away after the impact.

What led to the accident

Harsh had reached the Chanchal Dhaba – where the accident took place – at 3 am with another friend, Moksh, on a motorcycle. After the accident, Moksh told NDTV that the friends were waiting for their turn because the dhaba was “very crowded”. “Meanwhile, Harsh met an old friend Abhishek, and they stood near the service lane's railing to chat,” Moksh said.

The accused, who was returning to his PG accommodation at this time, fell asleep on the wheels, thus leading to the accident, NDTV quoted Gurugram Police spokesperson Sandeep as saying.

In the aftermath, some people tried to chase the white car, but the driver fled the scene. Both Harsh and Abhishek were taken to the hospital. However, the former was declared dead. Abhishek was treated for his injuries, his condition eventually returning to stable.

The police later looked at the CCTV footage to determine the identity of the driver, who was later arrested. They also seized the vehicle involved in the accident.",2025-06-27T10:36:19+05:30,Times of India,1
0013568fb90379f031d8b99934feecd7,"1 dead, 3 injured as sleepy driver rams car into trailer","NAVI MUMBAI: A 38-year-old died in an accident on Mumbai-Goa highway when the deceased’s friend, who was driving the car, was sleepy and rammed into a parked trailer. The driver has been booked for negligent and rash driving. 1 dead, 3 injured as sleepy driver rams car into trailer

According to the police, the incident occurred at 1:30 am on Tuesday on the Mumbai-Goa highway in Raigad district when the speeding car rammed into a trailer parked in front of a petrol pump.

Know the latest trending news with HT. Read detailed articles here

“Siddesh Shinde, a resident of Godrej hill in Kalyan West, was returning from Chiplun with three of his friends. Shinde felt sleepy, lost control of the vehicle and rammed into a parked trailer. This resulted in the death of Aditya Verma, 38, one of Shinde’s friends who was in the car while the accident occurred. Shinde and two others in the car were injured,” said the investigating officer. The Kolad police have registered a case against Shinde for rash and negligent driving.",2025-06-26T08:00:20+05:30,Times of India,1
8c41c7bee3ca8207ba0dde5b9498f302,"Tragedy in Malihabad:Teen dies in mishap, friend ends life hours later",": In a deeply tragic incident in Malihabad on Wednesday morning, two teenage friends lost their lives within hours of each other—one in an accident, the other, unable to cope with the loss, by suicide. Both bodies have been sent for post-mortem examination. As of now, no formal complaint has been lodged by the families (For representation only)

According to police, Manish Kumar (18) and Sagar (19), both residents of Sarawan village, were walking to a nearby orchard around 8:30 am to pluck mangoes. While joking along the roadside, Sagar allegedly gave Manish a playful nudge, inadvertently pushing him into the path of an oncoming truck. Manish died on the spot.

Know the latest trending news with HT. Read detailed articles here

Overwhelmed by shock and guilt, Sagar reportedly first attempted to lie down in front of another truck, but the driver managed to stop in time. Witnesses said he then ran towards Faridipur village, where he jumped in front of a train near a railway crossing and died.

SHO Malihabad, Surendra Singh Bhati, confirmed that the two were very close. “Manish’s sudden death deeply affected Sagar. He couldn’t handle the trauma,” the officer said.

Both bodies have been sent for post-mortem examination. As of now, no formal complaint has been lodged by the families.",2025-06-26T05:00:12+05:30,Times of India,1
404dedc6df59baa7a7c1d0156f24e5a9,"Four, including infant, killed as car plunges into canal amid heavy rain in Haldwani","Haldwani: Four people, including an infant, were killed and three others were injured when the vehicle they were travelling in skidded off the Rampur road and plunged into a canal in Nainital district’s Haldwani on Wednesday morning, police said. The car had skidded off the Rampur road and plunged into a canal in Nainital district’s Haldwani on Wednesday morning. (Sourced/HT)

The accident occurred amid heavy rainfall, trapping seven people. A police team reached the spot, and with the help of locals, the car was pulled out of the canal, Haldwani superintendent of police Prakash Chandra said.

Know the latest trending news with HT. Read detailed articles here

All those travelling in the car were residents of Kichha in Udham Singh Nagar. Four died on the spot. The deceased were identified as Rakesh Kumar (32), Neetu (36), Kamla Devi (50), and an infant.

Also Read: 4 killed, 26 injured as bus plunges into gorge in Nainital district

The injured passengers — Ramesh (42), Rama Devi (30), and driver Shyam Lal (45) — were admitted to Sushila Tiwari Hospital in Haldwani.

“The incident happened amid heavy rainfall in Haldwani. The canals and nullahs were overflowing due to heavy rains when the accident took place,” an officer said.",2025-06-25T13:10:55+05:30,Times of India,1
e146d47ff2903f5691c8496a28f3f31f,Army havildar dies after dummy bomb dropped from drone falls on him during training,"BHOPAL: A 37-year-old havildar in the Indian Army died due to an accident during a training exercise at Bhopal’s Sukhi Sevaniya range, police said on Tuesday. A senior police officer said Vijay Singh, 37, died on the spot after a dummy bomb dropped from a drone struck him on the head. (FILE)

A senior police officer said Vijay Singh, 37, died on the spot after a dummy bomb dropped from a drone struck him on the head.

Know the latest trending news with HT. Read detailed articles here

Pramod Sinha, superintendent of police (SP) Bhopal rural, said, ”The incident took place on Monday evening during a training session when soldiers were being taught to drop bombs from drones and to protect themselves. An iron dummy bomb was placed in a drone flying over the range and was to be dropped at a designated range. But it fell on Singh. He didn’t get time to save himself.”

Singh, a resident of Uttarakhand, was posted as a havildar in Bhopal’s Bairagarh area. According to a police officer, the bomb weighed over 4 kg and fell from a height of 400 feet.",2025-06-24T22:27:40+05:30,Times of India,2
3de8e370eeb9ee04188aa92306d483ea,"Woman killed, family injured as landslide hits Uttarakhand's Badrinath highway","A woman pilgrim from Haryana died, while her husband and 10-year-old daughter were injured on Monday when their car was hit by a landslide near Patalganga, between Joshimath and Pipalkoti on the Badrinath national highway in Uttarakhand's Chamoli district. Police and State Disaster Response Force (SDRF) teams reached the spot and launched relief-and-rescue operations.(ANI)

District Magistrate Sandeep Tiwari said the injured girl and his father have been brought to Pipalkoti for treatment.

Know the latest trending news with HT. Read detailed articles here

Police and State Disaster Response Force (SDRF) teams reached the spot and launched relief-and-rescue operations.

Shilpa (36), a resident of Haryana's Fatehabad, died on the spot.

Her husband, Ankit (40), and their 10-year-old daughter, Khwahish, were injured in the incident.

Traffic was disrupted near Pipalkoti with the landslide debris lying on the road.",2025-06-23T22:52:03+05:30,Times of India,1
35a78f0f2b522842041ab7ab714e12df,"One killed, 5 injured as SUV hits tempo in Himachal's Una","Una , A person was killed while five others, including three of a family, were injured in a collision between an SUV and a tempo in Himachal Pradesh's Una district, police said on Monday. One killed, 5 injured as SUV hits tempo in Himachal's Una

The accident occurred in Barnoh village on Sunday when a couple along with their two children were en route to their home in Lamlaihari from Una in the tempo.

Know the latest trending news with HT. Read detailed articles here

The SUV, registered in Punjab, carried devotees, going from Hamirpur to to Una city after paying obeisance at a religious place. Its driver veered off in the wrong direction at a high speed and hit the tempo coming from the opposite direction, they said.

According to police, the couple and their two children were sitting in the front cabin of the tempo and its entire front portion was damaged. Ravindra Kumar and his eight-year-old daughter suffered multiple fractures in their legs and a deep head injury.

His wife and son also suffered serious leg injuries. The occupants in the SUV Priya and Tarsem Lal from Jalandhar were also injured in the accident.

All the injured were taken to the regional hospital with the help of locals from where Ravindra, his wife Rama Gautam and their daughter Ashmita were critical were referred to Chandigarh in critical condition. Their son Divyansh has been is undergoing treatment at the regional hospital.

A police officer said that Ravindra died at the Post Graduate Institute of Medical Education and Research, Chandigarh. An eyewitness, village head of Barnoh Panchayat, Bakshish Singh said that the accident occurred due to negligence of the SUV driver.

Win exciting prizes daily View T&C Back Q. Which Indian city has the best quality of living? Delhi Mumbai Bengaluru Please wait a moment.

Superintendent of Police Una Amit Yadav said that the Sadar police station has registered a case and investigations are underway. Further action will be taken after recording the statements of the injured and eyewitnesses.

This article was generated from an automated news agency feed without modifications to text.",2025-06-23T11:59:53+05:30,Times of India,1
24345171ce493ec132045713506df3e2,Chandigarh: 35-year-old man dies of electrocution,"A 35-year-old man, Surendra Kumar, died after being electrocuted near a park in Vikas Nagar, near Nayagaon, late Friday night. The incident occurred around 11 pm when he accidentally came in contact with an electric pole while returning home. Victim is survived by his wife and two daughters, aged 5 and 7. (HT File)

Surendra had just dropped off some friends and was walking home after parking his vehicle when the mishap took place. Emergency services were called, but he was declared dead shortly after.

Know the latest trending news with HT. Read detailed articles here

He is survived by his wife and two daughters, aged 5 and 7.",2025-06-22T08:38:01+05:30,Times of India,2
0eee3aee332ad9479e0a40b4d6ec9d9d,Man killed by speeding metro feeder bus in Delhi's Shastri Park,"A man died after being run over by a speeding metro feeder e-bus on GT Road near the Shastri Park area in northeast Delhi, an official on Saturday said. A case has been registered and further investigation is underway, police said.(ANI)

The victim, identified as Aamir, was on his way to Seemapuri when the accident occurred near the GT Road bus terminal, he said.

Know the latest trending news with HT. Read detailed articles here

According to preliminary information, a horse-drawn cart was moving ahead of Aamir and as he approached the cart, the horse reportedly kicked him, causing him to lose balance and fall on the road, a senior police official said.

""Soon after he fell, an e-bus, coming from behind at high speed, ran over him. Aamir died on the spot due to the impact,"" the official added.

The deceased's body has been kept at the Guru Teg Bahadur Hospital mortuary for post-mortem, police said.

The cops are also reviewing the CCTV footage from the GT Road stretch to ascertain the exact sequence of events and confirm witness accounts, they said.

""The cause of death appears to be a combination of fall and the subsequent run-over. However, we are verifying all details to ensure a clear understanding of how the accident occurred,"" the officer said.

A case has been registered and further investigation is underway, police said.",2025-06-21T20:56:53+05:30,Times of India,1
ccaae6e7f6e0671c1e23ea30643d635a,Who is Amanda Kempton? Virginia woman charged in fatal hit-and-run that killed Netflix star Sara Burack,"Amanda Kempton, a 32-year-old woman from Virginia, has been arrested in connection with the fatal hit-and-run that killed real estate agent and Netflix personality Sara Burack, the Daily Mail reported. Netflix star Sara Burack was killed in a hit-and-run crash on Friday. (X)

Burack, known for her appearance on Netflix’s Million Dollar Beach House, was struck by a vehicle shortly before 3:00 a.m. on Friday along Montauk Highway, near Villa Paul Restaurant in Hampton Bays, New York.

Know the latest trending news with HT. Read detailed articles here

Emergency responders found her in critical condition at the scene. She was transported to Stony Brook University Hospital, where she later died from her injuries.

The driver fled the scene, triggering a large-scale manhunt involving the Southampton Town Police Department and the New York State Police Accident Reconstruction Unit.

Authorities eventually identified Kempton and took her into custody. According to the New York Post, she has been charged with leaving the scene of a motor vehicle accident, a Class D felony in New York punishable by up to four years in prison.

Amanda Kempton was scheduled to be arraigned on the charges Saturday.

Also Read: Who was Nihal Candan? Turkish influencer dies after struggling with anorexia

Who Was Sara Burack?

Sara Burack gained recognition in 2022 when she appeared on the Netflix reality show Million Dollar Beach House, where she competed alongside other luxury real estate agents in the Hamptons.

She previously worked for Nest Seekers International, a high-end real estate agency specializing in luxury properties in Manhattan and the Hamptons. According to Newsday, Burack left the agency over a year ago.

Fellow realtor Paulette Corsair remembered Sara Burack as a kind and compassionate person.

Speaking to Newsday, Corsair said, ""I want people to remember she was an amazing person who really cared for people. She was a hardworking real estate agent who was there for others. She was loved greatly by her friends and a close family.”",2025-06-21T07:29:54+05:30,Times of India,1
bbab6df161b7a40b77dc2a41fbefa854,"9 killed after SUV, truck collide heads-on in Bengal","Nine people were killed in a head-on collision between a truck and a car in West Bengal's Purulia district on Friday morning, police said. The West Bengal police said that the matter is under investigation.(Representational Photo)

The accident occurred around 6.30 am on NH-18 in Namshol village within the Balarampur Police Station limits in the district, an officer said.

Know the latest trending news with HT. Read detailed articles here

""The head-on collision took place between an SUV and a truck on the highway, killing all nine occupants of the four-wheeler,"" Balarampur Police Station in-charge Soumyadeep Mallick told PTI.

The police are investigating the matter.",2025-06-20T11:49:05+05:30,Times of India,1
570e623dba5c0d5993168d1c77722eeb,Fire breaks out in Noida Sector 36 due to AC explosion,"A massive fire broke out in Noida Sector 36 of Uttar Pradesh due to a blast in the air conditioner. As of now, no casualties have been reported due to the accident. The fire, which was triggered by an AC blast, was extinguished by two fire engines.(Unsplash/representational)

Fire tenders had rushed to the accident spot, and with the help of two fire engines, they were able to douse the fire.

Know the latest trending news with HT. Read detailed articles here

More details are awaited.",2025-06-18T12:26:11+05:30,Times of India,2
24995c99820672592103e902f96c8cc0,Air India Ahmedabad plane crash: ‘Worst’ seat rechristened as Miracle Seat 11A after Vishwash Kumar Ramesh survives,"June 12, 2025 will go down as one of the darkest days of this year in the pages of history. On this day, 30 seconds after departure, Air India Flight 171, a Boeing 787-8 Dreamliner headed to London crashed into the hostel of Ahmedabad's BJ Medical College. This tragic accident took the lives of 241 people onboard, including 12 crew members, apart from 28 people on the ground who were killed. The lone survivor was a passenger named Vishwash Kumar Ramesh, who was seated on Seat 11A — famously known as the worst seat on the flight. Well, it has now been rechristened as the Miracle Seat. But why was it the most hated seat on the plane? PM Modi with lone survivor Vishwash Kumar Ramesh

40-year-old British national of Indian origin, Vishwash Kumar Ramesh was seated in seat 11A, on his way to London. He was the only passenger who managed to escape. Ramesh sustained multiple injuries and is currently admitted to the Ahmedabad Civil Hospital. Though a window seat, 11A is situated right in the middle of the plane, just behind the business class and has no view because the window is small or in some cases non-existent. The passengers on this row are reportedly the last to deboard the plane after it lands. Moreover, according to reports, this particular seat is subject to noise, foot traffic, or colder drafts. These are reasons why passengers often avoid sitting here.

11A, which is now being called the Miracle Seat, is right next to the emergency door. It reportedly came off when the plane struck the hostel, saving Ramesh. Talking to Doordarshan, the lone survivor shared, “I don't know how I came out of it alive. For a while, I thought I was about to die. But when I opened my eyes, I saw I was alive. And I opened my seat belt and got out of there. The airhostess and aunty uncle all died before my eyes.”",2025-06-13T16:14:39+05:30,Times of India,3
a2c9dd1d342ebbd242f5510cae1cbdb5,"Patna police woman constable killed, 3 other cops injured as speeding car hits them: Report","A speeding SUV rammed police personnel at a checkpoint on Atal Path in Patna, killing a 25-year-old woman constable and critically injuring three others. The incident occurred around 12:30 am in the SK Puri police station area of Bihar's capital. The speeding vehicle also suffered damage to its bonnet and had a BJP flag on it. However, the police have not yet confirmed any political link to the car or its occupants. The incident happened on the intervening night of Wednesday and Thursday at around 12:30 am. (Screengrab/X/@Theunk13)

The SUV, a Black Scorpio, reportedly traveling at a speed of 90 kmph on the JP Path (Digha police station area), hit sub-inspector Deepak Kumar, assistant sub-inspector Awadhesh, and woman constable Komal while they were attempting to stop it. All three cops were flung into the air after being hit and were immediately rushed to a nearby hospital, where Constable Komal was declared dead. She was a native of Bihar's Nalanda district. Her mother, Ranju Devi, said that Komal was transferred from Gaurichak police station barely 29 days ago.

Know the latest trending news with HT. Read detailed articles here

Also read: Ludhiana: 10-year-old dies after speeding car hits bike

The other two cops remain in critical condition.

A video of the incident has also surfaced, showing the police conducting routine vehicle checks. They stopped a Scorpio car belonging to one Prince Kumar of Jehanabad for checking when another speeding Scorpio rammed the police personnel. Prince Kumar was also injured in the incident. He was en route from Patna to his hometown when the crash happened.

The driver of the vehicle managed to flee from the spot and is currently absconding. However, two other occupants of the car have been detained by the police.

Also read: Infant killed as speeding car runs over three in Lucknow

Upon receiving information, senior officials including SSP Avkash Kumar, reached the scene. Police confirmed that the SUV involved in the crash has been seized.

Senior SP confirmed the death of Komal Kumari. “The driver of the Scorpio intentionally hit the on-duty policemen so FIR would be lodged under sections of murder and other charges of BNS act. Police have launched a probe into the circumstances surrounding the fatal collision, including the identity of the absconding driver and the reason for the vehicle’s excessive speed. The role of the vehicle’s occupants is also under scrutiny,” he told Hindustan Times.

SSP said that vehicle checks were underway from 10:30 pm to 12:30 am across Patna on the directive of DGP Vinay Kumar. The accident happened during one such routine operation.",2025-06-12T10:40:07+05:30,Times of India,1
3dad6b85afbda937c42cfaafd1764531,Pune: Woman riding pillion on scooter crushed to death by truck at traffic junction,"A 29-year-old woman riding pillion on a scooter was killed and her relative injured after their two-wheeler was hit by a truck at a busy traffic junction in Pune city on Wednesday morning, police said. Woman riding pillion killed as truck runs over scooter in Pune(Representative image/Unsplash)

The woman, Dipali Yuvraj Soni, died on the spot, while Jagdish Soni (61), who was riding the scooter, sustained injuries in the accident which took place at Gangadham Chowk in the Market Yard area, police said.

Know the latest trending news with HT. Read detailed articles here

CCTV footage showed the truck hitting the scooter from the rear side soon after the traffic signal turned green, causing both riders to fall and come under the heavy vehicle.

""It appears the woman came under one of the wheels of the truck after the rear-end collision, while the man sustained injuries. The scooter got stuck under the front wheels of the truck. We have detained the truck driver, Shaukat Ali Kulkundi (51), and further investigation was underway,"" said an officer from the Market Yard police station.",2025-06-11T17:31:18+05:30,Times of India,1
ea8b5347fdb74a3eae0737649a7d2826,"Country musician Conner Smith fatally hit pedestrian with truck. No charges now, but probe ongoing","NASHVILLE, Tenn. — Country musician Conner Smith fatally hit a pedestrian while driving his truck in Nashville over the weekend, and he currently faces no charges as an investigation continues, police said. Country musician Conner Smith fatally hit pedestrian with truck. No charges now, but probe ongoing

Metro Nashville Police said Smith, 24, hit Dorothy Dobbins, 77, Sunday evening while she was crossing the road inside a marked crosswalk. Dobbins, a retired attorney, later died at a hospital. The Tennessee Bar Association posted on its website that Dobbins had been out walking her dog when she was hit.

Know the latest trending news with HT. Read detailed articles here

Police say Smith showed no signs of impairment. They believe the “preliminary contributing factor” appears to be that Smith did not yield the right of way to the pedestrian.

Smith’s attorney, Worrick Robinson, said his client is cooperating with the investigation.

“His heart goes out to Ms. Dobbins’ family during this incredibly difficult time,"" Robinson said in a statement.

Dobbins was a leader in the city’s legal aid and family law communities, where she practiced for over 40 years, according to posts by the Bar Association and the Legal Aid Society of Middle Tennessee and the Cumberlands. She played a “foundational role in opening Nashville’s first domestic violence shelter,” according to a Facebook post from the Legal Aid Society, and she wrote the state’s first order of protection legislation.

Smith was a 2024 new male artist of the year nominee at the Academy of Country Music Awards. He released his first full-length album, “Smoky Mountains,” in 2024.

The Nashville native has had gold-certified hits with “Take it Slow” and “Creek Will Rise,” according to his label, Big Machine. Smith had performed at Nashville’s CMA Fest over the weekend.

This article was generated from an automated news agency feed without modifications to text.",2025-06-11T04:05:41+05:30,Times of India,1
09d36a8fed85816549990f18fb502e6e,Three decomposing bodies found in car fallen in nullah in Shahapur,"MUMBAI: Three decomposing bodies were found on Thursday in a car that had fallen into a nullah near Umbermali village along the Mumbai-Nashik highway. Police suspect an accident took place five days ago but went unnoticed as the car was concealed by dense vegetation. Representative image of a car accident (HT Photo)

On Thursday, when a woman from the village was grazing her cattle, she noticed the half-submerged car and a foul smell emanating from it. She informed the villagers who then alerted the police. A team from the Kasara police department and personnel from the disaster management unit reached the spot and found the three bodies inside the vehicle in a highly decomposed state.

Know the latest trending news with HT. Read detailed articles here

The deceased have been identified as Yadnesh Waghela, a resident of Khar, Pravin Kumar Singh, 27, from Powai, and Rajabali Sheikh, 29, from Kurla. All three were close friends and had left Mumbai on the night of June 2, for Trimbakeshwar in Nashik.

Preliminary investigation suggests the car is registered in Mumbai, and the police are trying to establish how the vehicle veered off the road and ended up in the nullah. The bodies have been sent for post-mortem, and forensic experts are being consulted to determine the exact cause of death and to rule out any possibility of foul play.

“We suspect that the driver of the vehicle lost control and veered off the highway, crashing into the nullah, resulting in the death of all the three. Due to the thick foliage and the remote location, the wreckage went unnoticed,” said a senior police officer from Shahapur division.

Yadnesh, who worked at a call centre, had informed his family about the trip, while the other two had not told their families about their destination and had said that they would return in a couple of hours or later that night. When they failed to return, their families registered missing person complaints at the Khar, Vinoba Bhave, and Powai police stations.",2025-06-07T08:42:12+05:30,Times of India,1
558b72ad711c7448e378a81fc7a108a3,Narrow escape for Odisha minister after his vehicle collides with truck,"Bhubaneswar, Jun 6 (PTI) Odisha Food, Supplies and Consumer Welfare Minister K C Patra had a narrow escape on Friday after his car collided head-on with a truck at Barang in Cuttack district, police said. Though no one was injured in the accident, Patra’s car suffered damages on the front portion. (X)

The incident took place at Sandhapur Square on the Banki Main Road when Patra was on his way to Bhubaneswar, they said.

Know the latest trending news with HT. Read detailed articles here

Though no one was injured in the accident, Patra’s car suffered damages on the front portion, Inspector-in-Charge of Barang police station, Debendra Biswal, said.

“The minister and his driver are unhurt and safe. He used another vehicle and returned to Bhubaneswar,” Biswal said.

The police have impounded the truck and detained its driver, the officer added.",2025-06-06T14:52:45+05:30,Times of India,1
a6db5b0a9e38dafb3bb79d7642a68713,Two trucks catch fire after collision on expressway near Ahmedabad,"Vehicular movement was disrupted on National Expressway 1 on Thursday morning after two trucks caught fire following a collision, around 10 km before Ahmedabad, officials said. Station Fire Officer Mata Prasad Pandey said the incident occurred at approximately 4:15 am when a parked truck was hit from behind by another vehicle. One truck driver was injured in the truck fire that broke out on National Expressway 1 in Ahmedabad.(Representational Image)

Speaking to ANI, Fire Officer Pandey said, “This morning at around 4:15 am, a truck was parked when another truck hit it from behind. Work is on to extinguish the fire. One truck driver is injured and is undergoing treatment...” ""Firefighting operations are underway at the site"", said the fire officer.

Know the latest trending news with HT. Read detailed articles here

Meanwhile, in a separate incident last month, a fire broke out on the 8th floor of a residential building in the Memnagar area of Ahmedabad. The incident occurred on May 22 in Subhash Chowk, reportedly following a blast. Visuals from the scene showed thick plumes of smoke rising from the building.

More details are awaited.",2025-06-05T10:03:03+05:30,Times of India,1
058c9791f98f2c5854c6f3172a04f983,"Ajmer: Three of a family die of electrocution, fourth member critical","At least three people died of electrocution after they came in contact with a high-tension wire while plastering a wall at their under-construction house in Kekadi area of Ajmer in Rajasthan, officials said. Representational image.

“The incident took place at 7am on Wednesday. Four of the family members were working on the roof when it happened. Three died on the spot, while the fourth is critical,” Savar station house officer Banwari Lal said.

Know the latest trending news with HT. Read detailed articles here

According to the police, the incident happened in Kekadi’s Visundani village. “Prema Devi (60), her daughter Maya Devi (45), Maya’s husband Kanwar Lal (50), and Prema’s younger daughter Tara Devi (22) were plastering a wall of their new house. A while later, Kanwar started spraying water on the newly-plastered wall. But the water suddenly touched a high-tension wire passing above them, leading to the accident,” the SHO said.

First, Kanwar got an electric shock and fell on the bricks. When Prema and Maya rushed to help him, all three got electrocuted. Tara too sustained burn injuries after coming in contact with the water,” the officer said.

Soon after the incident, locals rushed the four to a nearby hospital where Prema, Maya, and Kanwar were declared dead, while Tara is undergoing treatment.

“Maya and Tara’s four children were downstairs during the incident and they are safe. Prema has three more daughters who also came to help her in the construction work along with their husbands a day before. But they returned on Tuesday night only,” the police said.

Win exciting prizes daily View T&C Back Q. Which Indian city has the best quality of living? Delhi Mumbai Bengaluru Please wait a moment.

The victims’ bodies were sent for an autopsy and further probe is underway, Lal said.",2025-06-04T16:04:58+05:30,Times of India,2
1feccae58a21f9ef9b16cc77b610d4fc,"Nine killed, two injured as truck overturns on van in Madhya Pradesh's Jhabua","Nine persons were killed and two others injured after a cement-laden trailer truck overturned on a van in Madhya Pradesh's Jhabua district in the wee hours of Wednesday, police said. The accident took place at around 2.30 am when the victims, belonging to the same family, were returning from a marriage function.(AI generated image)

The accident took place at around 2.30 am when the victims, belonging to the same family, were returning from a marriage function, they said.

Know the latest trending news with HT. Read detailed articles here

The truck was crossing an under-construction rail over-bridge (ROB) through a temporary road near Sanjeli railway crossing under Meghnagar tehsil area when it lost balance and overturned on a van, Jhabua Superintendent of Police Padmavilochan Shukla told PTI.

Nine persons were killed and two others injured in the accident, he said.",2025-06-04T09:29:27+05:30,Times of India,1
0e83fad61698ed9d570d78697aafe73e,UP couple returning after distributing son's wedding card dies in road crash,"A couple, who were returning on a motorcycle after distributing their son's wedding cards, died in a road accident in Uttar Pradesh's Bijnor district, police said on Monday. Their motorcycle was hit by an unidentified vehicle on the Nagina-Dhampur road(Pixabay/Representative)

The accident occurred on late Sunday when 62-year-old Khub Singh and his wife Lali Devi, 56-year-old, were returning home after distributing cards among relatives for their son's wedding to be held on June 9, a police officer said.

Know the latest trending news with HT. Read detailed articles here

Their motorcycle was hit by an unidentified vehicle on the Nagina-Dhampur road and the couple were taken to a community health centre, where doctors declared them brought dead, Nagina Station House Officer Tejpal Singh said.

The bodies were sent for post-mortem, he said.",2025-06-02T17:33:24+05:30,Times of India,1
318493ca2a3ce190ffe6a8da0e2a5a86,Man cheats death in bridge accident that looks straight out of a movie: ‘Tom Cruise’s stunt double’,"In a scene that feels straight out of a high-octane action thriller, a man’s death-defying leap from a moving motorcycle has left the internet stunned. The viral video, which surfaced on the social media platform X, captures a moment of extraordinary reflex and sheer luck, as the man narrowly escapes a potentially fatal fall during a harrowing accident on a bridge. A viral video showed a man narrowly escaping a bridge accident by leaping off a crashing bike,(X/@TheFigen_)

(Also read: Chhattisgarh man cheats death, jumps from 3-storey building, gets electrocuted then throws bricks)

Know the latest trending news with HT. Read detailed articles here

‘Tom Cruise’s stunt double’ moment

The clip begins with three men riding together on a motorcycle as they speed towards a bridge. Suddenly, a van swerves into view, causing the motorcyclist to lose control. The two-wheeler crashes into the side rail of the bridge, and within moments, it begins to tip over the edge. Just as the vehicle plunges towards what appears to be a brook or shallow river below, the man seated at the rear displays incredible presence of mind and agility—he jumps off the back, rolling safely away from the edge in a split second.

What makes the moment even more astonishing is the composure and perfect timing with which the man reacts. As the motorcycle vanishes into the water, he lands on his feet, dusts himself off, and walks away—visibly shaken, but miraculously unharmed.

Watch the clip here:

The viral video was shared by the popular X handle The Figen, with the caption: “He’s definitely Tom Cruise’s stunt double!”

Since being uploaded, the clip has garnered over 4 million views and has sparked a wave of reactions, comments, and speculative theories. While many viewers praised the man’s lightning-fast reflexes, others drew comparisons to jaw-dropping stunts from big-budget action films.

(Also read: Man miraculously escapes unscathed after getting trapped between two buses. Video)

Online reactions pour in

One user remarked, “That jump was better than anything I’ve seen in Mission Impossible.” Another said, “He probably unlocked a new level in real life.” A third added, “That man deserves a role in an action film right now.”

Others marvelled at his presence of mind under pressure. “That wasn’t luck, that was instinct,” one user stated. Someone else commented, “Physics textbook just got a new example under ‘momentum’.”

Adding to the humour, a user quipped, “That motorbike gave up, but he didn’t.” Meanwhile, another simply said, “Give this man a cape already.”",2025-06-02T06:32:54+05:30,Times of India,1
4cf584b5ef87a0046e38ae577507a241,Five drown in two separate incidents in Pune,"Four teenage boys drowned while swimming in a percolation tank in Kadachiwadi near Chakan on Saturday. The deceased have been identified as Omkar Babasaheb Hange,13, Shlok Jagdish Mankar, 11, Prasad Shankar Deshmukh, 11, and Naitik Gopal More, 12, all residents of Medankarwadi. Preliminary investigations suggest that the boys were not familiar with the water body’s depth, resulting in the fatal accident. (REPRESENTATIVE PHOTO)

Pramod Wagh, senior police inspector at Chakan police station said, “At around 11 am a group of four boys left home. Later they entered the water to swim but were unable to gauge its depth, which led to all four of them drowning.”

Know the latest trending news with HT. Read detailed articles here

When they did not return home, their parents approached the police. During the search, their clothes and footwear were found at the bank of the pond. Immediately a team of Chakan police, local trekking groups were rushed to the spot and by the evening, all dead bodies were recovered from the water.

Preliminary investigations suggest that the boys were not familiar with the water body’s depth, resulting in the fatal accident.

Police said, all the parents are workers and migrated from various parts of the state for the employment purpose. The bodies have been sent for the post-mortem procedure and an accidental death case has been filed at Chakan police station.

In another incident, a 17-year-old drowned during an outing with friends at Lonavla on Friday.

The deceased has been identified as Nilesh Shinde, a resident of Kasarwadi.

According to police, Shinde was part of a group of 13 individuals who had traveled to Lonavla for a day trip. While the group was near the dam, some of them including Nilesh entered the water and he was swept away by strong currents.

Despite immediate rescue efforts by his companions and local authorities, he could not be saved, said officials.

Kishor Dhumal, senior police inspector at Lonavla rural police station, said, “With the help of Shiv Durga rescue team, we recovered the body by late evening and sent it for post-mortem.”",2025-06-01T06:34:06+05:30,Times of India,2
12c0cdbf6479fc1ce10f1ce421931f4c,Six police personnel injured as vehicle falls into gorge,"Six police personnel were injured after their vehicle skidded off the road at Uroosa near the Line of Control in Uri. The injured personal were shifted to sub district hospital Uri for treatment were doctors declared their conditions stable, said police spokesperson. (File)

Police said that an accident took place at weak bridge Uroosa Uri when a vehicle from Uroosa police post bearing number JKo5AA 5620 skidded off road and fell in a gorge resulting injuries to six police personnel.

Know the latest trending news with HT. Read detailed articles here

“The injured personal were shifted to sub district hospital Uri for treatment were doctors declared their conditions stable,” the spokesman.",2025-05-31T08:44:13+05:30,Times of India,1
be27542b84cb1ea1dcc4d77c33416519,Chandigarh: Scooterist dies 12 days after being hit by SUV,"Police have booked the driver of an SUV that hit a scooterist near the Sector 39/40 light point, claiming her life. The victim, 22-year-old Neha, a resident of Sector 39-D, Chandigarh, succumbed to her injuries on May 22, 12 days after the accident, while undergoing treatment at Government Medical College and Hospital in Sector 32. (HT Photo)

The victim, 22-year-old Neha, a resident of Sector 39-D, succumbed to her injuries on May 22, 12 days after the accident, while undergoing treatment at Government Medical College and Hospital (GMCH) in Sector 32.

Know the latest trending news with HT. Read detailed articles here

The complaint was lodged by Neha’s sister, Sandhya, who witnessed the accident on May 10.

According to Sandhya, Neha was returning home on her Honda Activa after dropping their father at the Sector 40 Community Centre. She added that while heading for some personal work in the same sector, she saw a rashly driven white Mahindra Scorpio, coming from the Sector 56 side, hitting Neha’s scooter.

“I rushed to her aid and took her to Government Multi-Specialty Hospital (GMSH) in Sector 16,” Sandhya stated in her complaint. “The SUV driver, Amandeep Singh, a resident of Mohali, later arrived at the hospital, and Neha, in a conscious state, identified him as the person who hit her.”

But due to the severity of her injuries, Neha was referred to GMCH- 32, where she succumbed to her injuries.

Based on Sandhya’s statement, a case was registered under Sections 281 (rash driving or riding on a public way) and 106(1) (causing death by negligence) of the Bharatiya Nyaya Sanhita (BNS) at the Sector 39 police station on Sunday.",2025-05-27T10:40:05+05:30,Times of India,1
875c9cb035050173f769d3f25f80229f,Theatre ceiling falls on woman during Final Destination Bloodlines screening; Internet calls it 5D experience,"The American supernatural horror film Final Destination: Bloodlines has been giving fans plenty of reasons to jump from their seats. But during a recent screening in Argentina, fiction blurred with reality when a cinema-goer was nearly crushed by a falling ceiling. (Also Read: Final Destination Bloodlines box office day 4: Film weathers Mission Impossible 8 storm in India, mints $102M globally) Tony Todd's final appearance on screen in Final Destination: Bloodlines.

Theatre ceiling collapses during Final Destination: Bloodlines screening

According to Daily Mail, the incident occurred during a showing of the sixth instalment of the franchise at the Cinema Ocho theatre in La Plata. Fiamma Villaverde, who was celebrating her 29th birthday, had taken her 11-year-old daughter and a friend to see the film when a large piece of the ceiling collapsed on her.

Know the latest trending news with HT. Read detailed articles here

Villaverde told the publication she hadn’t originally planned to see Bloodlines, in which death stalks those who cheat fatal accidents. “It was my birthday, we were out walking and came across the theatre. Since the tickets were cheaper than the rest of the week, we said, ‘Shall we?’ We went in, bought some popcorn, and sat down.”

She recalled that the movie was nearly over when a loud noise caught her attention. “At first, we thought it was part of the movie because we were so absorbed,” she said. “But then a huge piece fell on me.” Villaverde sustained a knee injury and was taken to a nearby hospital as a precautionary measure.

News of the incident quickly made its way online, where social media users couldn’t help but make darkly humorous comments. “5D experience fr,” joked one. Another added, “She played with death... now she’s changed the pattern.” A third quipped, “Final Destination in real life.”

About Final Destination: Bloodlines

Directed by Zach Lipovsky and Adam Stein, and written by Guy Busick and Lori Evans Taylor, Final Destination: Bloodlines is the sixth entry in the chilling franchise. It follows a college student (Kaitlyn Santa Juana) who inherits her dying grandmother’s visions of a deadly accident averted in 1968, only to realise that Death is still coming for her family. The cast also includes Teo Briones, Richard Harmon, Owen Patrick Joyner, Anna Lore, Brec Bassinger, and Tony Todd.",2025-05-25T17:50:44+05:30,Times of India,3
e0613faff80fd20a9efc570e1fe7b1bf,"‘I am not dead yet’: Woman in China falls from 12th floor, calls husband for help from ground","In a shocking incident in southeastern China, a 44-year-old woman survived a fall from the 12th floor and even managed to call out to her husband for help after hitting the ground. The extraordinary story of Peng Huifang, a factory cleaner from Leping in Jiangxi province, has captured nationwide attention for her miraculous survival, reported the South China Morning Post. The incident occurred when she was assisting her husband, who runs a window business.(Representational Image/Pexel)

Also read: South Korean mother reunites with abducted daughter after 44 years, now suing government over illegal adoption

Know the latest trending news with HT. Read detailed articles here

The incident occurred on May 13 when Peng was assisting her husband, who runs a window business, in sealing a client’s balcony. Thinking she was in a safe spot indoors and away from the balcony, she skipped wearing a safety rope, a move that nearly turned fatal.

While using a crane to lift a heavy window, estimated to weigh several hundred kilograms, to the 12th floor, the glass panel reportedly got caught on a tree branch. The snag caused the window to fall, dragging the crane along with it. Peng, who was holding the crane’s remote control, was pulled out of the building.

“All I could think was, ‘I am going to die, I am leaving this world forever’,” Peng recalled.

‘Felt no pain’

Her life was saved by an awning that broke her fall and absorbed much of the impact before she landed on the ground. Though she couldn’t move, Peng said she felt no pain and managed to alert her husband.

“I am not dead yet, call 120!” she shouted.

Peng was quickly taken to the Second Affiliated Hospital of Nanchang University, where doctors performed surgery to treat multiple fractures, including injuries to her right foot, left leg, and lower back. Fortunately, her upper body remained mostly unharmed. Doctors are optimistic she could regain full mobility within six months.

Speaking from the hospital, Peng expressed remorse for not wearing a safety harness and urged others not to take workplace safety lightly. She also said she did not blame the client nor plan to seek any compensation.

“The fall was entirely due to our failure to operate the equipment correctly. It had nothing to do with the client,” she said. “In fact, we felt quite embarrassed to have inconvenienced them.”

Also read: ‘Spookiest s**t ever’: AI blackmails engineer over affair after being told it’ll be replaced

The family has already spent over 70,000 yuan (US$10,000) on medical expenses and is currently seeking help to cover the cost of further treatment.",2025-05-24T14:45:35+05:30,Times of India,2
e5ab078bd7a75ffd19e61b91a64ec9dd,Two lives snuffed out in separate road mishaps in Panchkula and Mohali,"Two persons lost their lives in separate road mishaps in Panchkula and Mohali on Wednesday. In the second case, a 59-year-old man riding a Honda Activa scooter succumbed to his injuries while undergoing treatment after being hit by a speeding Hyundai Verna car in Sector 77, Mohali. (HT Photo)

In the first case, a 31-year-old IT professional died in a hit-and-run near a park in Sector 24 in Panchkula. The victim, Amit Sheoran of Sector 27, who worked at an IT company in MDC, is survived by his wife and a four-year-old son.

Know the latest trending news with HT. Read detailed articles here

His father, Nathu Ram, a retired director of Haryana’s department of economic and statistical affairs, lodged the complaint with the police, detailing that his son, who usually came home late from work, didn’t return on Wednesday night. He added that around 2.15 am on Thursday, when his wife called Sheoran, a policeman answered, informing her about the accident. Upon reaching the scene, his parents found him lying on the road, bleeding from his nose and mouth. Eyewitnesses informed them that he was struck by an unknown silver-coloured car while riding his Royal Enfield Bullet motorcycle.

An ambulance rushed Sheoran to civil hospital, Sector 6, where doctors declared him dead. Chandimandir police have registered a case under Sections 106 (causing death by negligence) and 281 (rash driving or riding on a public way) of the Bharatiya Nyaya Sanhita (BNS) and are searching for the offender.

In the second case, a 59-year-old man riding a Honda Activa scooter succumbed to his injuries while undergoing treatment after being hit by a speeding Hyundai Verna car in Sector 77, Mohali.

The victim has been identified as Barinder Mahapatra, a resident of Mohali, who worked as a plumber.

According to investigating officer ASI Jeet Chand, the accident took place around 10 am when Mahapatra was heading to work on his scooter. As he was passing Sector 77 and heading towards Sohana, the speeding car struck him from behind, leaving him critically injured.

After the accident, the accused car driver rushed Mahapatra to Sohana Hospital and also deposited ₹25,000 for his treatment. However, Mahapatra succumbed to his injuries in the afternoon. After a postmortem examination, the body was handed over to his family.

ASI Chand confirmed that a case has been registered against the accused car driver, who is currently absconding. His vehicle has been seized by the police.",2025-05-23T09:40:04+05:30,Times of India,1
ce6c0829cbde23886d3e483083781082,Driver killed as taxi falls into Mandi gorge,"A 20-year-old taxi driver was killed after his vehicle fell into a 200-metre gorge near Sarachi in Seraj area of Himachal’s Mandi district on Tuesday, police said. Mangled remains of the car after the accident in Mandi on Tuesday. (Birbal Sharma/HT)

The deceased was identified as Bhupendra Kumar, a resident of Dhar Jarol village in Janjheli, Thunag tehsil in Mandi. According to reports, the incident occurred around 1 am when Singh was returning home after dropping off passengers in Pandoh.

Know the latest trending news with HT. Read detailed articles here

According to the information available, Bhupendra had gone to Pandoh on Monday to drop off a passenger. While returning via Kalhani, he lost control over the vehicle, which led to the mishap.

After hearing the crash sound, locals rushed to the site. However, by the time they reached the vehicle and pulled the victim out, he was dead.

Police later sent the body for a postmortem, after which it was handed over to the family. A probe was launched to determine the exact cause of the accident, police said.",2025-05-21T09:10:09+05:30,Times of India,1
4c233a522539ec38657650b4c96664c3,ASI killed in high-speed car collision in Panchkula,"A speeding car snuffed out the life of an assistant sub-inspector of the Haryana Police after ramming into his four-wheeler on the dividing road of Sectors 26 and 27 on Sunday night. Victim’s car flipped multiple times before hitting roadside berm near Sector 26 in Panchkula. The driver of other car fled the scene. (HT)

The victim, identified as Anil Kumar, 44, was posted at the police lines in Panchkula and resided with his family, originally hailing from Sirsa, in Sector 27.

Know the latest trending news with HT. Read detailed articles here

According to the FIR, lodged on the complaint of his son, Aneesh, he was walking near a local hospital after having dinner in Sector 27.

Around 10.10 pm, he saw a car being driven at high speed and negligently from NH-7 towards the Sector 26/27 dividing road. This speeding vehicle collided with another car that was crossing from the Sector 26 cut to enter Sector 27.

The impact of the collision caused the second car (driven by the ASI) to lose control and flip multiple times, before hitting the roadside berm.

As people began to gather, the other vehicle, bearing a Chandigarh registration number, fled the scene.

Aneesh, upon closer inspection of the overturned car, recognised it as his father’s vehicle. ASI Kumar was freed from the mangled vehicle and rushed to a private hospital in Sector 26. But he succumbed to his injuries on Monday morning during treatment.

The Chandimandir police identified the absconding car driver as Ashok Kumar from Karnal. He was booked under Sections 106 (causing death by negligence), 281 (rash or negligent driving on a public way) and 324 (4) (acts of mischief that cause wrongful loss or damage to individuals or the public) of the Bhartiya Nyaya Sanhita (BNS).

Police faced difficulties in removing the damaged vehicles from the accident site due to their sensor-based systems becoming jammed.

HRTC driver crossing road outside ISBT-43 hit by bus, dies

In another tragic accident, a Himachal Road Transport Corporation driver was killed after being run over by a speeding bus outside the Sector 43 bus stand late Sunday night.

The deceased was identified as 50-year-old Vailiram, a native of Mandi, Himachal Pradesh.

According to police, the accident occurred between 1.30 am and 2 am, when the victim had parked his HRTC Sundarnagar depot bus—running on the Delhi-Mandi route—inside the Sector-43 ISBT. He was walking towards the petrol pump across the road to get distilled water for the bus battery, when he was hit by a fast-moving bus on the main road.

The impact knocked him to the ground, after which the bus allegedly ran over him without stopping. The bus driver fled the scene. Passers-by transported Vailiram to Government Multi-Specialty Hospital in Sector 16, where doctors declared him brought dead.

A case was registered against the unidentified bus driver at the Sector-36 police station. CCTV footage from the area is being reviewed to identify the vehicle and the accused driver.

Man killed in bike-scooter crash in Dera Bassi

A motorcyclist was killed in a head-on collision with a scooter on Mubarakpur Road in Dera Bassi on Sunday late evening. The identity of the deceased has not yet been established, and the body has been placed in the mortuary of the civil hospital in Dera Bassi.

According to police, the motorcyclist was travelling from Dera Bassi towards Mubarakpur on Sunday evening. As he approached the area near DAV School, he collided with a Honda Activa scooter coming from the opposite direction. Such was the impact of the collision that the rider was thrown off the motorcycle, and his head struck the road with force. He was rushed to the civil hospital in critical condition, where doctors declared him brought dead.

Two individuals were reportedly riding the scooter, both of whom fled the scene after the accident.

Dera Bassi SHO inspector Sumit Mor stated that further action will be taken once the identity of the deceased was confirmed.",2025-05-20T09:48:04+05:30,Times of India,1
c181bac97c9f69453b3ae39c952e711e,Five dead as car plunges into dry riverbed near Khed,"Mumbai: Five persons were killed and two others were injured when their speeding car plunged into a dry riverbed in Ratnagiri district in the early hours on Monday. The group was on its way to Devrukh in Ratnagiri to attend a funeral. Local residents and the police rescued the passengers from the mangled vehicle (Screengrab from video)

According to the police, the group of seven passengers from two families left for Ratnagiri from the Indraprasth building in Poonam Sagar complex in Mira Road around 11.30pm on Sunday. They were travelling in a seven-seater car via the Mumbai-Goa highway. Between 5am and 5.30am on Monday, while the car was crossing the Jugbudi river bridge near Khed, it went out of control and crashed into the side wall before plunging into the gap between two carriageways of the bridge.

Know the latest trending news with HT. Read detailed articles here

Local residents and the police rescued the passengers from the mangled vehicle and rushed them to the hospital where five persons were declared dead on arrival. They were identified as Megha Paradkar, 42, Saurav Paradkar, 22, Mitali More, 45, Nihar More, 19 and Shreyas Sawant, 25.

Parmesh Paradkar, 51, who was driving the car, sustained severe injuries and is under treatment while Vivek Shriram More, 47, suffered minor injuries. The latter told the police that they were travelling to Devrukh to attend the last rites of his father-in-law.

“We have registered a case of accidental death (ADR) and are investigating the matter,” said an officer from the Khed police station.

Win exciting prizes daily View T&C Back Q. Which Indian city has the best quality of living? Delhi Mumbai Bengaluru Please wait a moment.

Ranvir Bajpai, a neighbour of the deceased and a Bhartiya Janta Party (BJP) leader, said the entire housing complex in Mira Road was saddened by the sudden deaths. Parmesh Paradkar, who was driving the car, was a resident of Nalasopara and a family friend of the Mores who reside in the Indraprasth building, he said.

“On Sunday night, Parmesh Paradkar, his wife Megha and relative Saurav had picked up the Mores from their residence and set out for Ratnagiri,” said Bajpai. “After we heard the news of their accident, we informed the relatives of the Mores in Ratnagiri. They visited the spot and arranged to bring the bodies of the deceased to Mira Road.”

The last rites of the five deceased would be performed in Mira Road on Monday night, he said.

Meanwhile, in videos of the accident circulating on social media, local engaged in rescue efforts are heard saying that at least 14 accidents had occurred at the same spot on the bridge in the past one year due to a flaw in design. When speeding vehicles pass the spot, they tend to bounce due to which drivers lose balance and plunge into the gap between two carriageways which is not visible from a distance, the locals are heard saying.

“After seeing the videos, we have sent letters to the concerned authorities to rectify the blackspot and avoid more loss of lives,” said Bajpai.

Vaibhav Khedekar, a Maharashtra Navnirman Sena (MNS) leader from Khed, told HT that he had participated in a protest against frequent accidents at the spot in 2019.

“When some civic officials visited the protest site, we explained to them what the problem was in detail. But since they were unwilling to acknowledge it, we tied up one the officials,” said Khedekar. He was imprisoned for a month and a half later for tying up the civic official and released after he moved the high court, he said.

Dhananjay Kulkarni, Superintendent of Police in Ratnagiri, said the entire stretch of road near the accident spot was accident prone.

“We installed blinkers and radium lights along the route today. We also barricaded the sides of the bridge with concrete blocks which will serve as early warning for speeding drivers speeding,” he said.",2025-05-20T06:16:14+05:30,Times of India,1
c4f11b20caad4c94b0b35484e4b8da02,Three killed after bike collides with parked truck in Kaushambi,"Three persons, including a father-son duo, were killed in an accident after their bike collided with a truck parked on the side of the highway near Ajuha Kaini area under Saini Kotwali police station of Kaushambi district on Sunday morning. (Pic for representation only)

Police have sent the bodies for postmortem examination. The victims were going from Prayagraj to Kanpur Dehat on the bike when the accident took place.

Know the latest trending news with HT. Read detailed articles here

As per reports, Lavkush (19), resident of Randhirpur village under Mangalpur police station area of Kanpur Dehat, used to work as a cloth hawker in Prayagraj with his father Mohabbat Singh.

Lavkush’s elder brother Ankush and sister Kalpana Singh also lived in Prayagraj and worked together. There was a wedding in Lavkush’s relatives’ house in Kanpur Dehat on Sunday. To attend the wedding, Lavkush left for Kanpur Dehat from Prayagraj on a bike with his father and Pintu, younger brother of his brother-in-law, while Lavkush’s elder brother Ankush and sister Kalpana Singh were on another bike.

As soon as Lavkush reached near Ajuha (Kaini) under Saini Kotwali area on his bike, it suddenly went out of control and collided from behind with a truck parked in front of a dhaba.

Lavkush, his father Mohabbat Singh and Pintu, on the bike suffered serious injuries in the accident. When the brother and sister approaching from behind saw the accident, they were shocked. On receiving information, Ajuha police outpost incharge Tej Singh reached the spot of accident and admitted the injured to CHC Ismailpur and Sirathu. All three died during treatment.",2025-05-19T08:26:16+05:30,Times of India,1
8e997270ee1356f8bfd87a1849bdf939,Speeding truck mows down people assisting accident victims in Rajasthan,"Four people assisting victims of a road accident were killed and eight others injured when a speeding truck hit them in Dungarpur district of Rajasthan, police said on Sunday. The injured were rushed to a hospital at Sagwara in Dungarpur, where four people were declared dead.(Representative Image)

The incident occurred under Sabla police station limits at around 11.30 pm on Saturday, they said.

Know the latest trending news with HT. Read detailed articles here

According to Sabla Station House Officer (SHO) Raghuveer Singh, a jeep carrying a family returning from a wedding veered off the road near the Pindawal Hilawadi bus stand on Saturday night, leaving some of the passengers with minor injuries.

Locals gathered at the accident site. While they were shifting the injured into an ambulance, a speeding truck first rammed into an electricity pole before hitting some of the people.

""During the rescue efforts, a speeding truck lost control and hit the people standing nearby. The impact of the accident was severe. Three motorcycles were trapped beneath the truck,"" SHO Singh said.

The injured were rushed to a hospital at Sagwara in Dungarpur, where four people were declared dead.

The deceased have been identified as Luvji Patidar, Dayalal Patidar, Savita Patidar and Bhavesh Patidar. They were returning from a wedding ceremony and had stopped to help the jeep accident victims, the SHO said.",2025-05-18T15:08:54+05:30,Times of India,1
4e223c5014d31a2168b4e054771f71bc,"Caught on cam: Man runs SUV over security guard in Delhi, arrested","The Delhi Police has arrested a 24-year-old man for allegedly attempting to murder a security guard by crushing him with his SUV near Mahipalpur flyover in southwest Delhi. The police said that the accused has been identified as Vijay, also known as Lale. (PTI)

According to PTI news agency, the incident took place on Sunday evening when the victim, Rajiv Kumar, was ""intentionally"" hit by the vehicle.

Know the latest trending news with HT. Read detailed articles here

The police said that the accused has been identified as Vijay, also known as Lale. He is a resident of Rangpuri, and the Mahindra Thar SUV allegedly used in the crime has been seized, police said.

A CCTV footage showing the SUV hitting the victim has gone viral on social media. According to the security guard, he was run over after he had asked the driver not to honk, reported ANI news agency.

Deputy Commissioner of Police (Southwest) Surendra Choudhary said in a statement that the guard sustained multiple crush injuries and fractures to his legs and ankles.

Also Read | Ludhiana: Thar crushes 33-yr-old to death, driver absconding

Accordingly, a case u/s 281/109(1) BNS was registered at Vasant Kunj South police station on the basis of a complaint filed by the security guard and an investigation was conducted.

How the accused was identified

The police said that to identify the vehicle and driver involved in the case, officials searched CCTV footage extensively in the vicinity of the crime scene.

The team's painstaking efforts to solve a hit-and-run case yielded the desired result and the case was solved within six hours of the incident, according to ANI.

Also Read | Man held for dancing on roof of car on Noida elevated road

The offending vehicle was identified as a black Mahindra Thar through the CCTV footage and the owner of the vehicle was traced and served with a notice.

Subsequently, Vijay, a resident of Near Tata Telco, Rangpuri was arrested and the vehicle, the Mahindra Thar, was seized.",2025-05-05T15:59:48+05:30,Times of India,1
9b4823ea23a9a042f6f1036fad1bdee3,UP: Road death victim found killed for ₹50 lakh insurance in Sambhal; 4 nabbed,"What initially appeared to be a simple road accident turned out to be a cold-blooded murder, as police here uncovered a plot to kill a Dalit man with disability for a ₹51 lakh life insurance claim. On August 1, 2024, an FIR was registered at Chandausi Police Station, stating that Dariyab was killed in a hit-and-run near Sainik Chauraha. (File)

A sibling pair, a convicted criminal, and an insurance agent, behind the conspiracy, are now behind bars, police said.

Know the latest trending news with HT. Read detailed articles here

Addressing a press conference on Friday, Sambhal Superintendent of Police (SP) Krishna Kumar Bishnoi revealed, ""This was not a road accident. The victim, Dariyab Jatav, a differently-abled man, was deliberately murdered to claim his life insurance. The killers first hit him on the head with a hammer and then ran him over with a vehicle to stage an accident.""

On August 1, 2024, an FIR was registered at Chandausi Police Station, stating that Dariyab was killed in a hit-and-run near Sainik Chauraha. His brother Rajendra, a native of Dhilwari village in Budaun district, filed the complaint. With no leads, police closed the case as an accident and filed a final report in December.

Nine months later, a claim for ₹50.68 lakh in insurance money was made.

The insurance firm flagged it to the police, prompting a reinvestigation by Additional Superintendent of Police Anukriti Sharma and her team, which found several inconsistencies.

""The deceased was physically challenged and couldn't walk 27 km from his home, yet the claim stated he died in an accident far from his residence, around 10 pm. This raised serious doubts,"" Sharma said.

Eventually, a full confession was extracted from the suspects during interrogation.

As it happened, the murder was orchestrated by brothers Hariom and Vinod, who were in urgent need of money. They were advised by Pankaj Raghav, an Axis Bank insurance agent with Max Life, to insure a terminally ill or physically challenged person.

Over a year, they took out multiple life insurance policies in Dariyab's name.

When the policies matured, the conspirators paid ₹50,000 to one Pratap, an ex-convict, to help them carry out the murder.

""On the night of the incident, Vinod struck the victim with a hammer. Pratap then ran him over with a car to stage an accident,"" the SP said.

Even before the scam could be fully executed, the accused had already managed to receive ₹15.68 lakh in insurance payouts. The remaining amount was put on hold when the fraud was sensed.

Hariom, Vinod, Pratap, and insurance agent Pankaj Raghav have been arrested and sent to jail.

Vishnoi announced a ₹25,000 reward for the team that cracked the case.

""This case is a stark reminder of how greed can lead to heinous crimes. We will ensure strict punishment under the law,"" the officer said.",2025-05-03T15:50:46+05:30,Times of India,1
415118f61db3bab6ba98971d5f976e5f,John Elway was drunk before golf cart accident? New party photos spark fresh concerns,"NFL legend John Elway was spotted partying alongside several celebrities hours before the golf cart accident that killed his good friend and agent, Jeff Sperbeck. In one picture published by TMZ, the former Denver Broncos quarterback could be seen drinking from a styrofoam cup, causing social media users to believe that the 64-year-old might have been drunk. John Elway was spotted partying hours before the golf cart accident last week(Instagram/John Elway)

The Riverside County Fire Department said they are investigating the incident. Elway was driving the golf cart with Sperback sitting with him. TMZ Sports on Friday revealed that MTV reality star Johnny Bananas was also with the two when the cart crashed. 'The Challenge' competitor tried to keep the agent alive after he fell off the vehicle, the report added.

Read More: Jeff Sperbeck, John Elway’s longtime agent, dies after tragic golf cart accident

Earlier in the day, the publisher posted pictures of a party Elway was in before the accident. TMZ Sports noted that the photos were from last Saturday inside The Madison Club, which is a golf community in La Quinta, California.

The Hall of Famer was wearing a red and gray checkered shirt and had a white ball cap on. Sources told TMZ that Elway was at the bar around 4:30 PM, hours before the accident. However, we cannot confirm if he was drinking.

According to the report, Cindy Crawford and Ashton Kutcher were at the party too.

Reacting to the report, one social media users said: ""John Elway dun got drunk and accidentally killed his homie .. they gonna sweep that s**t under the rug tho"".""

“John Elway killed his best friend drunk driving on golf cart. Will the cops file charges? If it was me or you they would,” another one added.

Elway was at the scene of the crash, witness Ali Simon told KESQ-TV of Palm Springs. After his agent Jeff Sperbeck's death, the NFL great said he is ‘heartbroken’.

“I am absolutely devastated and heartbroken by the passing of my close friend, business partner and agent Jeff Sperbeck,” Elway said in a statement Wednesday. “There are no words to truly express the profound sadness I feel with the sudden loss of someone who has meant so much to me. My heart and deepest sympathies go out to Jeff’s wife, Cori; his children Carly, Sam and Jackson; and everyone who knew and loved him. Jeff will be deeply missed for the loyalty, wisdom, friendship and love he brought into my life and the lives of so many others.”",2025-05-03T00:38:28+05:30,Times of India,1
38288224b87ebdb02119d324358d9ed1,"Jeff Sperbeck, John Elway’s longtime agent, dies after tragic golf cart accident","Jeff Sperbeck, longtime agent and friend of NFL legend John Elway, has died after a tragic golf-cart accident that left him on life support, TMZ reported on Wednesday, citing officials. The former quarterback's agent fell off the back of the cart, which was being driven by Elway. He was 62 years old. Jeff Sperbeck (R), agent of NFL legend John Elway, has died(Facebook)

The Riverside County coroner confirmed Sperbeck's death in a press release. The sports agent was injured after a fall from the golf cart in La Quinta on Saturday. According to TMZ, Elway was driving the cart. The 62-year-old was on the passenger seat, ESPN reported, citing sources, and hit his head. He had been on life support.

Know the latest trending news with HT. Read detailed articles here

TMZ further added that there was ‘no indication that Elway was driving negligently’. The Hall of Famer reportedly called 911 himself. Sperbeck was found unconscious, but breathing.

Who was Jeff Sperbeck?

Jeff Sperbeck was an NFL agent and business advisor who represented over 100 NFL players during his 30-year career. He was best known for his long-standing professional and personal relationship with NFL Hall of Fame quarterback John Elway, whom he began managing in 1990. Sperbeck served as Elway’s sports agent, business manager, and business partner, playing a key role in Elway’s career and post-retirement ventures. Together, they co-founded 7Cellars, a California winery, in 2013, with Sperbeck acting as president and CEO. He also founded The NOVO Agency Inc. in 2009, representing high-profile clients like Ronnie Lott, Jim Plunkett, Joey Porter, and Trent Dilfer.

“VERY SAD NEWS: #NFL legend John Elway’s best friend and agent Jeff Sperbeck passed away today. Sad. Thoughts and prayers to John and the Sperbeck family,” one person paid tribute on X, platform formerly known as Twitter.

“Rough stuff, knowing you killed your best friend, even if it was an accident,” another one added.",2025-04-30T23:57:30+05:30,Times of India,1
f8ba2448d432d7e98893dd14d11bab24,Accident near University of Delaware shuts down East Main Street in Newark,"An accident near University of Delaware in Newark shut down the busy East Main Street, starting at the South Chapel Street intersection, on Tuesday. In response, drivers have been asked to avoid the area and seek alternate routes. An accident near University of Delaware in Newark shut down the busy East Main Street.(UnSplash)

“The City of Newark is advising motorists of a road closure in the area of East Main Street starting at South Chapel Street. Motorists are encouraged to avoid the area and seek alternate routes,” Newark Delaware Police Department said in a statement.

Know the latest trending news with HT. Read detailed articles here

The incident took place around 4:30 p.m. According to CBS News, multiple people were struck by a car near the University of Delaware's campus. The collision site was near several downtown businesses, including a Chipotle and a Five Guys.

This is a breaking news story and will be updated with more information",2025-04-30T03:14:46+05:30,Times of India,1
45c1d3d876a3247dc0a368323e42b263,Kai-Ji Adam Lo: Vancouver car-ramming suspect called police a day prior; details revealed,"Kai-Ji Adam Lo, the 30-year-old Vancouver man who plowed into a crowd at the Lapu Lapu festival on Saturday, contacted the police a day before the car-ramming. At least 11 people were killed and several others were injured in the incident. Officials revealed that Lo had multiple previous interactions with police and mental health professionals. Kai-Ji Adam Lo contacted police a day before the Lapu Lapu car-ramming(Reuters)

On Monday, Sgt. Steve Addison revealed that Kai-Ji Adam Lo contacted police in a neighbouring jurisdiction on Friday. However, the call was not related to a crime.

Know the latest trending news with HT. Read detailed articles here

Read More: Lapu Lapu festival suspect Kai-Ji Adam Lo ‘rammed on gas, rushed through crowd': Eyewitnesses

“I can confirm that Kai-Ji Lo did have contact with the police in a neighbouring jurisdiction on April 25, the day before the vehicle attack. That contact was not criminal in nature, and it did not rise to the level where mental health intervention was required,” Addison said.

“Beyond that, I’m not prepared to disclose additional information at this time,” he added. No other specifics were revealed.

More charges expected

Lo is facing eight counts of second-degree murder. Addison said that the Vancouver Police Department anticipates more charges in the coming days.

“For those of you who are not from Vancouver, not from British Columbia, not from Canada — the way our system works here, is the police do not lay criminal charges. We collect evidence. We present reports to Crown Counsel, which is independent of the police. Crown Counsel then does an independent assessment of the evidence and formally lays charges. We do anticipate that additional charges will be laid as this investigation continues,” Addison said.

Read More: Vancouver car ramming attack: A look at charges filed against suspect Kai-Ji Adam Lo

9 women, 2 men dead

The officials said that nine of the victims are women, and two are men. A five-year-old girl was also killed at the Lapu Lapu festival.

“We will, in time, release the names of all the homicide victims. We are going to take a victim-centred, trauma-informed approach as we proceed through this investigation,” he said.

“There are a number of victims, survivors who are still in hospital. Seven people remain in critical condition. Three people are in serious condition. There are other victims who were injured, who received medical attention, and may have been discharged from hospital.""",2025-04-29T05:24:50+05:30,Times of India,1
9cd6b52b0540eda6807215a509509a5c,Jagmeet Singh ‘horrified’ after Lapu Lapu car-ramming incident days before Canada election,"National Democratic Party candidate Jagmeet Singh, who greeted Lapu Lapu festival-goers on Saturday, said that he was ‘horrified’ to learn about the car-ramming incident at the Vancouver event. The accident took place two days before Canada goes to the polls. Jagmeet Singh was at the Lapu Lapu festival hours before the car-ramming incident on Saturday(AP)

Several people were killed after a driver plowed into a crowd at the street festival. ""A number of people have been killed and multiple others are injured,"" Vancouver Police posted on X, platform formerly known as Twitter. ""The driver is in custody.""

Know the latest trending news with HT. Read detailed articles here

“A number of people have been killed and multiple others are injured after a driver drove into a crowd at a street festival at E. 41st Avenue and Fraser shortly after 8 p.m. tonight,” the Vancouver Police Department said in a statement.

Read More: Vancouver Lapu Lapu Festival: Videos show chaos after driver plows SUV into crowd

Jagmeet Singh was at the event only hours ago.

“I am horrified to learn of an incident at Vancouver’s Lapu Lapu Day celebrations that injured and killed innocent people. As we wait to learn more, our thoughts are with the victims and their families – and Vancouver’s Filipino community, who were coming together today to celebrate resilience,” he said.

His NDP colleague and MP Don Davies tweeted about the ‘horrendous attack’, adding that he is ‘praying for all the victims and their families’.

Posts on X showed multiple cars, fire trucks and ambulances at the scene. ""So many police cars, fire trucks, and ambulances came through. scary stuff,"" one person tweeted.

The Lapu Lapu festival is one of the biggest celebrations of Filipinos in Canada.

“Lapu Lapu is our first Indigenous hero in the Philippines who won the Battle of Mactan against [Portuguese explorer Ferdinand] Magellan, pushing Spanish colonization,” event director Joe Tuliao said, according to City News Everywhere.

“So we take this day very seriously to celebrate our culture, but most importantly, our resilience and perseverance.”

No information on the suspect has been released yet.",2025-04-27T10:45:55+05:30,Times of India,1
edc48aecfb6a8301e001a0dc023bbb7b,"Private bus hits flyover pillar in Maharashtra's Bhiwandi, 1 killed","A private bus carrying picnic goers crashed into a divider at the Mumbai-Nashik highway in Bhiwandi, Maharashtra, on Friday, resulting in the death of a young girl and leaving 10 others injured. As per the medical officer, the accident occurred due to the brake failure.(Getty Images/iStockphoto)

Speaking to ANI, Medical Officer of IGM Hospital, Dr Mohammad Izhar Ansari said, ""A bus met with an accident due to brake failure... So far, 10 people have come to the hospital, out of which a girl has died, and the rest are undergoing treatment...""

Know the latest trending news with HT. Read detailed articles here

As per the medical officer, the accident occurred due to the brake failure.

One of the injured said, ""We were facing some issues at home, so we decided to go by bus. The bus we were on seemed empty, and the driver didn't mention that it was in bad condition. I had no idea that the driver was drunk; if I had known, I would never have boarded the bus. The driver took the wrong route and hit the flyover pillar. The crash caused serious injuries to my wife and daughter. The entire bus was damaged in the crash.""

Also Read: Greater Noida: 4 kids hurt as school bus hits tree in bid to avoid head-on crash

Bhiwandi East MLA Rais Shaikh also met with the injured in the hospital.

Bhiwandi East MLA Rais Shaikh said, ""There were several people on the bus when the accident occurred. I can't provide many details at the moment, but I can confirm that we have multiple patients with fractures, including one girl with a spinal injury, who is being referred to the civil hospital. I spoke to the civil surgeon, and while it is tragic that a young girl has lost her life. The rest of the injuries are not life-threatening. The injured are conscious and alert, and we are doing everything we can to assist them. One patient is being sent for further treatment, but none of the injuries are critical at this stage. The girl with the spinal fracture will recover as well. This is a tragic accident, and the loss of life is deeply saddening. The medical team here at IGM is closely monitoring the situation, and additional doctors have been mobilised to assist. We will continue to provide the necessary care for all those affected.""

Further information on the incident are still awaited.",2025-04-26T13:55:33+05:30,Times of India,1
210a0f3ad1d99953d7a5b95bb9cc21f0,"Pickup van mows down 6 sanitation workers on Delhi-Mumbai Expressway, 5 injured","Nuh: Six sanitation workers were killed and five others critically injured on Saturday morning after a speeding pickup van ploughed into them while they were cleaning the Delhi-Mumbai Expressway near Ibrahim Bas village in Firozpur Jhirka, police said. The driver of the pickup van fled leaving the vehicle at the spot on the Delhi-Mumbai Expressway near Ibrahim Bas village in Firozpur Jhirka, police said.

The incident took place around 10 am when the workers were engaged in routine maintenance work along the high-speed corridor. The driver of the pickup van fled leaving the vehicle at the spot.

Know the latest trending news with HT. Read detailed articles here

The impact of the collision was so severe that the bodies of the deceased were mutilated, with body parts scattered across the accident site, spokesperson of Nuh Police Krishan Kumar said. “Our teams have collected the body parts and are currently identifying which part belongs to which victim,” Kumar added.

The injured were taken to Mandi Khera hospital where they are undergoing treatment. “Preliminary investigation suggests that five of the deceased were residents of Kheri Kalan village, while one was from Jhimrawat village,” a senior police officer said, adding that identification process is still on.

The cause of the accident is being investigated. “The circumstances leading to the accident will be thoroughly ascertained with the help of CCTV footage and other available evidence. The injured workers are currently undergoing treatment at the hospital, and investigations are being conducted from all possible angles,” said station house officer (SHO) of Ferozepur Jhirka police station Aman Singh said.

Also Read: Man dead, 9 injured in crash on Delhi-Jaipur expressway

The police is investigating and said a case will be registered once the formal identification and preliminary inquiry is complete.

The pickup van, reportedly travelling from Delhi towards Alwar at high speed, lost control before ramming into the workers.

The accident highlights the urgent need for stricter enforcement of speed regulations and improved safety measures for workers deployed on high-speed expressways.

Police teams are deployed at the site to manage the situation and assist with the recovery operations.",2025-04-26T11:31:46+05:30,Times of India,1
17b0349c0b0aa3a107f7f1c1d9c8aef8,27-year-old man dies after his car gets crushed between two trucks on Mumbra bypass road,"Mumbai: A 27-year-old man died in an accident on the Mumbra Bypass Road in the early hours of Tuesday when a truck driver lost control and rammed into his car, crushing it into a container truck ahead. A case has been registered against the unidentified truck driver, who is absconding, under section 106 (causing death by negligence) of Bharatiya Nyaya Sanhita. The deceased was identified as Vishnu Pal, a resident of Mahape in Navi Mumbai. Thane, India - April 22, 2025:An accident has occurred on Thane Mumbra Bypass Road early morning at Mumbra after a car collided with Two containers. The 27-year-old car driver, a resident of Navi Mumbai, died on the spot and the car was completely destroyed. Further investigation is being carried out by the local police ,in Thane,in Mumbai, India, on, Tuesday, April -22, 2025. ( Praful Gangurde /HT Photo )

“It was a high-impact collision where the smaller vehicle got completely crushed between two heavy trucks. Despite swift rescue efforts, the driver could not be saved,” said a Regional Disaster Management Cell (RDMC) officer present at the scene.

Know the latest trending news with HT. Read detailed articles here

According to the disaster management cell and information provided by the Mumbra fire brigade, the incident occurred around 4:03 am on Tuesday. The officials also shared that the deceased was alone while he was trapped in the crushed car between the two heavy vehicles.

After the crash, the accused fled the scene, while the driver of the container truck immediately called the police helpline and the disaster management team. Emergency services, including city traffic police, a Hydra crane, a private ambulance, and personnel from the fire brigade with an emergency tender, were rushed to the scene. Pal was rescued and transported to Chhatrapati Shivaji Maharaj Hospital in Kalwa, where he was declared dead on arrival. The body has been sent for post-mortem.

Clearing the wreckage took nearly two hours, after which normal traffic flow was restored on the Mumbra Bypass Road.",2025-04-23T07:44:06+05:30,Times of India,1
01bec35138f5c134915a738a91e78157,"8 dead, 6 injured as SUV plunges off bridge in Madhya Pradesh","Eight persons were killed, and six others sustained injuries after an SUV fell off a bridge onto a dry river bed in Madhya Pradesh's Damoh district on Tuesday, police said. In the Damoh district of Madhya Pradesh, an SUV crashed from a bridge onto a dry riverbed, killing eight people and injuring six more. (PTI/representative )

The accident occurred near Simri village under the Nohata police station area around 11 am, an official said.

Know the latest trending news with HT. Read detailed articles here

Superintendent of Police (SP) Shrut Kirti Somwanshi said the SUV driver lost control over the wheels, and the vehicle fell off the bridge onto the dry riverbed of the Sunar River.

Also read: Groom-to-be among two killed in bike crash in Madhya Pradesh's Ratlam district

He said eight of the occupants died, and six others sustained injuries.

The official said the victims were part of a group of residents from Jabalpur district who were travelling in two SUVs from Ghat Pipariya village in Damoh, and one of the vehicles met with an accident.

He said the injured persons were sent to the district hospital for treatment.",2025-04-22T17:07:52+05:30,Times of India,1
d547591f25d988f94e8a2cd91324a7ac,"Punjab: 3-year-old mowed down by speeding SUV in Jalandhar, accused arrested","A 25-year-old accused Himanshu has been arrested for mowing down a three-year-old boy near Jalandhar’s Kishanpura chowk on Monday, police said. The video of the incident went viral on social media. As per the FIR, the SUV driver crushed a stray dog before running over the victim in Jalandhar. (Representational image)

The deceased has been identified as Tripur, who was playing outside his residence when the incident happened. The accused fled from the spot.

Know the latest trending news with HT. Read detailed articles here

Rama Mandi police station’s SHO Manjinder Singh said: “The accused, identified as Himanshu (25), has been arrested and the Mahindra XUV has been confiscated. The vehicle was registered in his mother’s name.”

“Police have registered the case under Sections 106 (causing death by negligence), 281 (rash driving) and 125-A (endangering life or personal safety of others) of the Bharatiya Nyaya Sanhita at Rama Mandi police station,” the SHO added.

The video of the incident went viral on social media. As per the FIR, the SUV driver first crushed a stray dog before running over the victim.

The accused driver managed to flee from the spot after committing the crime.

Harish, the victim’s uncle, said the family was getting ready to take the boy to a temple for a ‘mundan’ (tonsuring of hair) ceremony when the mishap occurred.

Tripur was the only child of Barinder Lucky, who runs a dhaba in Jalandhar. In his complaint, Barinder said the locals chased the vehicle, but the driver sped away from the incident site. The body was sent to the civil hospital for post-mortem.",2025-04-22T09:40:01+05:30,Times of India,1
9ae33e5721ee9b528a624782b601d130,"3 killed, 12 hurt as truck hits multiple vehicles on highway in Pune","Three persons were killed and 12 others injured after a truck crashed into five vehicles on the old Pune-Mumbai highway near Lonavla hill station here in Maharashtra, police said on Monday. The truck apparently suffered a brake failure while descending a slope.(Representational)

The incident took place at 10.20 pm on Sunday at Battery Hill near Bor Ghat.

Know the latest trending news with HT. Read detailed articles here

The truck apparently suffered a brake failure while descending a slope. It then ran amok and hit five vehicles, a police official said.

""A 10-year-old girl and her father, who were travelling in a car, and another person died in the accident,"" Lonavla police station's senior inspector Suhas Jagtap said.

Twelve other persons were injured and rushed to a nearby hospital where they were currently undergoing treatment, he added.",2025-04-21T11:51:23+05:30,Times of India,1
adf10ba6db1e687b28bb1ecf0080d7c1,Family of four killed after their car rams into stationery truck in UP's Fatehpur,"Kanpur , Four persons, including an elderly couple, were killed and two others were seriously injured when their speedy car rammed into a stationary truck on Saturday in Uttar Pradesh's Fatehpur district, police said. Family of four killed after their car rams into stationery truck in UP's Fatehpur

The accident took place on National Highway-2 near Sujanipur crossing in Khaga, Fatehpur, when the elderly couple, along with their family members, was on its way to Prayagraj to immerse the ashes of their son in Ganga River, police said.

Know the latest trending news with HT. Read detailed articles here

Upon receiving information about the accident, police reached the spot, broke the car's windows to pull out its occupants and found three of them dead, Superintendent of Police of Fatehpur Dhawal Jaiswal said.

Three injured persons, including a young woman and a child, were taken to Community Health Hospital Hardoi where one of them was declared dead, SP added.

The deceased persons have been identified as Ram Kumar Bhargawa , a retired railway official, his wife Kamlesh Bhargawa , their son-in-law Prag Chaubey and Shubham Yadav , a driver, all residents of Jhansi district.

The survivors, including Charu Bhargawa , a software engineer, and her son Kashvik were shifted to the district hospital in Fatehpur, where their condition is said to be critical.

Jaiswal told PTI that Ram Kumar's younger son, Aditya Bhargawa, an engineer, had drowned while taking a holy dip in the river during his Omkareshwar Temple visit in Madhya Pradesh about a week ago.

Aditya's body was fished out on Wednesday, and his funeral was performed on Thursday, SP added.

The bereaved family were taking his ashes for immersion in the Ganga River in Prayagraj when their car met with an accident.

The SP said that a case has been registered in this connection, and the matter is being investigated.

A massive search has been launched for the elusive truck driver who fled from the spot along with the vehicle after the accident, the SP added.

This article was generated from an automated news agency feed without modifications to text.",2025-04-19T18:14:36+05:30,Times of India,1
139f7d426c52802e173284bd8a928d8b,Four dead in ‘unimaginable’ cable car crash near Italy's Naples,"Four people died and one suffered life-threatening injuries after a cable car crashed to the ground near Naples in southern Italy on Thursday, mountain rescue services and firefighters said. A cable broke on the link taking tourists from the town of Castellammare di Stabia, on the Gulf of Naples, to Mount Faito, about three kilometers (1.8 miles) away, reports said.(AFP/Corpo Nazionale Soccorso Alpino e Speleologico (CNSAS))

The accident happened on the cable car service between the town of Castellammare di Stabia and Monte Faito, a scenic peak offering views of the Mount Vesuvius volcano and the Bay of Naples, around 45 km (28 miles) south-east of the city.

Know the latest trending news with HT. Read detailed articles here

The car fell after a supporting cable snapped.

One of the four people killed was a cable car operator from a nearby town, Italian media said, citing local officials. The others were two British and one Israeli tourist, they reported.

A second Israeli tourist was in stable but critical condition, the Naples hospital treating him said on Friday.

""An unimaginable tragedy. Horrible,"" said Umberto De Gregorio, chairman of the EAV public transport company, which runs the cable car service, on Facebook.

He said the accident was hard to explain as ""all tests required by law were carried out"" before the service reopened for the spring and summer season last week.

""We will have to clarify what happened.""

The Monte Faito cable car offered the chance to admire ""a breathtaking panorama"", EAV said on its website, adding it carried 113,000 passengers last year.

As the supporting cable snapped, a second cabin halted in mid-air near the foot of the mountain, thanks to emergency brakes which are presumed to have failed to function for the car that crashed.

Prosecutors in the nearby town of Torre Annunziata were investigating the incident.

Nine people, not 16 as indicated by initial reports, were rescued from the cabin that survived, firefighters said. Footage on RAI public television and other media showed they were evacuated one by one, with harnesses.

Fog and high winds hampered the work of emergency services, Vincenzo De Luca, head of the Campania region around Naples, told RAI.

""For Campania, it was a truly tragic and painful day,"" he wrote on social media.

In 2021, 14 people died in Italy when a cable car linking the northern Lake Maggiore with a nearby mountain plunged to the ground.",2025-04-18T16:04:58+05:30,Times of India,3
64d873760b11dae2d434321849fabff2,"Bengaluru civic body truck driver, thrashed after boy’s death, dies in hospital weeks later: Report","A BBMP garbage truck driver, who was brutally assaulted by a mob after his vehicle fatally knocked down an eight-year-old boy, succumbed to his injuries on Thursday, according to the Sampigehalli police. The driver, identified as 59-year-old Kondaiah, had been under treatment at a hospital since March 29.

According to a Deccan Herald report, the driver, identified as 59-year-old Kondaiah, had been under treatment at a hospital since March 29, the day the accident took place on Thanisandra Main Road in North Bengaluru. Despite medical efforts, he failed to recover.

Know the latest trending news with HT. Read detailed articles here

(Also Read: Bengaluru auto driver killed in metro mishap was saving up for daughter’s wedding: Report)

The tragic incident unfolded when Ayman, the young victim, was riding pillion on his father's two-wheeler. As they were navigating the busy stretch of Thanisandra Main Road around noon, Kondaiah’s garbage truck, reportedly speeding, collided with the bike. Ayman fell onto the road and was run over by the truck, dying on the spot.

Eyewitnesses told police that following the crash, a group of nearly 15 people pulled Kondaiah from the truck and assaulted him. In a fit of rage, they also set the vehicle ablaze by pouring petrol over it, the DH report added.

Kondaiah was left with serious injuries and was rushed to the hospital in critical condition. His death has now turned the assault into a more serious offence under the law.

The Sampigehalli police have taken up the case and confirmed that four individuals from the mob have been arrested so far. Investigations are ongoing to identify and apprehend others involved in the violence.

Win exciting prizes daily View T&C Back Q. Which Indian city has the best quality of living? Delhi Mumbai Bengaluru Please wait a moment.

(Also Read: Bengaluru man, 60, killed by worker after warning him to stay away from daughter: Report",2025-04-18T08:15:36+05:30,Times of India,1
fb47b8fb36429bb3d10b787fd6820b95,"All on Joey Broom, John Clark and Jeffrey Little, Major League Fishing boat crash victims","Officials in Cullman County identified the three men who died in a boating accident on Smith Lake Wednesday. The crash took place as the Major League Fishing tournament was being held. The Alabama Law Enforcement Agency confirmed that Joey Broom, John Clark, and Jeffrey Little were the three men who died. Flint Davis, a pro-bass fisherman, was also involved the accident. Joey Broom (r) died in the Major League Fishing boat crash (X)

ALEA said that the crash occurred near the Miller Flats area of Smith Lake. A Center Console vessel collided with a Nitro Bass boat.

Know the latest trending news with HT. Read detailed articles here

Read More: World Bank's Banga unsure of US aid to fund for poor nations, though Trump dialogue 'constructive'

In a comment about Joey M. Broom to WBRC, Snead Mayor Tim Kent said, “He always had a smile on his face. No one ever had a bad thing to say about him. He always put the Town of Snead and its people first. They are deeply saddened and shocked. He will be missed.”

All on Joey Broom, John Clark, and Jeffrey Little?

Joey M. Broom, a 58-year-old resident of Altoona, Alabama. He was a councilman for the Town of Snead. Broom was aboard a Center Console vessel struck by a Nitro Bass Boat. Reports suggest fog may have blinded the bass boat’s driver, contributing to the collision.

John Clark was 44 years and Jeffrey C. Little was 62. The former was from Cullman and the latter from Brandon, Mississippi.

Clark and Little were also onboard the Center Console vessel. Both men drowned.

Read More: US consumer safety agency to stop collecting swaths of data after CDC cuts

Flint Davis' girlfriend posts a note

Davis' girlfriend asked her social media followers to pray for the pro-bass fisherman. ""Please say a prayer for my sweet boyfriend Flint and all others involved in this tragic accident,"" she wrote on Instagram.

""This is a heartbreaking moment for our entire organization. Our deepest condolences go out to the families and friends of those affected by this tragedy,” Kathy Fennel, MLF Executive Vice President and General Manager, said in a statement on Wednesday.",2025-04-17T05:06:26+05:30,Times of India,1
c09a55f1c6589e9e8b3c1abc89480e75,Cab driver dies after mob thrashes him over string of accidents in Ahmedabad,"Ahmedabad, A taxi driver was found dead after allegedly being beaten up by an angry mob as his cab crashed into several vehicles in Ahmedabad city, police said on Wednesday. Cab driver dies after mob thrashes him over string of accidents in Ahmedabad

The incident took place in Juhapura area on Tuesday night, they said, adding the driver was suspected to be inebriated when his vehicle caused a series of accidents.

Know the latest trending news with HT. Read detailed articles here

Five to six persons have been detained, the police said, adding it was yet to be ascertained if the man was lynched by a mob.

The post-mortem report was awaited to confirm the exact cause of the death, they said.

The deceased, Kaushik Chauhan , was rashly driving a cab which hit several vehicles along the way, Deputy Commissioner of Police Shivam Verma said.

As he caused a string of accidents, a group of people started chasing him and managed to catch hold of him in Juhapura, he said.

Juhapura is a minority community-dominated area.

""Police received a message that the taxi driver caused several accidents in a drunk state and was chased by a mob. They caught hold of him in Juhapura and engaged in a scuffle. Later, police found him dead,"" the official said.

The body was found near the car's bonnet at around 9 pm on Tuesday and later shifted to a hospital for post-mortem, an official from Vejalpur police station said.

Win exciting prizes daily View T&C Back Q. Which Indian city has the best quality of living? Delhi Mumbai Bengaluru Please wait a moment.

A case was registered and five-six persons were detained, Verma said, adding a probe was on into the incident.

The police were waiting for the post-mortem report to ascertain the exact cause of the man's death, Vejalpur inspector Ranjitsinh Chauhan said.

""As of now, we cannot say for certain that he was lynched by a mob. We are examining the CCTV footage and have called some persons seen in the footage for questioning,"" he said.

This article was generated from an automated news agency feed without modifications to text.",2025-04-16T14:25:03+05:30,Times of India,1
7173033257688b69e405ce777ef26a5a,Three injured in multiple vehicle collision in Lucknow,"Three people got injured after three vehicles collided with each other in an accident that took place on the Lucknow-Sitapur National Highway under BKT and Sairpur police station area of the city on Tuesday. (Pic for representation)

According to police, the accident took place when an SUV driver suddenly applied emergency brakes due to which the car behind it collided with it. A pickup van behind the car also hit the vehicle strongly.

Know the latest trending news with HT. Read detailed articles here

“Three people including the car passenger and the pickup van driver were injured in the accident,” said Manoj Kori, Sairpur police station in-charge.

As soon as the information was received, the Sairpur and Bakshi Ka Talab police station reached the spot. The injured were first taken to the nearest private hospital but due to critical condition, all three were referred to the trauma centre.

Bakshi Ka Talab police station in-charge Sanjay Singh said the injured were identified as Lovli Mishra, her driver Pramod, while the pickup van’s driver was yet to be identified.

After the accident, the SUV driver fled from the spot with his vehicle.",2025-04-16T08:34:05+05:30,Times of India,1
0aada15732e2e4e9e2da831d8423fdd6,Pakistan: Truck-coach collision in Khyber Pakhtunkhwa leaves 10 dead and 8 injured,"At least 10 people died, and eight others sustained injuries in a truck-coach collision in Karak, Khyber Pakhtunkhwa, ARY News reported on Tuesday, citing rescue sources. The road accident occurred near Meetha Khel on the Indus Highway. (ANI/representative )

As per details, the road accident occurred near Meetha Khel on the Indus Highway where a passenger coach collided with a truck, resulting in the deaths of ten people and injuries to eight others.

Know the latest trending news with HT. Read detailed articles here

According to rescue officials, the coach was en route from Dera Ismail Khan to Peshawar when it met with the accident.

Also read: Chhattisgarh: Injuries to troops in anti-Naxal ops jump 4 times in 2025

Earlier on March 29, at least three, including two brothers were killed in a road accident that took place near Daraban Road, near Tekin Adda area of Dera Ismail Khan.

According to details, a rashly driven truck hit a motorbike crossing the Daraban Road area near Tekin Adda, ARY News reported.

As a result of accident, three persons including two brothers riding on bike died on the spot who were identified as Irfan son of Ismatullah resident of Kotla Habib, Saifullah son of Ismatullah resident of Kotla Habib while third person could not be identified.

Meanwhile, as recent traffic accidents in Pakistan's Karachi caused angry mobs to target heavy vehicles responsible for them, Awami National Party (ANP) Sindh Chapter President Shahi Sayed, along with MQM, said that the ongoing issues in the city, including road mishaps, were an administrative failure and not the product of ethnic issues, Dawn reported.

In recent times, Karachi has seen a rise in traffic accidents, particularly involving dumpers and water tankers -- which claimed the lives of nearly 500 people and injured 4,879 in 2024, according to hospital data.

Also read: Two Sikhs among 10 terrorists arrested in Pakistan’s Punjab

While addressing a press conference in Karachi along with MQM-P Chairman Khalid Maqbool Siddiqui on Saturday, the ANP chapter Shahi Sayed stated that people are concerned about how they can make both ends meet due to rising inflation, Dawn reported.",2025-04-15T13:10:56+05:30,Times of India,1
c6b4048ae1d50f899a073e333ab300d6,One killed after MSRTC hits bike at Hindmata Bridge,"MUMBAI: A 20-year-old pillion rider died, and his friend who was riding their bike was seriously injured, after a Maharashtra State Road Transport Corporation (MSRTC) bus ran over them at Hindmata Bridge early on Sunday. The bus driver was booked for causing death by negligence on Sunday. Mumbai, India. Apr 14, 2025: 20-year-old Mazgaon resident Mohammad Shaikh lost his life after a speeding State transport (ST) bus collided with his bike in the Dadar area of Mumbai.Mumbai, India. Apr 14, 2025. (Photo by Raju Shinde/HT Photo) (Hindustan Times)

The deceased, Muhammad Ishak Akbar Shaikh, had completed SSC and was engaged in petty works, said police. The rider, 23-year-old Arbaaz Mohammad Firoz Ansari, lives in Byculla and was Ishak’s friend.

Know the latest trending news with HT. Read detailed articles here

Around 11pm on Saturday, Ishak’s father, Akbar Mansurali Shaikh, 51, who works as a security guard, returned to his house in the Daru Khana area, Reay Road, and saw his son was not at home. When he called Ishak, he said he was on his way home. As he did not return, Mansurali called Ishak again after 2am. An unknown person answered the call, informing him that Ishak had met with an accident and was admitted at the KEM Hospital, said a police officer.

When the police reached the hospital, Ishak was declared dead and Arbaaz, who suffered head injuries, was undergoing treatment. Ishak’s family was informed that the duo had left for Mazgaon from Mahim. “When they reached Hindmata Bridge on the South bound lane of the Dr Babasaheb Ambedkar Road in Dadar East, they were overtaking an MSRTC bus, which suddenly moved towards its right. The bus caused them to fall from their bike. They rear wheel of the bus then ran over them,” the officer added.

The Bhoiwada police have registered a case under sections 106 (1) (causing death by negligence), 125 (a) (acts that endanger human life or personal safety due to negligence or recklessness) and 281 (rash driving or riding on a public way) of the Bhartiya Nyaya Sanhita, 2023, against the unidentified bus driver. The police have noted down the bus number so they can find who the accused driver is.",2025-04-15T06:50:13+05:30,Times of India,1
e467ee1eb1bdf15edb9b23bb53c1972a,Chinese car owner accepts 15 pancakes as compensation after food cart scratches his Range Rover,"In a heart-warming and unusual turn of events in the northeastern Chinese city of Shenyang, a Range Rover owner chose kindness over conflict after his SUV was accidentally scratched by a breakfast cart. Instead of demanding full monetary compensation, he settled the matter with just 15 egg pancakes, according to a report by the South China Morning Post. A man in China forgave a breakfast cart owner for scratching his luxury car, accepting 15 egg pancakes as compensation.(Representational image/Pixabay)

(Also read: Chinese meme frenzy erupts as new AI video shows Trump, Elon Musk as factory workers)

Know the latest trending news with HT. Read detailed articles here

The incident

The vehicle, worth 1.4 million yuan (US$190,000), was scratched when a breakfast cart, operated by a local couple, reversed into it. The owner of the car, surnamed Yang, told the Yangtse Evening Post, as cited by SCMP, “The cart was driven by the wife. She probably misjudged the distance and scraped my car.”

“She did not recognise what kind of car it was, and just called her husband over,” Yang added.

Upon inspection, Yang found that repairs would cost around 3,000 yuan (US$410). However, the cart owners, a couple in their 50s, admitted they couldn’t afford the expense.

A generous compromise

“I later learned that the couple were in their 50s, supporting both their elderly parents and young children. The cost was a big burden for them,” Yang said.

“They run a small business and work very hard. The husband asked if there was another way they could compensate me. So I said, just give me some egg pancakes!”

Yang explained further, “Jiang then said, ‘From now on, you and your friends can eat egg pancakes here for free, eat as much as you want!’ But I did not want to take advantage of them, so I suggested a limit, just 15 egg pancakes.”

(Also read: IShowSpeed playfully spars with advanced Chinese humanoid robot, sends it tumbling)

Egg pancakes, a beloved breakfast staple in China, are usually filled with eggs, bacon, chicken, or vegetables and cost under 10 yuan (US$1.40). An online video shows Jiang appearing embarrassed by the gesture, offering to transfer 99 yuan to Yang instead, and expressing his gratitude.

Jiang later told the Xiaoxiang Morning Herald that he and his wife had been selling breakfast at the location for seven years and had never met Yang before. “Luckily, we ran into a good person,” he said.

The incident has gone viral on Chinese social media, with users widely applauding Yang’s understanding and humility.",2025-04-13T13:37:36+05:30,Times of India,1
0d6b19b3c80522ef761c6406d2c43e5a,What caused the Dominican Republic nightclub's roof collapse that killed 200? Experts weigh in,"The sudden collapse of the roof at the Jet Set nightclub in the Dominican Republic, which tragically killed more than 200 people during a concert, has left the country searching for answers. More than 300 rescuers, aided by sniffer dogs, had worked tirelessly since disaster struck early Tuesday.(AFP)

More than 300 rescuers, aided by sniffer dogs, had worked tirelessly since disaster struck early Tuesday to pull survivors from the rubble of the club, even as dozens of people remained unaccounted for.

Know the latest trending news with HT. Read detailed articles here

They called off the search for live victims on Wednesday night and shifted their efforts to recovering bodies from the mounds of twisted steel, zinc and brick that remain of the structure.

Why did the Dominican Republic nightclub's roof collapse?

While the government vowed a thorough investigation, experts believe that the cause of the disaster was a combination of insufficient structural support and long-term damage from a fire nearly two years ago.

Also Read | ‘We share your grief’: Nightclub owner speaks out as Dominican Republic observes 3-day mourning period

An aerial view of the disaster site shows air conditioning machines and power generators weighing tons lying among the roof rubble, emphasising just how much weight the structure was supporting.

Persio Diaz, a civil engineering professor at the Autonomous University of Santo Domingo, explained the collapse by comparing it to an overload on a person's body: ""Imagine you put two or three 42.5-kilogram (93.7-pound) cement bags on your head... your feet are not going to hold,"" he said, adding, “The supports were not sufficient to withstand the loads.”

""If you overload a structure, it will not support you,"" he added.

Diaz, pointing out to 2023 fire at the nightclub, said that ""when a structure like that is affected by a severe fire, the durability of the concrete deteriorates significantly"" and it “turns into a kind of weak concrete.”

He also pointed out that steel corrodes with time, and the high humidity in the Caribbean can affect the soundness of building materials over time.

Architect Garivalddy De Aza analyzed photos of the roof slab on Instagram and observed ""not a single column to relieve the load"" of the structure. ""The roof collapsed under its weight,"" he concluded.

De Aza said there appeared to have been ""a lack of planning in the building's growth.""

Juan Villar Gonzalez, a former president of the Dominican College of Engineers, Architects and Surveyors, said the building also lacked circulation and emergency doors.

""There has been little supervision,"" noted Villar, adding that the tragedy needed to be studied in detail and lessons learnt to prevent another in future.

What happened at the Jet Set nightclub on Tuesday?

In the early hours of Tuesday, chaos erupted at the Jet Set Club, a popular venue in the heart of Santo Domingo, after its roof collapsed. This occurred nearly an hour after a merengue concert by renowned artist Rubby Pérez.

Several politicians and athletes were among those attending the concert.

Nelsy Cruz, the governor of Monte Cristi province and sister of seven-time Major League Baseball All-Star Nelson Cruz, was the first person to alert Dominican President Luis Abinader about the disaster.

She called him and said she was buried under the debris, according to First Lady Raquel Abraje.

Singer Rubby Perez died

Renowned Dominican merengue singer Rubby Perez, who was on stage at the popular Jet Set nightclub when the roof caved in shortly after midnight, was one of those caught up in the calamity.

However, the singer’s manager, Enrique Paulino, whose shirt was spattered with blood, said the group’s saxophonist had died. Bray Vargas, a legislator who represents the northern province of Santiago, was also rescued.",2025-04-11T02:19:26+05:30,Times of India,2
a1de882400140b513fc084c87d380d35,Death toll in Dominican nightclub roof collapse rises to 79,"Rescuers raced to find survivors Tuesday among the rubble of a Dominican Republic nightclub where at least 79 people, including a former Major League Baseball star, were killed when the roof collapsed. Personnel from civil defense and firefighters work at the Jet Set nightclub following the collapse of its roof in Santo Domingo on April 8, 2025.(AFP)

Renowned Dominican merengue singer Rubby Perez, who was on stage at the popular Jet Set nightclub when the roof caved in shortly after midnight, was one of those caught up in the calamity.

Know the latest trending news with HT. Read detailed articles here

Emergency workers said the 69-year-old was among dozens of people trapped in the rubble, some of whom were heard crying for help.

Several Dominican media outlets later reported that Perez had been found dead but Juan Manuel Mendez, director of the Emergency Operations Center, said forensics experts had ""not confirmed that they found the body.""

More than 370 rescue personnel combed mounds of fallen bricks, steel bars and tin sheets for survivors.

Among the dead was 51-year-old retired MLB pitcher Octavio Dotel, who won a World Series in 2011 with the St Louis Cardinals.

He was rescued alive but died of his injuries while being taken to hospital, local media reported.

A black-and-white photo of the player and images of the Dominican flag were projected onto the scoreboard at Citi Field in New York before Tuesday's game between the New York Mets and the Miami Marlins.

""Peace to his soul,"" the Dominican Republic Professional Baseball League wrote on social media.

Local media said there were between 500 and 1,000 people in the club when disaster struck shortly at 12:44 am local time (4:44 GMT). The club has capacity for 700 people seated and about 1,000 people standing.

Dozens of ambulances ferried the injured to hospital, as scores of people gathered outside the venue desperately seeking news of their loved ones.

Perez was on stage when there was a blackout and the roof came crashing down, according to eyewitness reports.

""It was sudden. I thought it was an earthquake, so I threw myself to the ground and covered my head,"" Enrique Paulino, Perez's manager, told reporters.

""One of our saxophonists is dead, we tried to get to the area where Rubby was but there was too much debris there,"" he said.

Perez's daughter Zulinka told reporters she had managed to escape after the roof collapsed, but he did not.

She said she had confirmation that her father was ""alive,"" though injured and still trapped.

Also among the dead was the governor of the Monte Cristi municipality, Nelsy Cruz, according to President Luis Abinader.

The death toll started at 15 and kept rising throughout the day. By evening it had reached 79.

""As long as there is hope for life, all authorities will be working to recover or rescue these people,"" said Mendez.

President Abinader visited the scene and declared three days of national mourning.

‘Hope for life’



Iris Pena, a woman who had attended the show, told SIN television how she escaped with her son.

""At one point, dirt started falling like dust into the drink on the table,"" she said.

""A stone fell and cracked the table where we were, and we got out,"" Pena recounted. ""The impact was so strong, as if it had been a tsunami or an earthquake.""

Dozens of family members flocked to hospitals for news.

""We are desperate,"" Regina del Rosa, whose sister was at the concert, told SIN. ""They are not giving us news, they are not telling us anything.""

Helicopter images revealed a large hole where the club's roof once was. A crane was helping lift some of the heavier rubble as men in hard hats dug through the debris.

Authorities have issued a call for Dominicans to donate blood.

The Instagram page of the Jet Set club said it has been in operation for more than 50 years, with shows every Monday until the early hours.

Its last post before Monday's event invited fans to come and ""enjoy his (Perez's) greatest hits and dance in the country's best nightclub.""

On Tuesday, the club issued a statement saying it was working ""fully and transparently"" with authorities.

The Dominican Republic, which shares the island of Hispaniola with Haiti, received over 11 million visitors in 2024, according to the tourism ministry.

Tourism generates about 15 percent of GDP, with visitors attracted by its Caribbean beaches, music and nightlife, as well as the colonial architecture of Santo Domingo.",2025-04-09T07:02:36+05:30,Times of India,2
046126d092b8ac194c39bdf50c9045b7,"Bengaluru girl, 9, dies after father’s tractor overturns and falls into lake, sister injured: Report","A routine ride home turned tragic for a family in East Bengaluru’s Whitefield area when a tractor flipped and fell into a lake, killing a nine-year-old girl and injuring her younger sister and father. The incident occurred on the banks of the Pattanadur Agrahara lake. (Representational Image)(Shutterstock)

According to a report by Deccan Herald, the incident occurred on the banks of the Pattanadur Agrahara lake when the tractor, allegedly being driven in a reckless manner by the children's father, lost control while navigating an uphill slope. The vehicle overturned and plunged into the lakebed.

Know the latest trending news with HT. Read detailed articles here

(Also Read: On Bengaluru street, man sexually harasses woman, runs away; police begin probe as incident caught on CCTV)

The elder daughter, identified as Isinaka Bhat, was crushed under the overturned tractor and died on the spot. Her six-year-old sister and their father survived with minor injuries, the report added.

The family was returning home when the accident took place. Preliminary investigations by the Whitefield Traffic Police point to speeding and negligence as the primary causes of the accident. The police have seized the vehicle and registered a case against the father under charges of causing death due to negligence.

Officials visited the accident site shortly after the incident to assess the scene and initiate further inquiry.

(Also Read: Bengaluru badminton trainer rapes 16-year-old student, arrested: Report)

Win exciting prizes daily View T&C Back Q. Which Indian city has the best quality of living? Delhi Mumbai Bengaluru Please wait a moment.

In Karnataka's Hubballi, three women were killed after the car they were travelling in crashed into a compound near Noolvi Cross on Saturday night, police said.

The deceased were residents of Lingaraj Nagar.

Two others, who were critically injured, have been admitted to a government hospital for treatment.

The women were travelling from Varur village towards Hubballi when the driver lost control near Noolvi Cross, hit the road divider, and then crashed into a compound.

The car was severely damaged in the accident.

A case has been registered, and investigation is underway.",2025-04-07T09:55:51+05:30,Times of India,1
fe8a92f91c29b0d314ba31d87888e1e2,Two students killed in bike crash at Paud Phata flyover,"A tragic accident at the Swatantryaveer Savarkar flyover near Paud Phata in Kothurd claimed the lives of two management college students when their speeding two-wheeler crashed into the bridge’s railing at around 3:15 am on Monday. Police investigation revealed that both deceased were not wearing helmets. (REPRESENTATIVE PHOTO)

The deceased have been identified as Sarvesh Gopal Patil (20) and Pushkar Sudhakar Choudhary (19), both residents of Turak Gurhada village in Burhanpur district, Madhya Pradesh.

Know the latest trending news with HT. Read detailed articles here

According to police, the duo was travelling towards Paud when they lost control of the bike and collided with the flyover’s boundary wall.

Police investigation revealed that both deceased were not wearing helmets.

Police constable Nishad Konde has filed a complaint regarding the incident at Kothrud police station, and the case is currently under investigation by police sub-inspector Rajkumar Adagale.",2025-04-03T08:12:08+05:30,Times of India,1
6828447c381fea9aa40012169c53df7d,Panjab University scholar among 3 killed in late-night Mohali crash,"A Panjab University scholar and his two friends, including a woman, were killed after their speeding Maruti Ertiga met with an accident near Boothgarh light-point on Siswan road in Mohali district on Sunday night. The mangled remains of the Maruti Suzuki Ertiga that met with an accident near Boothgarh light point on Siswan road in Mohali on Sunday night. (HT Photo)

Police said the impact of the crash, which took place around 10.30 pm, left the seven-seater vehicle completely mangled.

Know the latest trending news with HT. Read detailed articles here

Though the police have yet to ascertain the circumstances surrounding the fatal accident, they have registered a case against an unidentified vehicle driver for causing it.

Police are considering various possibilities, including the vehicle ramming into a divider/wall, overturning due to high speed while navigating a speed-breaker or being hit by a heavy vehicle.

The FIR has been lodged following the complaint of Gaurav Panday, cousin of deceased Saurabh Panday, who claimed that a sand-laden tipper truck took a rash turn, causing the Ertiga driver to lose control.

The deceased were identified as Shubham Jattwal, 25, a native of Palampur in Kangra and a PhD scholar in the forensic science department of Panjab University (PU); Saurabh Panday, 26, of Maloya, Chandigarh, who graduated from PU’s human genome department in 2023 and was associated with PGIMER, Chandigarh; and Rubina, 24, of Hisar, Haryana, who police said could have been a PU alumna too.

Victim Shubham Jattwal, 25, a native of Palampur in Kangra, was a PhD scholar in the forensic science department of Panjab University. (HT)

Win exciting prizes daily View T&C Back Q. Which Indian city has the best quality of living? Delhi Mumbai Bengaluru Please wait a moment.

Maanvendra Tiwari, 24, of Khudda Lahora, Chandigarh, another research scholar from PU’s forensic science department, who was driving the car, was seriously injured in the mishap. He remains under treatment at PGIMER, Chandigarh.

Victim Rubina, 24, was a native of Hisar, Haryana. (HT)

Car was moving at 120 kmph

According to police, the victims were headed from Chandigarh towards Kurali to pick up a friend when the accident occurred.

“The car was moving at a speed of 120 kmph when the mishap took place. It seems the driver could not slow down and lost control after the car took a jump due to a speed-breaker at the Boothgarh light point. We are also checking if they were hit by some other vehicle,” an investigator said.

The bodies were moved to the mortuary of the civil hospital in Phase 6, Mohali, for autopsy and their families were informed.

Notably, road reflectors were not functional near the speed-breaker and the yellow line was not clear.

Sunil Sharma, station house officer (SHO), Majri police station, said he had written to the authorities concerned for installing adequate infrastructure in the accident-prone area.

Majri police have lodged an FIR under Sections 281(rash driving) and 106 (causing death due to negligence) of BNS.

PU forensics dept mourns death of bright researcher

A pall of gloom took over Panjab University’s Institute of Forensic Science and Criminology as the news of Shubham Jattwal’s tragic demise came in.

Shubham was pursuing a PhD, likely to be completed by 2027, under professor Shweta Sharma and receiving JRF fellowship from the University Grants Commission (UGC).

While Sharma remained unavailable for a comment, Vishal Sharma, another professor in the department, recalled Shubham’s helpful and cheerful nature. “I never directly taught him but I would always see him around. He was pursuing research in forensic toxicology related to nanoparticles,” he said.

Sharma described how Jattwal, before leaving with his friends on Sunday night, had been working on his research at night and left a chemical reaction at the lab to study it in the morning.

“A research scholar discovered his work from last night and we all broke down looking at how hard he worked even on his final day. He had been called to assist a friend in Kurali. It is a tragic turn of events,” he added.

Another research scholar from the department, Avinash described Jattwal as a brother. “We all woke up to the unfortunate news of his demise. We used to hang out together and enjoyed taking trips to Kasauli,” he said.

Avinash also spoke about Maanvendra Singh, who is pursuing research in forensic chemistry. Confirming that Maanvendra was out of danger, Avinash said, “I have known him ever since he was pursuing his masters. I used to help teach him some of the concepts.”

Students lit candles in the department, mourning the loss of the departed souls. PU is also likely to hold a condolence meeting at Boys Hostel Number 3, where Jattwal used to stay.",2025-04-01T07:22:11+05:30,Times of India,1
a177ebe655b0da8803156613fe61c752,Woman dies after being run over by JCB at Thane dumping ground,"Thane: A 48-year-old woman died after being struck by a JCB machine while collecting waste at the CP Talav dumping ground in Wagle Estate, Thane, on Sunday. The victim, identified as Rajshree Balu Jadhav, was a resident of Jay Bhim Nagar, CP Talav Road. Woman dies after being run over by JCB at Thane dumping ground

The accident triggered panic among bystanders, who rushed to her aid. Police and civic officials promptly arrived at the scene upon being informed of the incident.

Know the latest trending news with HT. Read detailed articles here

Following the tragedy, political leaders from Shiv Sena (UBT) and BJP visited the site, demanding a thorough investigation and accountability.

An inspector from the Shreenagar police station stated, “We have conducted a panchnama of the body. A case is being registered, and the accused will be arrested soon.”

Dr Kailash Pawar, superintendent of Thane Civil Hospital, confirmed, “The post-mortem report clearly indicates that the woman died due to being crushed under the JCB.”",2025-04-01T06:30:09+05:30,Times of India,1
00b013684e43b735cc48ba02556c9bbc,Noida police explains why it delayed adding Lamborghini crash driver's name to FIR,"Noida police has registered an FIR and arrested Deepak, the driver of the Lamborghini that hit two labourers resting on a footpath near an under-construction building in Sector 94 on Sunday. The Lamborghini car that hit two labourers, causing them serious injuries, near Noida Sector 94, Monday, March 31, 2025. (PTI)

Deepak, a resident of Ajmer, was driving a Lamborghini registered in Puducherry. The police have also seized the luxury vehicle as part of the investigation.

Know the latest trending news with HT. Read detailed articles here

However, some media reports claimed that the FIR initially did not include the driver’s name, sparking speculation that authorities were attempting to suppress the case. The Noida police later updated the FIR, naming Deepak as the accused and providing an explanation for the delay.

Also Read | Was Noida Lamborghini speeding at 300 kmph? What initial investigation found in car crash

NDTV, citing the Noida police, reported when the cops received the complaint, the complainant was not aware of the driver's identity and address. ""Later, during the investigation, the name came to light and was added accordingly. The car driver/accused, Deepak, has been arrested. The car has been taken into police custody, and legal action has been taken as per the rules,"" they said in a statement.

During questioning he told the police that the accident happened due to a fault. Further investigation is underway, Bhupendra Singh, in-charge at Sector 126.

Citing the police, Republic TV reported that the labourers have been identified as Dijen Ravidas and Rambhu Kumar.

Also Read | Noida Lamborghini accident: What we know about supercar involved in the crash

One of the labourers told Republic TV that they were struck by the Lamborghini, which was travelling toward them, apparently at a speed of 300 km/hour.

“A car was coming at a speed of 300 kmph. All three of us fell inside the drain after getting hit by the car. He was driving at 300 kmph,"" the labourer said.

However, the police have not yet issued any statement regarding the Lamborghini's speed at the time of the accident.

HT.com couldn't independently verify the authenticity of the claim.

Also Read | Lamborghini that ran into 2 in Noida is owned by YouTuber Mridul Tiwari. Who is he?

A purported video surfaced online showing that after the accident, a man was heard asking the accused if he knew how many people died here. To this, the accused asked the locals ""koi mar gaya idhar? (did anyone die here?)"" and came out of the car.

Following this, someone in the video could be heard saying, ""police ko bulao (call the police)"".

“I saw the car in a video of one of my influencer friends. The driver could not control the car, hit people, and then crashed into the divider. It is a Pondicherry-registered car,” Gaurav, an eyewitness, told news agency ANI.

What the initial investigation found:

A probe revealed that Deepak, a car dealer, had come to Noida to test drive the Pondicherry-registered car. “The owner, Mridul Tiwari, a resident of Noida and a YouTuber with over 18 million subscribers, was selling the car and Deepak had come to check its condition,” Noida ADCP Sumit Shukla told HT.

According to Republic TV, the accused, Deepak, was taken for a medical examination, after which the police confirmed that he was not under the influence of alcohol at the time of the accident.

The accident happened when Deepak, who was on a test drive, lost control of the luxury vehicle and crashed into workers sitting on the pavement, the report added.

Who is Mridul Tiwari?",2025-03-31T15:39:40+05:30,Times of India,1
24d3897416118c52bee70f2ee3f7013f,Was Noida Lamborghini speeding at 300 kmph? What initial investigation found in car crash,"One of the labourers injured in a Lamborghini car crash in Noida Sector 94 reportedly claimed that the luxury vehicle was overspeeding. Two labourers from Chhattisgarh were injured in the crash and have been admitted to a nearby hospital and are said to be out of danger. They have suffered a fracture in their legs, police said. People gather around a Lamborghini car after it allegedly hit people in Noida on Sunday. (PTI)

Citing the police, Republic TV reported that the labourers have been identified as Dijen Ravidas and Rambhu Kumar.

Know the latest trending news with HT. Read detailed articles here

One of the labourers told Republic TV that they were struck by the Lamborghini, which was travelling toward them, apparently at a speed of 300 km/hour.

Also Read | 'Koi mar gya kya': Noida Lamborghini driver's query after hitting 2 workers

“A car was coming at a speed of 300 kmph. All three of us fell inside the drain after getting hit by the car. He was driving at 300 kmph,"" the labourer said.

A damaged Lamborghini car after meeting with an accident, leaving two persons injured near Noida Sector 94 roundabout in the Sector-126 police station area in Gautam Buddha Nagar on Sunday. (ANI)

However, the police have not yet issued any statement regarding the Lamborghini's speed at the time of the accident.

HT.com couldn't independently verify the authenticity of the claim.

Bhupendra Singh, in-charge at Sector 126 Police Station, told news agency PTI that the car driver has been identified as Deepak, a resident of Ajmer, and the car is registered with the Puducherry registration. Deepak has been arrested and the car has been seized.

During questioning, Deepak told the police that the accident happened due to a fault in the vehicle. Bhupendra Singh said further investigation is underway.

A purported video surfaced online showing that after the accident, a man was heard asking the accused if he knew how many people died here. To this, the accused asked the locals ""koi mar gaya idhar? (did anyone die here?)"" and came out of the car.

Following this, someone in the video could be heard saying, ""police ko bulao (call the police)"".

“I saw the car in a video of one of my influencer friends. The driver could not control the car, hit people, and then crashed into the divider. It is a Pondicherry-registered car,” Gaurav, an eyewitness, told news agency ANI.

What the initial investigation found:

A probe revealed that Deepak, a car dealer, had come to Noida to test drive the Pondicherry-registered car. “The owner, Mridul Tiwari, a resident of Noida and a YouTuber with over 18 million subscribers, was selling the car and Deepak had come to check its condition,” Noida ADCP Sumit Shukla told HT.

According to Republic TV, the accused, Deepak, was taken for a medical examination, after which the police confirmed that he was not under the influence of alcohol at the time of the accident.

The accident happened when Deepak, who was on a test drive, lost control of the luxury vehicle and crashed into workers sitting on the pavement, the report added.

Who is Mridul Tiwari?",2025-03-31T09:09:11+05:30,Times of India,1
4cc2cd3ce527c841275301a200c5ae7f,"3 Gujarat policemen killed, cop injured in Haryana road accident","Rohtak/Bathinda: Three Gujarat Police personnel were killed and an assistant sub-inspector was injured when their SUV collided with another vehicle on the Dabwali-Chautala road in Sirsa district on Wednesday, police said. Three Gujarat Police personnel were killed and a cop was injured when their SUV collided with a vehicle on the Dabwali-Chautala road in Sirsa district on Wednesday. (HT Photo)

The victims were identified as assistant prosecution officer Sunil Kumar, sub inspector Jayender Singh and head constable Prakash Bhat, all posted at Ahmedabad city police station.

Know the latest trending news with HT. Read detailed articles here

Dabwali Sadar station house officer Braham Prakash said that the incident took place around 5.30am when the Mahindra Bolero in which the Gujarat Police team was travelling collided with another vehicle.

The three Gujarat Police personnel died on the spot, while JP Solanki, a probationary sub inspector, was rushed to All India Institute of Medical Sciences (AIIMS), Bathinda.

The SHO said CCTV cameras near the accident site are being checked to get details of the vehicle with which the Bolero collided. The FIR would be registered after recording the statement of injured policeman, who is stated to be out of danger.

“We have recovered the numberplate of a truck bearing a Punjab registration number and are verifying it with the help of Punjab Police,” he said.

The SHO said that the team of Gujarat Police was on its way to Ludhiana to investigate a case under the Protection of Children from Sexual Offences (POCSO) Act when the accident occurred in Sirsa district in the morning.",2025-03-26T13:52:59+05:30,Times of India,1
610e2acf48e730a8c6f739540656d5f6,Delivery person killed by car driving on on wrong side of the road in LBS Road,"MUMBAI: A 21-year-old delivery person was killed in an accident after a car speeding on the wrong side on LBS Road collided against him on Sunday. The accused driver, Siddharth Gorakh Banpatte, was arrested on Sunday for causing death due to rash and negligent driving. The damaged scooter which Prince Arjun Chaudhar, the deceased, was driving

The deceased is identified as Prince Arjun Chaudhary. Prince lived with his brother Premprakash Chaudhary, 23, and friend Hemant Sahu, 23 in Bhatwadi, Ghatkopar. He delivered items for an aggregator platform using Sahu’s bike. Around 3pm on Sunday, Prince was returning to the dark store after a delivery in Chirag Nagar when a Swift D’zire car coming in the opposite direction hit him, said an officer from Ghatkopar Police Station.

Know the latest trending news with HT. Read detailed articles here

Prince Arjun Chaudhar, the deceased

When Sahu called Prince to ask when he would return home, an unknown person answered the call and informed him about the accident. Sahu and Premprakash rushed to the spot and then to the Rajawadi hospital, where Chaudhary laid on a stretcher. Police said he suffered fatal injuries and died during treatment in the evening. His parents, who were residing in Balrampur district of Uttar Pradesh, were informed.

The accused driver, Banpatte, a resident of Netaji Nagar in Kurla West, was arrested on Sunday and his car was seized by the police.",2025-03-25T07:54:12+05:30,Times of India,1
bf96b555545af229a2e749a0a186122c,"Thane govt official drowns at Raigad beach, accidental death report filed","A 37-year-old district administration employee of Maharashtra's Thane drowned during a picnic at a beach in Raigad on Sunday, March 24. Her colleagues promptly informed a rescue team on the beach, who helped her escape from the water and administered CPR to er. However, she passed away before reaching the hospital.(Representative image/ Pexel)

Pallavi Sarode, served as an assistant revenue officer and personal assistant to collector Ashok Shingare.

Know the latest trending news with HT. Read detailed articles here

Also Read: Specially abled man drowns in water tank

As per a statement from her administration, Sarode went to Harihareshwar beach with her colleagues for a picnic, when she was swept away by strong waves leading to the unfortunate incident.

Her colleagues promptly informed a rescue team on the beach, who helped her escape from the water and administered CPR to er. However, she passed away before reaching the hospital.

Also Read: Property dispute: Family suspects foul play in 85-year-old man’s mysterious road accident

The PRO from the district collector's office, Manoj Sanap, told the Free Press Journal that an accidental death report had been filed at the police station

An Accidental Death Report was filed at the police station, as confirmed by Manoj Sanap, the PRO from the district collector’s office.

Pallavi, had started her career as a clerk in the Thane district administration and had worked her way up to become an assistant revenue officer by 2024. She is survived by her husband, mother-in-law and 13-year-old son.

Teenagers drown in Ulhas river

Just a day before, two teenagers also suffered a drowning by accident in the Ulhas river in Thane. They had also gone to the banks of the river for a picnic with friends on Saturday evening but were swept away while swimming.

The victims were identified as 18-year-old Vivek Tiwari and 17-year-old Vinayak Shah, who lived in Hiranandani, Powai.

The Ambernath fire brigade had launched a search operation for the children, and managed to find their bodies after several hours.

both residents of Hiranandani, Powai. The Ambernath fire brigade launched a search operation and managed to retrieve their bodies after several hours.",2025-03-24T10:08:02+05:30,Times of India,2
2f07528d769b56fb148e1061a0e8f302,"1 dead, another injured as 100-feet chariot falls during festival in Bengaluru's Anekal","A tragic incident occurred during a festival in Anekal, Bengaluru rural, when a 100-feet chariot fell, resulting in one fatality and leaving another person injured, police said on Saturday. Further investigation into the incident are underway. (Representative Image/Shutterstock)

The incident took place around 6 pm on Saturday, as reported by CK Baba, Superintendent of Police (SP), Bengaluru Rural.

Know the latest trending news with HT. Read detailed articles here

""A 100-feet Chariot fell during a festival in Anekal in Bengaluru Rural. One person died and the other is undergoing treatment at a hospital,"" SP Bengaluru Rural said.

Further details about the incident are awaited as authorities continue to investigate the matter.",2025-03-23T09:48:02+05:30,Times of India,2
910c6569643ceea3258dd9f0d2e3a845,Telangana DSP killed as speeding bus runs over him in Rangareddy,"A Deputy Superintendent of Police (DSP) was killed in the early hours of Saturday after being hit by a speeding bus in the Hayathnagar area of Telangana's Rangareddy district. The accident took place near a Hanuman temple in Laxma Reddy Pallem of the Rangareddy district. (File Image/Representative)

Police said that the accident took place around 4:40 am near a Hanuman temple in Laxma Reddy Pallem when the top cop was out for a morning walk, a news agency ANI report said.

Know the latest trending news with HT. Read detailed articles here

The Andhra Pradesh State Road Transport Corporation (APSRTC) Nuizveedu Depot bus was travelling from Abdullapurmet to Hayathnagar when it allegedly hit the DSP in a case of a negligent and rash driving.

The police official, TN Nandeshwara Balaji, suffered several injuries and lost his life on the spot.

A case has been registered in this regard and an investigation has been launched into the accident. The probe is being conducted under the Hayathnagar police station to determine any further details.

Just a couple of days ago, a man was killed after being hit by a Maharashtra State Road Transport Corporation (MSRTC) bus that lost control upon being rammed by a truck in the Latur district.

The bus had 13 passengers, none of whom were injured, an official said.

Local residents had according to a PTI report claimed that some 40 accidents took place at the Ausa T-Point, which serves as a junction for the Ratnagiri-Nagpur and Latur-Umarga highways, adding that a flyover project which could have provided relief was cancelled.

ALSO READ | 2 killed after speeding car collides with scooter

On the same day, a woman was killed and her son was seriously injured after a buffalo cart they were travelling in collided with a speeding truck in Uttar Pradesh's Muzaffarnagar district on the Karnal-Meerut highway.

Station house officer (SHO) of Budhana police station said that the truck driver had fled the scene after the accident.

(with ANI inputs)",2025-03-22T10:33:48+05:30,Times of India,1
5fb1888b40e9034aae1f6b3b7695834b,Chandigarh: Porsche driver charged with culpable homicide,"The UT police have added Section 105 (culpable homicide not amounting to murder) of the BNS against the Porsche driver who rammed the car into a man and two women on scooters, resulting in the death of the man. After the enquiry it came to light that the accident happened when the driver was attempting to overtake at high-speed on a single-lane road, leading to collision. (HT Photo)

The accident took place on the road dividing Sector 4 and 9 on the night of March 10, when the rashly driven car rammed into two scooters, killing a man and injuring two women.

Know the latest trending news with HT. Read detailed articles here

The section was added after the investigation. After the enquiry it came to light that the accident happened when the driver was attempting to overtake at high speed on a single-lane road, leading to a collision. Additionally, an eyewitness account recorded by the police further confirmed the driver’s negligence, strengthening the case against him.

The Porsche, driven by 38-year-old Sandeep Babuta, was moving in high speed towards Raj Bhawan. According to police reports, the car first struck a scooter, causing the driver to lose control. It then collided with another scooter. The car finally crashed into a pole, coming to a halt.

Ankit, the 23-year-old man riding the first scooter was critically injured and later succumbed to his injuries in the hospital. The two women on the second scooter sustained leg injuries and are currently receiving treatment.

Sachin Negi, the victim’s brother-in-law, said, “We met the SSP and demanded that stricter sections be imposed against the accused. The driver had every opportunity to stop, but instead, he mercilessly dragged my brother-in-law for nearly 100 metres. This was not just an accident; it was sheer negligence, if not deliberate recklessness. Shockingly, the Porsche driver has not even been arrested yet. We demand his immediate arrest and strict action against him. Our family is shattered and no one should have to endure the pain we are going through. Justice must be served, and the punishment should be strong enough to deter such reckless behaviour in the future.”

Win exciting prizes daily View T&C Back Q. Which Indian city has the best quality of living? Delhi Mumbai Bengaluru Please wait a moment.

A senior police official said the accused was arrested after the mishap and released on bail. He can be re-arrested on court’s orders only, said the official.",2025-03-20T09:06:16+05:30,Times of India,1
62cb27fe158dc4976a500806960338a6,Vadodara car crash accused seen drinking from bottle minutes before accident,"Three days after a tragic car accident in Vadodara claimed the life of a woman and left four others seriously injured, CCTV footage has surfaced, shedding light on the moments leading up to the incident. The accused, 20-year-old law student Rakshit Chaurasia, was caught on camera along with his friend Pranshu at the residence of another friend before the crash. Rakshit Chaurasia, a 20-year-old law student, was arrested by police after the Vadodara car accident.(ANI)

The footage shows Rakshit and Pranshu arriving on a scooter and engaging in conversation before entering the house, reports India Today. Rakshit is seen drinking from a bottle, though the contents remain unclear.

Know the latest trending news with HT. Read detailed articles here

Another clip captures the black sedan involved in the accident crossing the road and parking nearby before Pranshu enters the house.

The duo reportedly spent around 45 minutes at the location before leaving in the car, with Rakshit switching to the driver’s seat while Pranshu moved to the passenger side.

Vadodara horror

The fatal accident occurred on Friday when the speeding sedan, driven by Rakshit Chaurasia, rammed into multiple two-wheelers in Vadodara, killing a woman on the spot and injuring four others.

Rakshit appears to be drunk in a video shot at the accident side and is seen stepping out of the car and shouting, ""Another round, another round!""

Locals caught Rakshit, a native of Varanasi, and handed him over to the police. Both he and Pranshu were arrested following the incident.

Rakshit denies allegations

Rakshit though has denied being drunk, claiming that the accident occurred due to a pothole, which caused his car to lose control after its airbags deployed.

""We were ahead of the scooty, turning right, and there was a pothole. The car slightly touched the two-wheeler, and the airbag opened suddenly, blocking my vision. The car then went out of control,"" Rakshit told ANI.

He further asserted that he was driving at only 50 kmph and had not consumed alcohol, stating that he had attended a Holika Dahan celebration prior to the crash.

Expressing remorse, Rakshit admitted his fault and expressed his willingness to meet the victims' families. ""I did not do any party, I was not drunk. Today, I learned that a woman has died and others are injured. I want to meet their families. It is my fault, and I will accept whatever decision is made,"" he said.",2025-03-17T10:01:55+05:30,Times of India,1
194709b33e4eb5342e90b91d0c1847ec,"10 IIT students injured as vehicle falls into gorge in Sikkim, condition of three serious","Ten students of IIT (ISM) Dhanbad were injured after their vehicle plunged into a 100-foot-deep gorge in Sikkim's Mangan district, police said on Sunday. As per police, the accident happened near Pakshep in Forest Dara around 9:30 pm on Saturday when the students were travelling from Lachung to Gangtok. (Representative image)

The accident happened near Pakshep in Forest Dara around 9:30 pm on Saturday when the students were travelling from Lachung to Gangtok, they said.

Know the latest trending news with HT. Read detailed articles here

Also read: Why are Professional Development goals important, and how can you achieve them? Harvard shares tips

The driver, who was also injured, lost control of the vehicle, resulting in the accident, they added.

Among the students were four females.

Also read: Engineering student stabbed to death another injured in Saran; two held

Three of the injured were sent to a hospital in Gangtok as their conditions were serious, while the others received treatment in Mangan.",2025-03-16T15:17:33+05:30,Times of India,1
1cbe146b4ea07fac95a87f983eb332a2,"Jodhpur: Former BJP MLA’s son dies in high-speed car crash, friend hurt","Jodhpur: The 26-year-old son of former Barmer district president of Bharatiya Janata Party (BJP), Jalam Singh Rawalot, was killed on Friday night after his car met with an accident near the Nahar circle on Pal Road in Rajasthan’s Jodhpur, police said. The car that was heading towards Chopasni in Rajasthan was severely damaged due to the collision (Pic for representational purpose only)

Also Read: Dehradun hit-and-run: 4 labourers crushed to death by speeding Mercedes, 2 seriously injured

Know the latest trending news with HT. Read detailed articles here

“Nipun Raj Singh, son of the former lawmaker from the Shiv Assembly constituency in Barmer, was travelling with his friend, Parth Rathore (25), who sustained injuries,” Ishwar Chand Parihar, station house officer (SHO) of the Chopasni Housing Board Police Station, said.

The car, reportedly travelling at high speed, crashed into the divider and toppled onto the opposite side of the road, the officer said.

Also Read: SUV rams into 2 e-rickshaws in WB’s Nadia district, 7 dead and 3 injured

The car that was heading towards Chopasni in Rajasthan was severely damaged due to the collision, he said.

Both were taken to Mathuradas Mathur Hospital, where Nipun was declared dead on arrival by the doctors. “Parth is currently undergoing treatment at the hospital,” Parihar added.",2025-03-15T17:17:25+05:30,Times of India,1
f313a7c7e3d6f553df904c7663d8f58f,"Vadodara car crash: Accused Rakshit Chaurasia denies drunk driving, claims ‘lost control due to potholes’","Vadodara car crash: Rakshit Ravish Chaurasia, the 23-year-old man who allegedly crashed a car into multiple vehicles in Gujarat’s Vadodara, killing a woman and leaving four others injured, claimed on Friday that he was not drunk at the time of the incident late Thursday night. Vadodara car crash: Rakshit Chaurasia told the media that he was not drunk at the time of the incident. (ANI)

The accident occurred around 12.30am near Muktanand cross roads in the Karelibaug area following which the driver, Rakshit Chaurasia, was arrested, said deputy commissioner of police Panna Momaya.

Know the latest trending news with HT. Read detailed articles here

Also Read | Woman killed, 4 injured as high-speed car rams into 3 two-wheelers in Vadodara

It could be a case of drunk driving as eyewitnesses, who caught Rakshit Chaurasia at the scene, told the police that he appeared intoxicated and was screaming “another round, another round” after coming out of the car, the official said.

Later, Rakshit Chaurasia told the media that he was driving the car at a speed of 50 kmph when he lost control of the vehicle due to potholes on the road.

“The car lost control due to the potholes on the road. The car was running at a speed of around 50 kmph. There was a scooty and a car. I was not drunk. I want to meet the family members of the deceased because it was my fault. Whatever they wish should happen,"" he told reporters.

Rakshit Chaurasia expressed regret for the accident and termed it as an “understatement”. The accused said he wants to meet the family of the deceased and say sorry, “which is a very small word”.

“I did not do any party, I went for Holika Dahan and was not drunk,” he said.

Explaining how he allegedly lost control while driving, he said, “The car was automatic... when the airbags opened, I panicked and pressed the accelerator instead of brakes.”

Also Read | Netizens outraged as Vadodara hit-and-run accused gives interviews after accident, claims innocence

When asked about the girl's name he screamed after getting out off the car, he said he randomly shouted a name “in a state of panic” and also denied being drunk at the time of the incident.

Social media reacts

Rakshit Chaurasia's claim of innocence drew the ire of social media. A user named Tanmoy wrote on X, “Is He Now Released From Police Custody? A Brutal Crime Accused Is Holding A Press Meet,” he said.

“And even if He is not released, The Same Question remains, Who Gave Permission to Hold a Press Meet to an accused,” he asked.

Another user drew comparisons with the Pune hit-and-run case in which the teenage accused was released by a juvenile court on a condition that he write an essay on road safety.

“This is very shocking, police arrested & released Rakshit Ravish Chaurasia. He is studying law at MS University, killed one woman & injured 7 others after crashing his car into multiple 2-wheelers. Looks like Essay is downloading,” he post read.

What police said

The deceased woman has been identified as Hemali Patel, who was riding her scooter at the time of the accident.

Chaurasia, who originally hails from Varanasi in Uttar Pradesh, is a law student and lives in a PG accommodation here, Momaya told reporters.

“The car belonged to his friend Mit Pranshu Chauhan, who was sitting in the co-driver’s seat when Chaurasiya rammed the car into some two-wheelers at full speed while going towards Muktanand circle,” she said.

Efforts are being made to track down Chauhan, the official said.

In a video captured by an eyewitness, Chauhan comes out of the car with a wrecked front portion and starts blaming Chaurasiya for the crash.

Chaurasia, who appears incoherent, keeps shouting, “Another round? Another round?”. The video shows Chaurasiya getting thrashed by bystanders, who subsequently handed him over to the police.

In CCTV camera footage accessed by media, the speeding car can be seen hitting two scooters, knocking down the riders and dragging them along before coming to a halt.

“Primarily, the car was overspeeding. This can also be a case of drunk driving. We will conduct his medical test to determine whether he was under the influence of alcohol,” said DCP, adding that Chaurasiya does have a driving licence.",2025-03-15T07:44:04+05:30,Times of India,1
271a68b901e062ccc502dc8cc0746f90,"Woman killed, four injured as law student rams car into two-wheelers in Vadodara","Vadodara, A woman was killed on the spot and four others sustained injuries when a speeding car driven by a 20-year-old law student crashed into their two-wheelers in Gujarat’s Vadodara city in the early hours of Friday, police said. Woman killed, four injured as law student rams car into two-wheelers in Vadodara

The accident occurred around 12.30 am near Muktanand cross roads in the Karelibaug area following which the driver, Rakshit Chaurasiya, was arrested, said Deputy Commissioner of Police Panna Momaya.

Know the latest trending news with HT. Read detailed articles here

It could be a case of drunk driving as eyewitnesses, who caught Chaurasiya at the scene, told the police that he appeared intoxicated and was screaming “another round, another round” after coming out of the car, the official said.

The deceased woman has been identified as Hemali Patel, who was riding her scooter at the time of the accident.

Chaurasiya, who originally hails from Varanasi in Uttar Pradesh, is a law student and lives in a PG accommodation here, Momaya told reporters.

“The car belonged to his friend Mit Chauhan, who was sitting in the co-driver’s seat when Chaurasiya rammed the car into some two-wheelers at full speed while going towards Muktanand circle,” she said.

Efforts are being made to track down Chauhan, the official said.

In a video captured by an eyewitness, Chauhan comes out of the car, with a wrecked front portion, and starts blaming Chaurasiya for the crash.

Win exciting prizes daily View T&C Back Q. Which Indian city has the best quality of living? Delhi Mumbai Bengaluru Please wait a moment.

Chaurasiya, who appears incoherent, keeps shouting, “Another round? Another round?”. The video shows Chaurasiya getting thrashed by bystanders, who subsequently handed him over to the police.

In CCTV footage accessed by media, the speeding car can be seen hitting two scooters, knocking down the riders and dragging them along before coming to a halt.

“Primarily, the car was overspeeding. This can also be a case of drunk driving. We will conduct his medical test to determine whether he was under the influence of alcohol,” said DCP, adding that Chaurasiya does have a driving licence.

This article was generated from an automated news agency feed without modifications to text.",2025-03-14T11:21:33+05:30,Times of India,1
558788ecf1d1c15edd02fb87fe3912ef,"Leaning out of moving train for photos, 35-year-old tourist sustain critical injuries","A Chinese tourist in Sri Lanka was critically injured after she leaned out of a moving train to take photos and hit her head against a tunnel wall. The incident took place on March 9 on the Nanu Oya–Badulla route, reported the South China Morning Post. The incident took place in Sri Lanka on March 9.(Representational Image/Pexel)

The 35-year-old woman sustained serious head and leg injuries and was rushed to Haputale Regional Hospital before being transferred to two other hospitals for specialised treatment. Reportedly, she remains in critical condition.

Know the latest trending news with HT. Read detailed articles here

In response to the incident, the Chinese Embassy in Sri Lanka issued a notice on March 10, urging tourists to “stay away from train doors and do not lean out of train for photos.” The embassy also advised visitors to avoid playing near railway tracks.

Tourist dies

While this tourist survived, a similar accident in February had a fatal outcome when a 53-year-old Russian tourist died after falling from a train while attempting to take a photo.

The latest incident has sparked a wave of reactions online. “Do not copy them. Daredevil behaviour might look good but is really dangerous,” one social media user warned. Another added, “Losing your life over a photo is not worth it.”

A third person reflected on their own experience, saying, “I once tried to lean out of a moving train for a once-in-a-lifetime shot, but now I think of that moment, I feel scared. What do we travel for? A photo or real experience of the world?”

Also read: Final resting place of iconic ship discovered after 132 years: Tragic story of how it sank with millionaire owner

According to SCMP, Krish, a local tour guide, told the Chinese news outlet Hongxing News that many injuries and deaths have occurred due to similar risky behaviour. He advised tourists to opt for a slow train called Calypso, which is specifically designed for travellers who want to take photos safely.",2025-03-14T07:43:28+05:30,Times of India,3
b2a86bbb7930b96f02ebec2c3b3a58aa,"Three killed, three Injured in head-on collision of bikes in Shahjahanpur","A major accident took place late Wednesday night near the toll plaza near Mahanandpur village on the Puwanya-Sindhauli road in Shahjahanpur district, where two motorcycles collided head-on. The crash claimed the lives of three young men, including a D-Pharma student, while three others, including a woman and her four-year-old daughter, sustained serious injuries. (Pic for representation)

According to police, one of the motorcycles was being ridden by Anuj Mishra (25), a resident of Bela Cheda village in Puwanya, who was travelling with his wife Khushbu and their daughter Bhoomi. The family was returning to Roza’s ITI Colony from Barwar village in Lakhimpur Kheri after visiting relatives.

Know the latest trending news with HT. Read detailed articles here

Saurabh Tiwari (22) from Mahua Pathak village in Sindhauli was on another bike with his friends Vipin and Raju riding pillion. The trio had gone to Shahjahanpur for Holi shopping and was heading back to Puwanya when the fatal accident occurred.

Late in the evening, both bikes crashed into each other near the toll plaza. “The impact was severe, leaving all three young men critically injured. Police arrived at the scene and rushed the victims to the Community Health Centre (CHC), from where they were referred to the Government Medical College. However, doctors declared Saurabh, Vipin, and Anuj dead on arrival,” said SP city Sanjay Kumar.

Eyewitnesses revealed that both motorcycles were carrying three passengers each, none of whom were wearing helmets. Police suspect that an attempt to overtake another vehicle may have caused the bikes to come directly into each other’s path, resulting in the deadly collision.

Anuj’s wife Khushbu, and their daughter Bhoomi, were among the injured. They were admitted to the Government Medical College for treatment. Khushbu has not yet been informed of her husband’s death.

Win exciting prizes daily View T&C Back Q. Which Indian city has the best quality of living? Delhi Mumbai Bengaluru Please wait a moment.

Saurabh’s family was devastated upon hearing the news. However, unable to accept the doctors’ declaration, they arranged for a private ambulance and took him to another hospital.

Saurabh was the eldest of three brothers and was pursuing a D-Pharma course from a college in Bara village, Puwanya. His father, a farmer, broke down upon hearing the tragic news.",2025-03-13T20:12:30+05:30,Times of India,1
997b20a2ffeebd5ed65537a161ba3505,6 injured in road crash involving 3 vehicles in Thane,"Thane, Six persons, including a toddler, were injured in an accident involving three vehicles in Thane city of Maharashtra in the wee hours of Sunday, officials said. 6 injured in road crash involving 3 vehicles in Thane

The incident took place at 1.26 am at Cadbury junction bridge on the Eastern Express Highway, which is also the Mumbai-Nashik route, Thane Municipal Corporation's disaster management cell chief Yasin Tadvi said.

Know the latest trending news with HT. Read detailed articles here

Traffic on the route was affected for sometime.

The driver of a sand-laden dumper heading from Mulund Check Naka to Kasheli lost control over the wheels and as a result, the vehicle collided with a truck.

Due to the impact, the truck hit a car which was proceeding ahead while on way from Marine Drive in Mumbai to Anand Nagar on Ghodbunder Road in Thane, the official said.

Two of the car occupants got trapped in the vehicle.

After being alerted, local fire personnel and the regional disaster management cell team rushed to the spot and pulled out the six occupants of the car. The rescue operation took nearly one hour, the official said.

The six injured persons, including a one-year-old child and two other minors, were rushed to a private hospital for treatment, the official said.

Due to the accident, traffic from the Cadbury bridge to Ghodbunder Road was closed for nearly an hour, he said.

Win exciting prizes daily View T&C Back Q. Which Indian city has the best quality of living? Delhi Mumbai Bengaluru Please wait a moment.

Vehicles were diverted to the service road, causing slow movement.

Later, the fire brigade personnel, disaster management teams and traffic police shifted all the three damaged vehicles to the roadside and traffic movement on the route was fully restored.

Search was on for the dumper driver, who fled the spot after the incident, police said.

A case was registered against the dumper driver under relevant provisions of the Bharatiya Nyaya Sanhita and the Motor Vehicles Act.

This article was generated from an automated news agency feed without modifications to text.",2025-03-09T09:20:53+05:30,Times of India,1
21eeae61e7946748ad0f17a3f305453d,"Three dead, 20 injured in bus-lorry collision in Andhra Pradesh's Eluru","At least three people died, and 20 others were injured after a private travel bus collided with a lorry and overturned near Chodimellu village in Eluru. The accident occurred in the early hours of Thursday, officials confirmed. The bus, which was traveling from Hyderabad to Kakinada, reportedly lost control due to overspeeding.(Representational photo)

The bus, which was traveling from Hyderabad to Kakinada, reportedly lost control due to overspeeding and crashed into a lorry carrying cement.

Know the latest trending news with HT. Read detailed articles here

The impact of the collision led to the immediate death of three passengers, while the others suffered varying degrees of injuries.

The injured were transported to Eluru Hospital for medical treatment. Among them, the bus driver remains in critical condition.

Confirming the incident, Eluru Rural Police stated, “Three people killed and 20 injured after a private bus collided with a lorry near Chodimellu village in Eluru. The bus was en route to Kakinada from Hyderabad.”

Authorities have launched an investigation into the cause of the accident, with preliminary findings pointing to overspeeding as the primary factor. The identities of the deceased passengers are yet to be confirmed.

Another fatal accident in Andhra

In a separate incident, three more lives were lost in a lorry accident in the YSR district of Andhra Pradesh. The mishap occurred on Maddimadugu Ghat Road in Chintakomma Dinne Mandal when a lorry carrying fish feed from Bengaluru to Eluru suffered a brake failure.

Losing control, the vehicle plunged 50 feet into a valley, resulting in the death of both the driver and the cleaner. The deceased were identified as Sambayya and K Vivekananda Reddy from Kappakuntapalle in Chakrayapet mandal. While the driver was killed on the spot, the cleaner succumbed to his injuries at the hospital. The impact of the crash caused the lorry to split into three parts.

Authorities have urged motorists to exercise caution while driving, especially on high-speed highways and ghat roads. Investigations into both accidents are ongoing.",2025-03-06T10:06:43+05:30,Times of India,1
6e2df77191374d211b2fe8196ebac62d,3 killed as three lorries crash in Chitradurga,"Three people died on Wednesday in a crash between tree lorries on the outskirts of Chitradurga, police said. 3 killed as three lorries crash in Chitradurga

“The accident occurred at around 5.30 am on NH-4, just outside Chitradurga. A lorry transporting paddy from Chitradurga to Davanagere was parked beside the road due to a burst tire. The driver and cleaner of the parked lorry were attempting to change the tire when a lorry carrying LPG cylinders crashed into it. Within minutes, another lorry transporting watermelons also rammed into the parked truck,” Chitradurga Rural police inspector M Muthuraj told HT

Know the latest trending news with HT. Read detailed articles here

The deceased were identified as Periya Swamy (35), driver of a parked lorry; Shekhar (52), a cleaner of another lorry; and Mohammed Kaif (22), a cleaner from a third vehicle.

“The autopsy was conducted at Chitradurga district hospital, and the bodies were then handed over to their families. We have registered a case at Chitradurga Rural police station and launched an investigation,” he added.",2025-03-06T08:48:03+05:30,Times of India,1
e7233f471a3476d3c763e036f61b60db,"Car rams barricade at Singhu border, 1 dead","A 35-year-old man, who had gone to Indira Gandhi International (IGI) airport to pick up his mother and was travelling with her to their hometown of Jalandhar in Punjab, was killed in a freak accident near Singhu – the border between the Capital and Haryana -- after a tyre of the car they were travelling in burst, causing the driver to veer into a cement jersey barricade, police said on Thursday. Police registered a case under section 281 (rash driving), 125A (negligent act), and 106(1) (causing death by negligence) of the Bharatiya Nyaya Sanhita. (Getty Images)

A senior officer identified the deceased as Omkar Singh. He said the 35-year-old had gone with his friends Simran Singh, 30, and Amritpal Singh, 30, to IGI on Sunday to pick up his mother Jitender Kaur, 67, who had flown in from Canada. The four were in a Toyota Innova car – Simran Singh was driving – when the accident occurred.

Know the latest trending news with HT. Read detailed articles here

The jersey barricade in question was one in a series of cement roadblocks installed by police at Singhu border during the farmers’ protest in November 2020, to prevent the demonstrators from entering the Capital. The protest ended after the Union government in December 2021 rolled back the farm laws they were protesting against. However, this security layer is yet to be removed – the barricades were placed in the middle of the road, and though have since been moved, they still allow only a passage for traffic to cross.

Locals have often complained to police about removing the barricades.

Giving details about Sunday’s accident, the officer quoted above said, “When they started on the highway, the front right tyre burst. They were not speeding but the car was going towards the left. It hit the cemented barricades placed on the road.”

Win exciting prizes daily View T&C Back Q. Which Indian city has the best quality of living? Delhi Mumbai Bengaluru Please wait a moment.

The first information report (FIR), seen by HT, stated, “On interrogation from locals, it was revealed that an Innova hit the jersey barricades on the Singhu border flyover which led to the accident.”

The first responders to arrive at the scene were staff from Kondli police station in Haryana, who took the injured to hospital, where Omkar Singh’s body was preserved, and the others received treatment. The case was later transferred to Alipur police station in Delhi, under whose jurisdiction the incident took place.

Police registered a case under section 281 (rash driving), 125A (negligent act), and 106(1) (causing death by negligence) of the Bharatiya Nyaya Sanhita (BNS) and the post mortem was conducted on Monday, after which the body was sent to Jalandhar and all injured were discharged.

Rajesh Kumar, a sweet shop owner near the Singh Border, said, “Every now and then, accidents are reported on this stretch because of those barricades. We have communicated to police multiple times about removing them but they don’t. This time, a person even died.”

Deputy commissioner of police (outer north) Nidhin Valsan could not be reached for a comment.",2025-02-28T05:22:11+05:30,Times of India,1
92034d0337c5c1b5fc66f151ea78348b,"California judge charged with murder of wife, testifies ‘it was an accident’","A Southern California judge charged with the murder of his wife took the stand Monday to testify in his own defense, telling the courtroom he accidentally shot her with the gun he carried in an ankle holster. A judge from Southern California who is accused of killing his wife spoke in his own defence on Monday, claiming that he unintentionally shot her with the revolver he was carrying in an ankle holster.(AP)

Orange County Superior Court Judge Jeffrey Ferguson, 74, told a packed courtroom that he and his wife of 27 years, Sheryl, had been arguing about the lack of gratitude she felt his adult son from a prior marriage showed about financial support the couple had provided. Ferguson, who has pleaded not guilty, said he never intended to kill his wife.

Know the latest trending news with HT. Read detailed articles here

""I didn’t mean to kill her,"" he said. “It was an accident.”

Also read: Meerut court gives life term to four family members in 11-yr-old dowry murder case

Prosecutors said Ferguson had been drinking and the couple arguing when they went out to dinner Aug. 3, 2023, at a Mexican restaurant with their son, Phillip. Prosecutor Seton Hunt said the arguing continued at home until Sheryl Ferguson chided her husband to point a real gun at her, after which he did and pulled the trigger.

Ferguson said he had two or three drinks after getting home from work several nights a week, and when asked by his attorney, Cameron J. Talley, if he kept alcohol by his desk because he was an alcoholic, Ferguson shrugged and said, “Yes.”

Ferguson was taken into custody, and in comments captured on a police video recording, pleaded for a jury to convict him.

“I killed her,” Ferguson is heard saying. “I did it.”

The case has roiled the legal community in Orange County, home to 3 million people between Los Angeles and San Diego. Ferguson testified about 10 miles (16 kilometers) away from where he previously heard criminal cases, and a judge from Los Angeles is presiding over his trial to avoid a conflict of interest.

Talley, in his opening statement, said his client had been drinking when he began removing the gun he always carried in an ankle holster and went to place it on a table. Talley said Ferguson fumbled the gun, then reached to grab it and it went off with a “bang.” Talley called the shot an “accidental discharge.”

“He’s in shock,” Talley told jurors. “It’s dreamlike to him, and it doesn’t help that he’s a little drunk.”

The trial has included extensive footage from cameras worn by police officers who arrived at the couple's Anaheim Hills home after the shooting. There is also video footage of Ferguson handcuffed at the police station following his arrest, in which he's seen sobbing and saying his son and everyone would hate him.

Authorities said they found 47 weapons, including the gun, and more than 26,000 rounds of ammunition at the home. Hunt said Ferguson had ample experience and training in operating firearms and in handling criminal cases involving gun violence, and Phillip Ferguson testified that his father taught him firearm safety, including to always point a weapon in a safe direction.

Immediately after the shooting, Jeffrey Ferguson and his son both called 911, and Ferguson texted his court clerk and bailiff saying, “I just lost it. I just shot my wife. I won’t be in tomorrow. I will be in custody. I’m so sorry,” according to a copy of a text message Hunt showed jurors.

Ferguson was released on $1 million bail in 2023 but rearrested last year after Hunter found he had lied about drinking alcohol in violation of his bail conditions. Ferguson was later released on $2 million bail.

Ferguson has been an elected judge in Orange County for a decade but is not currently hearing cases. Under the state’s constitution, a judge who faces a felony charge can continue to draw a salary but can’t hear cases.

Ferguson began his legal career in the district attorney’s office in 1983 and went on to work narcotics cases, for which he won various awards. He was president of the North Orange County Bar Association from 2012 to 2014.

Also read: What the Court missed in the Allahbadia case

He was admonished by the Commission on Judicial Performance in 2017 for posting a statement on Facebook about a judicial candidate “with knowing or reckless disregard for the truth of the statement,” and for being Facebook friends with attorneys appearing before him in court, according to a copy of the agency’s findings.",2025-02-25T08:25:42+05:30,Times of India,3
2d58b7458494cf4c534a465cacf53c62,"Rajasthan: 5-year-old boy, who fell into borewell in Jhalawar, dies","The five-year-old boy who fell into a borewell in the Jhalawar district of Rajasthan on Sunday and was stuck at 32-feet depth was brought out dead on early Monday morning after around 16-hour-long operation by the NDRF and SDRF. After an approximately 16-hour operation, the five-year-old kid who fell down a borewell in the Jhalawar region of Rajasthan on Sunday and became trapped at a depth of 32 feet was pulled out dead early on Monday morning.(PTI/representative )

The rescue squads of the National Disaster Response Force (NDRF) and State Disaster Response Force (SDRF) pulled out the body at around 4 am on Monday, Gangdhar SDM Chhatarpal Choudhary said.

Know the latest trending news with HT. Read detailed articles here

The medical team present on the spot declared the boy dead after examination, he added.

Also read: 3 members of a family from Noida killed as car rams into truck in Rajasthan

The rescue operation withavailable means was started around an hour after the boy had accidentally slipped into the borewell on Sunday, and was later joined by the NDRF and SDRF, the SDM said.

The boy was supplied oxygen through a pipe, DSP Jaiprakash Atal said, adding that the post-mortem was underway.

Also read: 3 killed, 1 injured in bike collision in accident in Vasai

The boy's parents have submitted a complaint of accident in the matter and accordingly a case will be registered for further investigation, the DSP added.

The boy, identified as Prahalad's son Kalulal Bagariya, a resident of the Paraliya village under the Dug police station, fell into the borewell in the field while his parents were busy on other side of the field.",2025-02-24T12:34:51+05:30,Times of India,2
e5a44c07255f0c0196b1cd6b48d3b938,"MP: Six people from Karnataka, returning from Mahakumbh, killed in road accident","Six devotees from Karnataka were killed when their car hit the divider and rammed into a bus in Jabalpur district of Madhya Pradesh on Monday morning. The deceased were returning from Prayagraj after attending the Mahakumbh. Representational image.

“On Monday morning, eight people from Karnataka were returning from Prayagraj after attending Mahakumbh when they met with an accident in Pehrawa area of Jabalpur. Six died on the spot while two were injured. The injured were admitted to Jabalpur Medical College,” Jabalpur collector Deepak Saxena said.

Know the latest trending news with HT. Read detailed articles here

According to eyewitnesses, the driver lost control of the vehicle, and the car hit a tree and a divider before entering the opposite lane and colliding with a bus. No one was injured on the bus.

Saxena said the relatives of the deceased have been contacted and arrangements are being made to send the bodies to their homes in Karnataka’s Belagavi.",2025-02-24T11:39:52+05:30,Times of India,1
7945cdd7e010e7885d04aabc246ccf87,Kharar man killed in truck-scooter collision in Mohali,"A 50-year-old scooterist was mowed down by a speeding truck in Balongi on Friday afternoon. Mohali police arrested the accused truck driver, Maan Singh, who hails from Rajasthan. (iStock)

Police have identified the victim as Vishal Sharma, a resident of Sector 127, Kharar. According to police, Sharma was returning from Chandigarh after purchasing tiles for his house, accompanied by his acquaintances Rajinder Singh and Sumit Arora. The trio resides in the same society.

Know the latest trending news with HT. Read detailed articles here

Singh, who filed a police complaint, said he and Arora were riding on a bike behind Sharma when the accident occurred around 3 pm.

“A speeding truck overtook our bike and hit Sharma’s scooter from behind, causing him to fall. The truck’s rear tyre ran over his chest and head. We rushed Sharma to a local civil hospital where doctors declared him dead on arrival,” Singh told the police.

Police arrested the accused truck driver, Maan Singh, who hails from Rajasthan.

He was booked under Sections 281 (rash driving), 106 (causing death by negligence), and 324(4) (mischief) of the Bharatiya Nyaya Sanhita (BNS) at the Balongi police station.",2025-02-23T08:40:05+05:30,Times of India,1
fb5ec0b3f52118c846dc6d1ca13b348d,18-month-old child killed by speeding car being driven by 15-year-old in Delhi,"An 18-month-old child died allegedly after a speeding car being driven by a 15-year-old-boy hit him at Mukhmelpur village in Alipur in outer Delhi on Saturday morning, police said. The child was rushed to Satyawadi Raja Harish Chandra hospital by his uncle but was declared brought dead. (Representational photo)(Getty Images/iStockphoto)

The teenager attempted to flee the spot but was caught by locals and handed over to the police. Deputy commissioner of police (outer-north) Nidhin Valsan said they have taken legal action against him and the owner of the vehicle.

Know the latest trending news with HT. Read detailed articles here

Giving details of the incident, officers said the Alipur police station received information about a road accident involving a toddler at around 8.20 am. It occurred when the minor boy was driving the Tata Zest car that belonged to his 23-year-old brother, a resident of Ibrahimpur village in the area. The minor lost control of the allegedly speeding vehicle, which first rammed into a parked car and then hit the child who was playing near another car outside his house, the police said.

The child was rushed to Satyawadi Raja Harish Chandra hospital by his uncle Pradeep Kumar. “The investigating officer reached the hospital and learnt that the injured child was declared brought dead by doctors. The cause of death was a head injury caused due to a road accident. The body of the child was sent to Babu Jagjivan Ram Memorial hospital’s mortuary for autopsy. A case was registered, and legal action was taken,” added the DCP.",2025-02-23T06:38:13+05:30,Times of India,1
afa61460db127793855fc974d3803eeb,4 Bengal residents killed in Dhanbad car crash en route to Maha Kumbh in Prayagraj,"Four people from West Bengal on the way to Maha Kumbh in UP's Prayagraj were killed in Jharkhand's Dhanbad district in the early hours of Saturday as their car rammed into a truck parked on the roadside, police said. Early on Saturday morning, four West Bengalis travelling to Maha Kumbh in Prayagraj, Uttar Pradesh, were murdered after their vehicle collided with a truck stopped on the side of the road in Jharkhand's Dhanbad district, according to police.(Getty images/representative)

The incident happened on the National Highway 2 in Rajganj police station area around 1.30 am, they said.

Know the latest trending news with HT. Read detailed articles here

There were eight people in the four-wheeler, Rajganj police station in-charge Alisha Kumari said.

""Four people were killed on the spot, while four others were injured,"" she said.

Also read: Maha Kumbh: UP govt gears up for Mahashivratri, last major snan day

The injured persons were admitted to the Shahid Nirmal Mahto Medical College and Hospital (SNMMCH), she added.

Also read: Delhi: Two workers killed cleaning sewer in Narela

The deceased were identified as Sheikh Rajabali, who was the driver, Piyali Saha, Temuli Saha and Panoba Saha, all residents of Kamarpukur in Hooghly district of West Bengal.",2025-02-22T15:11:16+05:30,Times of India,1
ff9ca93c97d73fc5cb9374c4705e2abf,Cop probing accident on tracks hit by a train,"THANE: A Government Railway Police (GRP) sub-inspector from Kalyan was critically injured near Khardi on Friday morning while conducting panchnama of a woman who had fallen from a moving train at midnight. The officer, PSI Kailash Garje, sustained multiple fractures from the collision. Cop probing accident on tracks hit by a train

According to officials, Garje was preparing a panchnama of the accident when the collision occurred. “He was focused on completing the formalities and unaware of the approaching train,” said a GRP officer.

Know the latest trending news with HT. Read detailed articles here

Garje was immediately rushed to the Railway Hospital in Kalyan for treatment.

The deceased woman, who allegedly fell from the train around midnight, remains unidentified. A local disaster management team reached the spot, and with the help of GRP, shifted her body to the Shahapur Sub-District Hospital. Authorities have launched an investigation to find out what caused her to fall and to trace her relatives. The incident marks the second death at the same location this week, with a 26-year-old unidentified woman found dead on Tuesday, reportedly after falling from a train.

These incidents have raised concerns among local authorities and railway officials. The back-to-back incidents have prompted officials to consider revision of safety protocols for railway personnel conducting accident-related duties in high-risk areas, the officer said.",2025-02-22T08:32:03+05:30,Times of India,3
e7f2ee1fc8c64b4531a3ee728a1c2773,Seven killed in 2 road mishaps in Tarn Taran,"Seven persons were killed in two separate road mishaps in Tarn Taran district. Seven persons, including a couple, were killed in two separate road mishaps in Tarn Taran district. (Representational image)

Three of a family died in an accident on the Tarn Taran-Patti road near Lahuka village on Tuesday when the official vehicle of the SDM, Patti, rammed into their bike.

Know the latest trending news with HT. Read detailed articles here

The deceased were identified as Rajbir Kaur, Jashandeep Singh and Sangram Singh, all residents of Asal village of Tarn Taran district.

In another mishap, two bikes collided head-on near Gandiwind village falling under the Sarai Amanat Khan police station late Monday night. The impact of the collision was so strong that it resulted into the death of a couple and two other persons.

The deceased have been identified as Gaurav, 30, and his wife Mansi, both residents of Gandiwind village. The other deceased were identified as Rahuldeep Singh and Jashandeep Singh, both residents of Gahri village, Amritsar district.",2025-02-19T07:18:03+05:30,Times of India,1
7dda2077fa073c34f335b16cab34af13,Maharashtra: 3 injured after SUV rams into victims in Thane housing complex,"Three persons were injured after an SUV rammed into them in a housing complex in Maharashtra's Thane district on Tuesday, police said. On Tuesday, an SUV struck three people at a housing complex in the Thane region of Maharashtra, causing injuries.(PTI/representative )

A video of the incident that took place in the Kashimira area in the morning has surfaced on social media.

Know the latest trending news with HT. Read detailed articles here

An official from the Kashigaon police station said the SUV dashed into three persons in the housing complex.

Also read: 5 dead, 30 injured as bus falls into drain in Punjab’s Faridkot district

The injured persons were undergoing treatment at a local hospital.

The official said a case under relevant provisions of the Bharatiya Nyay Sanhita and Motor Vehicles Act has been registered against the driver, who has been detained.

In the video, the rashly-driven SUV can be seen ramming into the victims.",2025-02-18T19:05:26+05:30,Times of India,1
22d8a579348d9c43fd079ddbb6e16f06,"Crash, fireball, flip: New video shows Delta Airlines' eventful landing","A Delta Airlines jet carrying 80 people, including 76 passengers and four crew members, was involved in a dramatic crash landing at Toronto's Pearson Airport on Monday afternoon. The plane, a Mitsubishi CRJ-900LR, flipped onto its roof while attempting to land at around 2.15 pm. All passengers survived, though 18 were hospitalized with minor injuries, according to airport officials. An aircraft from Delta Airlines sits upside down on the tarmac at Toronto Pearson International airport,.(AP)

The flight, which had departed from Minneapolis, encountered severe weather conditions as snow, driven by winds gusting up to 40 mph (65 kph), swirled across the runway. Despite normal communications between the pilot and air traffic control during the plane's approach, something went wrong when the aircraft touched down, sending it careening off course.

Know the latest trending news with HT. Read detailed articles here

A video, which has gone viral on social media, shows the moment the flight landed and the impact and flip that followed.

Passengers recount horror

Peter Carlson, a passenger heading to Toronto for a paramedics conference, described the landing as “very forceful.” He recalled the moment: ""All of a sudden, everything just kind of went sideways, and then next thing I know, it’s kind of a blink and I’m upside down, still strapped in.""

Carlson and other passengers assisted in helping those nearby, including a mother and her young son, out of the plane. He described the snow-covered tarmac as “feeling like tundra,” but said he and his fellow passengers were more concerned about getting to safety than the freezing conditions.

Deborah Flint, CEO of the Greater Toronto Airports Authority, expressed gratitude that no deaths occurred, emphasizing that the injuries sustained were relatively minor. ""We are very grateful there was no loss of life,"" she told reporters.

Aviation accidents on the rise

The crash is the latest in a series of significant aviation incidents in North America. Just weeks before, a deadly helicopter crash in Washington D.C., a plane crash in Philadelphia, and an Alaskan crash left dozens dead. The last major incident at Pearson was in 2005, when an Airbus A340 from Paris skidded off the runway and caught fire, though no fatalities occurred at the time.",2025-02-18T18:08:41+05:30,Times of India,3
3217eb070f7798b22be210cacb4f7dbc,"Rajasthan: 5 dead, 3 injured in road accident while returning from Maha Kumbh Mela","Five people returning from the Maha Kumbh mela died and three got injured when their car rammed into a truck in Rajasthan's Dausa district on Tuesday, police said. In Rajasthan's Dausa district on Tuesday, a car crashed into a truck, killing five people and injuring three more who were returning from the Maha Kumbh mela, according to authorities.(Getty images/representative )

The accident happened on Dausa bypass. Five of the six people, all residents of Deoli in Tonk district, travelling in the car died, Dausa DSP Ravi Prakash Sharma said.

Know the latest trending news with HT. Read detailed articles here

Also read: 30 bikes seized in Ayodhya as bikers exploit pilgrims during Maha Kumbh

Deepesh Parwani, one of the car passengers, truck driver Dharamveer and his helper Ramcharan got injured in the accident, he said, adding that those killed were Mukut Bihari, his wife Guddi Devi, Nidhi Soni, Rakesh and Nafees.

The car passengers were returning home after attending the Maha Kumbh mela in Uttar Pradesh's Prayagraj, the police said.

Also read: Panchkula: Truck-bike collision claims biker’s life, pillion rider critical

They said that it took about an hour for the police to recover the bodies that were stuck in the car.",2025-02-18T15:18:33+05:30,Times of India,1
3780802e00bcb45ae089fc777f79ef61,UP: 4 members of family killed in Etah district road accident,"Four members of a family, including two children, were killed and five injured when their car fell into a canal near Jarera village, a police official said on Friday, According to a police officer on Friday, a family's automobile crashed into a canal close to Jarera hamlet, killing four of them—two of them children—and injuring five more.(Hindustan Times/representative )

The accident took place on Thursday night when the family was returning to Jalesar in Etah district from Aligarh after attending a marriage function.

Know the latest trending news with HT. Read detailed articles here

Also read: Caught on CCTV: Lucknow bike rider thrown into air after high-speed collision with car

The deceased include Bablu (45), his brother's wife Poonam (35), Poonam's daughters Kavya (3) and Bhumi (1), Superintendent of Police Chiranjeev Nath Sinha said.

The injured are being treated at the community health centre in Sikandra Rau.

The bodies of the deceased have been sent for postmortem, the SP said.",2025-02-14T11:46:04+05:30,Times of India,1
a87075084c604aa38233cc5b1c011b4a,"3 women labourers, toddler killed as dumper truck falls on them in Gujarat's Banaskantha","Three women labourers and a toddler were crushed to death when a dumper truck carrying sand overturned and fell on them in Gujarat's Banaskantha district, police said on Sunday. The accident site in Gujarat's Banaskantha where a dumper truck overturned, leaving four persons dead.(PTI)

The incident occurred at Khengarpura village in the district on Saturday evening when a group of labourers was engaged in road construction work, they said.

Know the latest trending news with HT. Read detailed articles here

The dumper tried to make its way through a narrow passage and overturned, falling on three women engaged in the road construction work, Deputy Superintendent of Police SM Varotariya said.

A child belonging to a labourer's family also died in the incident, he said.

""The labourers were engaged in digging soil for the construction of a wall on the side of the road when the truck filled with sand tried to negligently navigate through the narrow turn. The driver lost control over the truck, and it fell on the three women who were working and a child who was playing there,"" he said.

It took nearly two hours to pull out the women and the child trapped under the truck with the help of cranes and bulldozers, officials said.

The four persons were then rushed to a government hospital where they were declared dead, the officials said.

Nearly 10 labourers were engaged at the site where the accident occurred, Tharad police inspector RR Rathwa said.

The dumper driver was detained and the process of registering an FIR against him was underway, he added.

Jaideep Trivedi, medical officer at the government hospital in Tharad, said four persons were brought dead to the hospital.

The police were informed and the bodies were shifted for post-mortem, he said.

The deceased have been identified as Renukaben Ganawa (24), Sonalben Ninama (22), Ilaben Bhabhor (40) and Rudra (2), according to officials.",2025-02-09T13:44:22+05:30,Times of India,1
67ab9c49e648384cfadf81b198529063,"44-yr-old Bicyclist hit by car on Gurugram road, dies","Gurugram: A 44-year-old bicyclist was killed while standing along Hamilton Court road in Sector 28, Gurugram after he was allegedly hit by a Mahindra Thar, police said on Saturday. The victim worked as a chauffeur for the CEO of a leading telecom firm who lived in Sector 30. After the day’s work, he was returning on bicycle when the accident occurred. (Representational image)

The incident took place on Friday at about 9pm as the victim, Rajkumar Singh, originally from Samastipur, Bihar, was returning to his rented accommodation at Chakkarpur in Sector 28.

Know the latest trending news with HT. Read detailed articles here

Commuters rushed him to a private hospital in Sector 43 but doctors declared him “brought dead” and police were alerted, officers said.

Singh worked as a chauffeur for the CEO of a leading telecom firm who lived in Sector 30. After the day’s work, he was returning on bicycle when the accident occurred, he said.

“He was standing at the spot just when a UP registered Mahindra Thar hit him. Commuters alerted his CEO using Singh’s phone before he was rushed to the hospital,” he said.

“Prima-facie it has surfaced that the Thar driver, identified as Shashank Kumar, 28, of Nathupur in DLF Phase-III, was speeding. He was arrested a few hours later. It was a borrowed vehicle that was impounded from the spot,” he said.

Following a complaint from the telecom firm’s official, an FIR was registered against the Thar driver under sections 106 (causing death by negligence) and 281 (rash driving or riding on public way) of BNS at DLF police station in Sector 29 on Saturday, officers said.",2025-02-09T08:48:19+05:30,Times of India,1
f95beed5f22a63d4a55d972bd3e18a3c,Indian-origin executive gets 25-year-jail term for drunk driving crash in New York that killed 2 teens,"A 36-year-old Indian-origin construction executive has been sentenced to up to 25 years for driving at 150 kmph while drunk and high on cocaine resulting in a crash that killed two teenagers in the US, according to media reports. A 36-year-old construction executive of Indian descent was given a term of up to 25 years in prison for driving at 150 kmph while intoxicated and under the influence of cocaine, which caused a collision that claimed the lives of two teens in the United States.(Hindustan Times/representative )

The wrong-way crash took place in 2023 on Long Island in New York.

Know the latest trending news with HT. Read detailed articles here

Amandeep Singh was sentenced on Friday to eight-and-a-third to 25 years in prison for the deaths of 14-year-old Ethan Falkowitz and Drew Hassenbein in the drunk driving crash in Nassau County, the New York Post reported.

Singh appeared stonefaced and barely acknowledged the victims' family members as he entered the courtroom Friday in Mineola.

Hundreds of tearful friends and loved ones packed a Nassau County courtroom as Singh was sentenced to up to 25 years for the deaths of Roslyn Middle School eighth-graders Falkowitz and Hassenbein on May 3, 2023, the report added.

Also read: Drunk Russian woman creates ruckus on Raipur road after car accident. She was sitting on driver’s lap before crash

“Instead of picking up my son at school, I had to identify him at the morgue. It’s inhuman torture,” Drew’s father, Mitch Hassenbein, said in court – calling Singh “the definition of evil.”

Drew's 85-year-old grandfather shouted at Singh.

""Why didn't you go home, you turkey. You're a bad, bad guy. You're now sorry after you killed wo beautiful boys?"" he said.

Singh spoke in court for the first time, calling his actions the epitome of stupidity and selfishness.

""This was all my fault. Losing a child is the greatest grief. I have committed the great sin. If anyone should have died, it should have been me,"" he said.

In May 2023, both the tennis stars were on their way home from a tennis tournament victory dinner on North Broadway in Jericho when police say Singh drove his pickup truck the wrong way at 95 mph (150 kmph) in a 40 mph zone and struck the boys' car, killing the two middle schoolers and injuring two other teens, the CBS news reported.

Singh was drunk and high on cocaine with a blood alcohol content of .15 – nearly twice the legal limit – with cops recovering a bottle of tequila from his truck, the New York Post reported.

The married father of two later fled the scene and hid behind a dumpster at a nearby shopping centre, where he was busted by cops. Prosecutors said Singh was so drunk he thought he was in New Jersey, the report added.

Singh initially pleaded not guilty to a 15-count indictment on aggravated vehicular homicide, leaving the scene and driving drunk and impaired charges.

Police body camera video appeared to show him trying to flee and hide behind a dumpster, and then lying to police.

""He was disoriented, his speech was slurred,"" Nassau County District Attorney Anne Donnelly said last month. ""He was adamant he was not involved in the crash.""

Singh later changed his plea to guilty in early January.

Also read: A small plane loses altitude after takeoff and slams into a Sao Paulo avenue, killing 2 passengers

""Amandeep Singh accepted full responsibility for what happened on that tragic night. He will live with it for the rest of his life. Irrespective of the punishment the justice system gives him, he will feel his own punishment forever,"" defence attorney James Kousouros said at the time.

The district attorney said there was no plea deal and there would be no reduced sentence.",2025-02-08T14:15:38+05:30,Times of India,1
dec87020ed3f88781c44620d954dd4b0,Recent aviation disasters cause fears about the safety of flying,"The spate of recent aviation disasters and close calls have people worried about the safety of flying. People are wondering whether their flight is safe.(Pexels)

The midair collision that killed 67 near Washington, the fiery plane crash in Philadelphia and now a missing plane in Alaska are only the most high-profile disasters. There was also a Japan Airlines plane that clipped a parked Delta plane while it was taxiing at the Seattle airport earlier this week and a United Airlines plane caught fire during takeoff at the Houston airport Sunday after an engine problem sparked a fire on the wing.

Know the latest trending news with HT. Read detailed articles here

That's not even to mention the security concerns that arose after stowaways were found dead inside the wheel wells of two planes and aboard two other flights. And don't forget about the time that a passenger opened an emergency exit door on a plane while it was taxiing for takeoff in Boston. Also read | Mirage 2000 fighter aircraft crashes in Madhya Pradesh; 2 pilots eject safely

So of course people are wondering whether their flight is safe?

What happened in the worst incidents?

The Jan. 29 collision between an American Airlines passenger jet and an Army helicopter killed everyone aboard both aircraft. It was the deadliest plane crash in the U.S. since Nov. 12, 2001, when a jet slammed into a New York City neighborhood just after takeoff, killing all 260 people on board and five on the ground. There hadn't even been a deadly crash of any kind involving a U.S. airliner since February 2009.

Crashes are more common involving smaller planes like the single-engine Cessna that went missing in Alaska on Thursday with 10 people aboard. Crews were searching for that plane Friday.

A medical transportation plane crashed in Philadelphia on Jan. 31, killing the six people onboard and another person on the ground. That Learjet generated a massive fireball when it smashed into the ground in a neighborhood not long after taking off from a small airport nearby. Also read | Washington air crash: Remains of all 67 victims recovered, 1 unidentified

How worried should I be?

Fatal crashes attract extraordinary attention partly because they are rare. The track record of U.S. airlines is remarkably safe, as demonstrated by the long stretch between fatal crashes.

But deadly crashes have happened more recently elsewhere around the world, including one in South Korea that killed all 179 people aboard in December. There were also two fatal crashes involving Boeing’s troubled 737 Max jetliner in 2018 and 2019. And last January, a door plug blew off a 737 Max while it was in flight, raising more questions about the plane.

And federal officials have been raising concerns about an overtaxed and understaffed air traffic control system for years, especially after a series of close calls between planes at U.S. airports. Among the reasons they have cited for staffing shortages are uncompetitive pay, long shifts, intensive training and mandatory retirements.

President Donald Trump added to those concerns Thursday when he blamed the midair collision on the “obsolete” air traffic control system that airports rely on and promised to replace it.

But even with all that, Transportation Secretary Sean Duffy went on Fox News earlier this week and tried to assure viewers that air travel is ""way safer than traveling in a car and train. This is the safest mode of transportation.”

And the statistics back that up.

The National Safety Council estimates that Americans have a 1-in-93 chance of dying in a motor vehicle crash, while deaths on airplanes are too rare to calculate the odds. Figures from the U.S. Department of Transportation tell a similar story.

What is being done?

The National Transportation Safety Board and Federal Aviation Administration are investigating these recent crashes and close calls to determine what caused them and look for ways to prevent similar incidents.

There have already been troubling revelations about the midair collision, but it will take more than a year to get the full report on what happened. Also read | 236 deaths, 6 horrific crashes: December a dark month for aviation industry

The NTSB always recommends steps that could be taken to prevent crashes from happening again, but the agency has a long list of hundreds of previous recommendations that have been ignored by other government agencies and the industries it investigates.

But Duffy said the public is right to say that crashes like the recent ones are unacceptable. That is why he plans to make sure “safety is paramount” as he leads the agency that regulates all modes of transportation.

“I feel really good about where we’re at and where we’re going and the plans we have in place to make sure we even make the system safer and more efficient than it is today,” Duffy said in the Fox interview.",2025-02-08T13:41:04+05:30,Times of India,2
f58ae82cdba66fd44f51fafa48ae8dfc,Biker crushed to death as truck topples over on Gurugram road,"A 38-year-old motorcyclist was crushed to death when a speeding container truck toppled over him at a sharp bend on the Sohna-Tauru Road on Thursday afternoon, police said, adding that the truck driver fled from the scene after the crash. Commuters alerted the police control room, and an emergency response vehicle was dispatched to the scene, officers aware of the case said (HT Photo)

According to investigators, the incident took place around 12.30pm near Pahad Colony in Sohna Valley. The truck was travelling downhill towards Sohna, while the victim was riding back to Ghaziabad after picking up a parcel from Rewari.

Know the latest trending news with HT. Read detailed articles here

The deceased was identified as Sharib Tasvir, a resident of Rashid Nagar in Meerut, Uttar Pradesh. He lived in Pasonda, Hindon, Ghaziabad, with his family and worked as a sales executive at a courier firm, police said.

A senior police officer said that Tasvir had stopped on the roadside to attend a phone call when the accident took place. “The call was ongoing when the loaded truck lost control and toppled at the bend after the driver failed to negotiate the turn at a high speed,” the officer said. “Before Tasvir could have understood anything, the loaded truck toppled over him and his motorcycle and crushed him to death instantly,” he added.

Commuters alerted the police control room, and an emergency response vehicle was dispatched to the scene, officers aware of the case said. However, it took nearly half an hour to extricate Tasvir from under the truck, as rescuers had to wait for a crane to lift the heavy vehicle. He was rushed to Sohna Subdivisional Hospital, where doctors declared him dead.

Sandeep Kumar, public relations officer of Gurugram police, said that the truck driver had fled the scene soon after the accident. “The accident affected traffic movement on the Sohna-Tauru Road for more than an hour. The toppled truck was later removed with a crane and impounded along with the deceased’s motorcycle. It was not yet clear what was loaded inside the truck as the container was sealed,” Kumar said. He added that a notice would be issued to the truck owner to trace and arrest the driver.

Win exciting prizes daily View T&C Back Q. Which Indian city has the best quality of living? Delhi Mumbai Bengaluru Please wait a moment.

Based on a complaint by the deceased’s brother, Atif Tasvir, an FIR was registered against the unidentified truck driver under sections 106 (causing death by negligence) and 281 (rash driving and riding on a public way) of the Bharatiya Nyaya Sanhita at City Sohna police station on Thursday night. The body was handed over to the family after an autopsy on Friday.",2025-02-08T05:48:09+05:30,Times of India,1
a93befc7461fcf85d7f3fea596253e31,Six killed in two separate truck accidents in Madhya Pradesh,"Six persons were killed in two separate accidents involving trucks in Madhya Pradesh's Umaria and Bhind districts on Thursday, police said. Around 7.30 am, two speeding trucks collided in Umaria, killing three ladies and one man and injuring another.(PTI/representative)

In Umaria, three women and a man were killed and another person was injured in a collision between two speeding trucks at around 7.30 am, an official said.

Know the latest trending news with HT. Read detailed articles here

The accident took place on National Highway 43, near an eatery in Pali area, 38 km from the district headquarters.

One of the trucks was on way to Umaria from Shahdol, while the other truck was heading in the opposite direction.

Also read: 12-year-old boy crushed by dumper truck in Belapur

While three women in the Umaria-bound truck died on the spot, a man travelling in the other vehicle died at the district hospital, Pali police station house officer Madan Lal Marabi said.

Efforts were on to identify the victims, he said.

In a separate accident, the drivers of two trucks were killed after both the vehicles collided on a highway in Bhind district, another official said.

The incident took place near Kheria Bagh village at around 1.30 am.

One of the trucks, loaded with paddy, was on way to Bareilly town in Uttar Pradesh, while the other vehicle carrying vegetables was moving towards Etawah city in UP, Mehgaon town's Sub Divisional Officer of Police Sanjay Kochha said.

Also read: 1 killed, 4 injured as car rams into parked truck in Dwarka E-way

Both the truck drivers died on the spot. They have been identified as Devendra Singh Meena (33) and Luvkush Kushwaha (40), the official said.",2025-02-06T15:10:37+05:30,Times of India,1
b83473bc35286de841db39de1ba336af,"Chhattisgarh: 3 teens skip school for tractor joyride, killed in accident","Three minor boys were killed and another was injured when a tractor on which they were riding after skipping school overturned in Chhattisgarh's Dhamtari district, police said on Thursday. While three of the teenagers got trapped under the tractor and died on the spot, another boy sustained serious injuries.(Getty Images/representative)

The accident took place on Wednesday near Charra village under Kurud police station limits, a police official said.

Know the latest trending news with HT. Read detailed articles here

The deceased have been identified as Pritam Chandrakar (16), Mayank Dhruv (16), residents of Mogra village, and Honendra Sahu (14), from Charra. The injured boy, Arjun Yadav, is a native of Banagar, he said.

Also read: 3 friends set to appear for CBSE board exams killed in road accident in Bihar's Kishanganj

Chandrakar took out his tractor and all the four then went to Kurud for a ride on it after skipping school, he said.

On way back, Chandrakar, who was driving the tractor, lost control over the vehicle following which it overturned near an agriculture college at Charra, the official said.

While three of the teenagers got trapped under the tractor and died on the spot, another boy sustained serious injuries, he said.

After being alerted by locals, police reached the spot and sent bodies for post-mortem.

The injured boy has been admitted to hospital.

A case has been registered in this connection and further investigation is underway, the police said.

According to officials, the damaged 'side shoulders' (embankment of soil provided on a road edge) in rural areas lead to such accidents.

Also read: Dad who ran over 3-year-old son with tractor fist pumps in court as he is found not guilty

In the Charra area, the 'side shoulders' have not been filled properly and there are pits on the road sides, which may have caused the tractor to overturn, they said.",2025-02-06T14:49:00+05:30,Times of India,1
2428f8c40132c01c684a561e88591382,"Tesla tragedy: Woman killed as car flips, goes up in flames in Manhattan","A woman driver was reportedly pronounced dead at the scene after she and her passenger were ejected from a Tesla vehicle on the FDR Drive in Manhattan, NYC. The cause of the crash has yet to be revealed. A female driver was killed after a Tesla flipped and caught flames in Manhattan on early Tuesday morning.(New York Post)

Per several US media reports, the unimaginable tragedy occurred early Tuesday as the car struck a guardrail and flipped on the FDR Drive near 70th Street on the Upper East Side. According to the NYPD, the accident took place just after 2:30 am, and the Tesla even burst into flames on the scene.

Know the latest trending news with HT. Read detailed articles here

Also read | NBA legend Michael Jordan's son behind bars: Mugshot released after alleged cocaine possession, series of crimes

Heart-dropping snaps of the aftermath show the shattered remains of what was once a car. Due to the electric car catching fire, only the inner framework remains, revealing a hollow view of the vehicle. The front end of the car also came apart, with huge chunks lying elsewhere.

Speeding suspected as the cause of the NYC Tesla crash

Witnesses claimed to have witnessed the Tesla speeding before crashing into the guardrail, according to the Daily Mail. A local even told Eyewitness News that the electric car was going “at least 120, 130 mph” before the fiery wreck. “And then when he hit the other car, the damage was just so much that it split in half. And that just started going on fire,” he said.

Also read | ‘Potentially deadly’: Chocolate recall upgraded to highest risk level in 9 American states | FDA

At least 60 firefighters and an FDNY hazmat team were on the scene to extinguish the car's lithium-ion battery. In the meantime, the busy NYC highway's northbound lanes were closed for several miles. Fire crews finally put out the fire by 3:50 am, per NY Daily News.

The deceased victim hasn't been identified yet. Meanwhile, the 26-year-old male passenger who survived the blazing crash was rushed to New York Presbyterian Hospital - Cornell. Authorities said that he is in a stable condition.

This is an ongoing investigation.",2025-02-04T21:36:54+05:30,Times of India,1
1e87eb0e189e5b46acbb0a595667617c,Navi Mumbai: 45-year-old man killed by 2 riders in road rage,"A 45-year-old man was attacked and killed by two unidentified two-wheeler riders in a road rage incident in Navi Mumbai, police said on Tuesday. In a road rage incident in Navi Mumbai, two unidentified two-wheeler riders assaulted and murdered a 45-year-old man.(Hindustan Times/representative)

The police have registered a murder case in connection with the attack that occurred in Kharghar on Sunday night, an official said.

Know the latest trending news with HT. Read detailed articles here

He said the victim, Shivkumar Roshanlal Sharma, a resident of Vashi, was riding his two-wheeler on the Belpada-Utsav Chowk road when he allegedly cut in front of two persons on a scooter.

Also read: Criminal believed killed in encounter found alive in Rajasthan

The official said that angered by the manoeuvre, the accused duo stopped Sharma's scooter and confronted him. One of them grabbed the victim, while the other accused hit him on the head with a helmet.

He said Sharma collapsed on the spot, and passersby rushed him to a nearby hospital, where doctors declared him dead on arrival.

Also read: 1 killed, 4 injured as car rams into parked truck in Dwarka E-way

The official said the police are examining CCTV footage from the area and gathering witness statements to trace the perpetrators.",2025-02-04T15:39:04+05:30,Times of India,1
04adcc23bc0cf9cc7387166ba03a9bf1,"Five pilgrims, travelling to Dwarka, killed as bus falls into gorge in Gujarat","Five persons were killed and 17 others suffered grievous injuries after a private bus carrying pilgrims fell into a deep gorge in Gujarat's Dang district early Sunday morning, police said. The bus, carrying 48 pilgrims, fell at a depth of about 35 feet into the gorge.(Representational image)

The accident occurred at around 4.15 am when the driver of the bus lost control over the wheels near the Saputara hill station, in-charge Superintendent of Police SG Patil said.

Know the latest trending news with HT. Read detailed articles here

The bus, carrying 48 pilgrims, broke the crash barrier and fell at a depth of about 35 feet into the gorge, he said.

Five persons -- two women and three men -- died on the spot, the official said.

""Five pilgrims died and 17 others suffered serious injuries and have been rushed to a civil hospital at Ahwa. Some others have sustained minor injuries. The rescue operation is nearly over,"" the official said.

The bus was carrying 48 pilgrims from Trimbakeshwar in Maharashtra to Dwarka in Gujarat when the accident took place, he said.

The pilgrims were from Guna, Shivpuri and Ashok Nagar districts of Madhya Pradesh, the official said.",2025-02-02T09:53:11+05:30,Times of India,1
f6e65f8d2bd27264de4b15fc75db0690,Maha Kumbh: 10 injured after van carrying devotees overturns in UP's Barabanki,"Ten people were injured when a pick-up van carrying devotees returning from Prayagraj Maha Kumbh overturned in the Safdarganj area here, police said on Saturday. A pick-up van transporting devotees returning from Prayagraj Maha Kumbh crashed in the Safdarganj district here on Saturday, injuring ten persons, according to police.(Hindustan Times/representative)

According to police, the vehicle went out of control and turned on its head near Maulabad village in the Safdarganj Police Station area Friday evening.

Know the latest trending news with HT. Read detailed articles here

Also read: Varanasi suspends Ganga Aarti till February 5 amid crowd at Prayagraj Mahakumbh

Of the 10, four were seriously injured and were rushed to the district hospital.

The rest were treated at a government hospital in Sirauli Gauspur, police said.",2025-02-01T11:57:59+05:30,Times of India,1
5c19991b36561396ae2d6eb13864afb1,"1 dead, 11 missing as cruiser plunges into Bhakra canal in Haryana's Fatehabad","One person was killed while 11 others were swept away after a Force Motors Cruiser carrying 14 passengers plunged into the Bhakra canal in Haryana's Fatehabad district, police said on Saturday. According to authorities on Saturday, a Force Motors Cruiser carrying 14 people crashed into the Bhakra canal in the Fatehabad district of Haryana, killing one person and sweeping 11 others away.(Hindustan Times/Sakib Ali/representative)

A man and an 11-year-old boy were rescued, police said, adding that a rescue operation is underway.

Know the latest trending news with HT. Read detailed articles here

The incident occurred at Sardarewala village in Ratia on Friday night, when dense fog engulfed the area, police said.

Also read: Auto passenger killed in hit-and-run accident in Panchkula

The passengers, many of whom were from Mehmara village, were returning after attending a wedding ceremony at a village in Punjab's Fazilka district, police said.

When the Cruiser reached near Sardarewala village, the driver reportedly lost control of the vehicle because of low visibility caused by dense fog, and it fell into the Bhakra canal, they said.

""We have retrieved the body of a man. Efforts are on to trace the 11 missing passengers,"" an officer said.

Also read: Punjab: Farmers seek special allocation for MSP guarantee in Union budget

Teams of the National Disaster Response Force, State Disaster Response Force and divers are conducting the rescue operation, the officer added.",2025-02-01T11:26:41+05:30,Times of India,1
14da1f8bd4c943de4fc50ef63af087a6,12 die as pick-up van collides with truck in Punjab’s Ferozepur,"At least 12 people were killed when a pick-up van and a Canter truck collided in Ferozepur on Friday morning. Police said the pick-up was ferrying labourers from Guru Har Sahai, a sub-division in Ferozepur district, to Jalalabad in neighbouring Fazilka district when the accident took place. (HT File)

Police said the pick-up was ferrying labourers from Guru Har Sahai, a sub-division in Ferozepur district, to Jalalabad in neighbouring Fazilka district when the accident took place at 8.40am.

Know the latest trending news with HT. Read detailed articles here

The collision took place near Mohan Ke Uttar village, about 36km away from district headquarters, on the Ferozepur-Fazilka road.

“Twelve people have died,” said Saumya Mishra, Ferozpeur senior superintendent of police.

“As soon as the incident was reported, teams from the Sadak Surakhya Force (SSF) reached the spot and started the rescue operation with the timely help from local villagers,” said the SSP.

Unconfirmed reports suggest that pick-van was carrying nearly 30 people.

A case under Bharatiya Nyaya Sanhita (BNS) sections 106 (causing death by negligence), 281 (rash driving), 125 (a), 125 (b), both pertaining to endangering lives, and 324(4) has been registered against unknown driver of the Canter (RJ-19-GG-2581) at the Guru Har Sahai police station,” she added.

The deceased have been identified as Lakhan Kumar, Mukesh Kumar, Gobinda, Vicky, Ravi, Chand Singh, Sukhwinder, Jaswant Singh, Bagga Singh, Malkit Singh and Shudh Ram, all Ferozepur residents.

Of the 14 injured, 10 have been referred to the Guru Gobind Singh Medical College and Hospital, Faridkot, while the rest were admitted to the Ferozepur civil hospital,” said deputy commissioner Deepshikha Sharma. The DC said that the district administration will bear the treatment cost of all injured.

Win exciting prizes daily View T&C Back Q. Which Indian city has the best quality of living? Delhi Mumbai Bengaluru Please wait a moment.

“The bodies will be handed over to the families after the autopsy,” said the DC, adding that a probe has been ordered and action will be taken on the basis of its report.

Chief minister Bhagwant Mann expressed grief over the deaths and prayed for the speedy recovery of the injured.

Guru Har Sahai MLA Fauja Singh Sarari said ₹2-lakh financial assistance will be provided to the families of the deceased.",2025-02-01T08:16:05+05:30,Times of India,1
6f6aea60fa0d5b280fe87d5114265834,"Republic Day function turns tragic in Odisha as pick-up van overturns killing a student, 20 others injured in mishap","A class 10 student died and 20 others were injured as a pick-up van that was taking them to a Republic Day function overturned in Odisha's Cuttack district on Sunday, police said. As per the police, the deceased has been identified as Soumya Ranjan Behera, a student of Class 10. (Representative image/Getty image)

The incident happened near Anshupa Lake when students of Malaviharapur High School were on the way to the Saranda Parade Ground after attending the flag hoisting programme in their own school, they said.

Know the latest trending news with HT. Read detailed articles here

There were around 25 students in the van when the accident happened, district collector Dattatraya Bhausaheb Shinde said.

Also read: CBSE Board Exam 2025: Doing these things could get your exam cancelled, check UFM rules, penalties

The deceased was identified as Soumya Ranjan Behera, police said.

""The injured students were first taken to Athagarh hospital where one student died. Some seriously injured students were later referred to the SCB Medical College and Hospital in Cuttack,"" said SP (Cuttack-Rural) Prateek Singh.

Strong action will be taken against those found responsible, he said.

Also read: RPSC RAS Prelims exam district information today on the SSO portal

District Education Officer Santosh Kumar Rout said the school's headmaster was wrong in sending the students to the Republic Day function on a pick-up van.

School and Mass Education Department secretary Shalini Pandit visited the injured students at the SCB Medical College and Hospital.

""A collector-level inquiry has been ordered, and the concerned Headmaster has been suspended (sic),"" the department said in a post on X.

It announced an ex gratia of ₹2 lakh for the family of the deceased and ₹30,000 for each injured student.

Also read: 'Literature remains in my blood', former VC of Tripura University Arunoday Saha on being honoured with Padma Shri

""The schools have been instructed to take measures to prevent such incidents in the future,"" it said.

Chief Minister Mohan Charan Majhi expressed deep grief over the death of the student.

He announced an ex gratia of ₹3 lakh from the Chief Minister's Relief Fund in addition to the money being given by the School and Mass Education Department.

He directed that all injured students be provided with the best healthcare facilities.",2025-01-26T16:31:14+05:30,Times of India,1
2f9c87f1c4ea1e08afd3248064664fb5,Man hit by car on MG Road dies; driver on the run,"Gurugram: A 34-year-old man was killed while crossing MG Road on Thursday evening after being allegedly hit by an unidentified speeding car, police said on Saturday. A 34-year-old man was killed while crossing MG Road in Gurugram on Thursday evening. (FILE PHOTO)

Police identified the victim as Nazmul Haq, originally from South Dinajpur, West Bengal, residing in a rented accommodation at Nathupur in DLF Phase-III. He worked as a painter in Gurugram.

Know the latest trending news with HT. Read detailed articles here

Officers said Haq was returning home from Chakkarpur, Sector 28, just when he met with the accident in front of Metro pillar number 73 around 8.30pm.

The driver, after hitting the pedestrian, allegedly accelerated his car and fled from the spot. However, nobody could note down the vehicle’s registration number, said investigators citing eyewitnesses.

Commuters alerted the police control room and rushed the injured Haq to a private hospital in DLF Phase-III, they added.

“Doctors declared him dead on arrival. The hospital administration further alerted the police following which a team reached there for investigation,” said Sandeep Kumar, public relations officer, Gurugram police, said.

“There were no major injury marks on the body. But doctors said Haq might have sustained severe internal head injury from the impact as he was bleeding from nose and ears,” he said, adding that there was no CCTV camera at the spot.

Investigators said that they were scanning CCTV camera footage of Sikanderpur, Iffco Chowk and other locations near the spot to zero-in on the car that had hit him.

On the complaint of the deceased’s wife Marina Khatoon, a first information report was registered against the unidentified car driver under sections 106 (causing death by negligence) and 281 (rash driving or driving on public way) of Bharatiya Nyaya Sanhita at DLF Phase-II police station on Friday.

Police handed over the body to the family after an autopsy.",2025-01-25T23:55:50+05:30,Times of India,1
bab9ab9ff94daa916aee36672d110915,Man miraculously escapes unscathed after getting trapped between two buses. Video,"A terrifying incident has left netizens stunned after a man narrowly escaped being crushed between two buses. According to Times Now, the event occurred in Tamil Nadu and was captured on video, which has since gone viral on social media. A man in Tamil Nadu had a miraculous escape after being trapped between two buses. (X/@Venkatesh_G1324)

(Also read: Man survives crash with miraculous landing on pickup truck bonnet after hitting divider. Video)

Know the latest trending news with HT. Read detailed articles here

The video, shared on X (formerly Twitter), shows the man attempting to cross a road to board a bus when disaster struck. A second bus veered into the wrong lane, colliding with the first and trapping the man in between. Miraculously, he walked away from the ordeal with only a limp.

Take a look here at the video:

The video was shared with the caption: “A man got stuck between two buses while crossing the road in Pattukottai, Tamil Nadu. Fortunately, he escaped without any injuries and walked away limping. This is the miracle, this is the misfortune, this is his.”

Scooter rider’s astonishing survival

In another shocking incident caught on camera, a scooter rider narrowly escaped a potentially fatal accident after colliding with a ramp in front of a divider. Losing control of his vehicle, the rider was flung forward, landing on the bonnet of an oncoming pickup truck.

(Also read: Commuter looking into phone narrowly escapes death as speeding train arrives. Heart-stopping video)

The driver’s quick reflexes, slamming the brakes just in time, likely saved the rider’s life. In a moment that seemed straight out of a movie, the rider calmly climbed off the bonnet, surveyed the scene, and retrieved his fallen scooter.

Watch the clip here:

Netizens react with shock and relief

Both videos have sparked widespread discussion online, with users expressing disbelief at the miraculous escapes. One user commented, “This man is the luckiest person alive today.” Another wrote, “These incidents are a reminder of how unpredictable life can be.”",2025-01-25T14:33:24+05:30,Times of India,1
48d856df73d76812073333ce48ec11af,Angelina Jolie and Brad Pitt's son Pax met with another e-bike crash after six months,"Pax Jolie-Pitt, the 21-year-old son of Angelina Jolie and Brad Pitt, has crashed his e-bike with a car after riding hands-free just six months after a similar accident sent him to the ICU with a head injury. Pax Jolie-Pitt, 21, crashed his e-bike in Hollywood after riding hands-free.(Dimitrios Kambouris/Getty)

Pax was riding his purple-and-black electric bike through Hollywood during Friday morning before he struck a white hatchback. Pax was wearing a motorcycle helmet and dressed in a mauve hoodie, dark slacks, and white sneakers as seen in the video posted by TMZ.

Know the latest trending news with HT. Read detailed articles here

Pax has frequently been seen riding his $3,000 Talaria Sting R MX4 e-bike around Los Angeles, often without wearing a helmet, although California law mandates helmet use for riders under 18.

ALSO READ| Angelina Jolie and Brad Pitt's son, Pax, crashed his Tesla before bike accident, leading to ICU stay: Report

Win prizes worth upto ₹ 5000! View T&C Back Q. What is your opinion about nepotism in the film industry? It's okay, everyone has connections It's not fair as it limits opportunities for others Not sure Please wait a moment.

‘Hands-Free’ riding blamed for Pax’s e-bike crash

Following the crash, the e-bike sustained damage, with one of the wheels unable to roll straight. Pax was seen inspecting the damage and struggling to move the bike.

After the accident Pax seemed uninjured and did not show signs of pain during his post-accident movements. He spoke with the car’s male driver and female passenger before exchanging phone numbers and parting ways. Witnesses also noted that Pax had been riding hands-free before the crash, even resting his gloved hands in his lap.

Pax’s earlier July e-bike crash was far more serious, leaving him with cuts on his face and requiring an arm cast. The accident, which occurred on July 29 in Los Angeles, caused Pax to suffer “complex trauma.” TMZ reported that Angelina Jolie remained by his side at the hospital after the incident.

A source revealed that witnesses initially thought Pax had died when he lay motionless on the ground. He regained consciousness when paramedics arrived. At the time, he wasn’t wearing a helmet.

ALSO READ| Angelina Jolie surely ‘devastated’ over Maria's Oscars snub as 'Hollywood is team Brad Pitt'

Just two months earlier the July crash, he totalled his Tesla after driving into a box truck near RED Studios in Hollywood. While he escaped injury and officers confirmed he wasn’t under the influence.

“His friends are concerned about him,” a source told TMZ. “He’s being reckless. They’re worried … Pax is a troubled kid, and Angelina is doing her best to help him.”",2025-01-25T11:35:14+05:30,Times of India,1
5772b78ab2660eb981242c661ed0e3ca,"Bihar: Truck driver, one other killed after vehicle catches fire","A truck driver and his helper were burnt alive on Friday when the vehicle inside which they had fallen asleep after parking it on the roadside caught fire in Bhojpur district, a senior police officer said. The driver, Bhim Singh (56), and his helper Vikas Kumar (20), both local residents, were charred to death.(Hindustan Times/representative )

The incident took place in Koilwar police station area, where the 18-wheeler trailer went up in flames in the early hours, SP Raj said.

Know the latest trending news with HT. Read detailed articles here

The driver, Bhim Singh (56), and his helper Vikas Kumar (20), both local residents, were charred to death, he said.

Also read: 10 killed, 15 injured as truck overturns in Uttara Kannada

The duo had returned from West Champaran district late on Thursday and decided to leave for their respective places in the morning.

However, the truck, which they had locked from inside, caught fire apparently caused by a short circuit, the officer said.

The bodies have been sent for post-mortem and further investigation is underway, the SP added.",2025-01-24T18:05:48+05:30,Times of India,1
633564fc804b394edf1c50f796c8f4ec,"Pushpak Express mishap: ‘Mother told me to jump, couldn’t as I was scared’","A journey that began with routine expectations turned into a nightmare for passengers aboard the Pushpak Express. The train that left the Lucknow junction around 9:40 pm on Tuesday was caught in chaos as rumours of a fire led to panic, screams, and a scramble for safety. Officials at the site where 12 passengers of Pushpak Express were hit by Karnataka Express, at Pachora in Jalgaon on Wednesday. (ANI)

At least 12 passengers were killed on Wednesday evening when they jumped from their train in panic due to a `fire incident’, only to be run over by another train on the adjacent tracks in North Maharashtra’s Jalgaon district, officials said.

Know the latest trending news with HT. Read detailed articles here

Pooja Singh, a 19-year-old from Lucknow who studies in Pune, was on the train with her mother when the mishap occurred. “I was travelling with my mother in the Pushpak Express. We were sleeping when people began screaming. Someone said that the train had caught fire. My mother took me near a door and told me to jump, but I was scared and couldn’t. My heart sank as I saw passengers standing on the track getting hit by another train. All this happened so quickly that I could not understand anything.”

Suresh Gupta, who lives in Lucknow’s Chowk area, was heading to Mumbai for business. Recounting the horror, he said: “Someone inside my coach shouted that there was a fire. I also panicked after seeing smoke. People started running here and there. Some people immediately pulled the chain and opened the doors of the coach. In a panic, passengers started jumping from the train.”

Suresh said he decided to stay on the train, and that it was difficult to understand whether the smoke was due to the braking or from fire.

Rajiv Sharma, from Gomti Nagar in the city, said, “I was near a door of sleeper coach when people started screaming saying that the train had caught fire. Then someone pulled the chains. As the train slowed down, people began jumping off... I saw another train coming on the other track and shouted for people to move away. But no one listened.”

Shamim Ahmed of Bahraich, who was travelling with his brother Anees, said the Pushpak Express was moving at a high speed when people felt a strong jolt. “Some passengers fell down from their berths. We were in the reserved coach, so we did not understand what had happened. If people were patient, the accident would not have happened,” he added. The brothers were speaking to this reporter from a relief camp set up by the Army at the accident site.

Anees said: “The loco pilot applied the brakes sharply. Only after this people panicked. No one knew what had happened. People were just nervous.”

Shoaib, who was travelling in the same coach with Shamim and Anees and is a resident of Gonda, said, “There were six members of my family with me. All of us were going to Mumbai. Our train had reached Jalgaon, and everyone was sitting comfortably. As soon as the train stopped, there was a commotion.”

Meanwhile, Uttar Pradesh chief minister Yogi Adityanath has expressed grief over the deaths in the train accident. “Pushpak train accident is extremely sad and heartbreaking. The injured in the accident should be given proper treatment,” the CM said.

Meanwhile, North Eastern Railways (NER) has set up a helpline at the Lucknow Junction. It can be reached at 8957409292.

Named after the mythological flying chariot Pushpak, Pushpak SF Express runs between Lucknow Junction and Chhatrapati Shivaji Maharaja Terminus in Mumbai. With Pushpak Express being the fastest train between Mumbai and Lucknow, it is a preferred way to commute to the metropolis for many.",2025-01-23T00:55:13+05:30,Times of India,3
3e6960726e50e28edaff8d7e1bec649e,"Jalgaon accident: 12 passengers jump out fearing fire, run over by another train","Train accident today: At least 12 people were killed after they being hit by the Bengaluru Express in Maharashtra’s Jalgaon district, railway officials said. The catastrophic train accident occured near the Paranda railway station at 4.19 pm on Wednesday. Train accident today: Pushpak express was travelling from Lucknow to Mumbai when the accident occured.(ANI)

According to railway officials, the tragedy unfolded when passengers aboard the Pushpak Express, fearing a potential fire after smoke emanated from the train’s wheels, hastily jumped onto the tracks in an attempt to escape. The train was heading from Lucknow to Mumbai. The sudden movement of passengers onto the tracks set the stage for the ensuing disaster.

Know the latest trending news with HT. Read detailed articles here

Track latest updates on Pushpak Express train accident here.

At that very moment, the Bengaluru Express, traveling in the opposite direction, collided with the passengers who had jumped onto the tracks.

""Some passengers of the Pushpak Express stepped down, and were hit by the oncoming Karnataka Express,"" said Central Railway's chief spokesperson Swapnil Nila.

The accident spot is more than 400 km away from Mumbai.

Read here: Officials reveal what led to the Jalgaon train accident

""Our preliminary information is that there were sparks inside one of the coaches of Pushpak Express due to either `hot axle' or `brake-binding' (jamming), and some passengers panicked. They pulled the chain, and some of them jumped down. At the same time, Karnataka Express was passing,"" a senior railway official told PTI.

""Senior officials are reaching the spot, after which more information will be available,"" said Maharashtra minister Gulabrao Patil who is also the guardian minister of Jalgaon.

Pushpak Express accident: Condolences pour in

Maharashtra Chief Minister Devendra Fadnavis called the incident extremely unfortunate and deeply distressing.

""The tragic incident of the loss of lives in a very unfortunate incident near Pachora in Jalgaon district is deeply distressing. I pay my heartfelt tributes to them,"" he wrote in a post on X (formerly Twitter).

""My colleague Minister Girish Mahajan and the Superintendent of Police have reached the spot, and the District Collector will reach there shortly. The entire district administration is working in coordination with the railway administration, and immediate arrangements are being made for the treatment of the injured. 8 ambulances have been dispatched. The general hospital as well as other nearby private hospitals have been kept ready for the treatment of the injured. Emergency equipment like glass cutters, floodlights etc. have also been kept ready. We are monitoring the entire situation and all necessary assistance is being provided immediately. I am in touch with the district administration,"" he added.

Uttar Pradesh Chief Minister Yogi Adityanath expressed grief over the Pushpak train accident and has ordered adequate medical treatment for the injured.",2025-01-22T18:02:59+05:30,Times of India,1
e723fc0fa2a5bae93fa65354b2c73306,Shocking CCTV video shows car plummeting from first floor of Pune apartment,"A shocking incident occurred in Viman Nagar on Sunday morning when a car fell from the first-floor parking lot of the Shubh Gateway Apartment. A viral video, recorded by a CCTV camera, captured the dramatic moment when the vehicle slid backwards and plunged to the ground after a portion of the parking structure collapsed. The incident was captured by a CCTV camera.

The footage, which has been widely circulated online, begins with a white car entering the parking lot, seemingly unrelated to the incident. However, seconds into the video, the wall supporting the first-floor parking space gives way, crumbling into pieces. As the wall collapsed, a black car parked near it was sent tumbling backwards and fell on its rear wheels, before sliding further down and crashing to the ground below.

Know the latest trending news with HT. Read detailed articles here

The incident, which was witnessed by security personnel and others in the vicinity, caused widespread panic, though fortunately, no injuries were reported. A security guard, who was just a few meters away from the collapse, was among those who saw the car fall in real time. Another individual was spotted sitting in the area, but neither of them were harmed by the falling vehicle.

No casualties

According to reports, there was no major damage to property beyond the collapsed section of the parking lot, and emergency services arrived promptly to secure the area. News outlet Lokmat Times said that the driver of the black car may have miscalculated their parking, which led to the incident. The force from the car hitting the wall could have caused the structure to give way.

Also read: Drunk truck driver runs over 3 sleeping on Pune footpath

In a fortunate turn of events, the accident did not result in any fatalities or serious injuries. Pune police are investigating the cause of the collapse, and further details on the structural integrity of the building’s parking facility are expected to be assessed.",2025-01-22T15:55:23+05:30,Times of India,1
45b72b58a9d22cc4d187671a5d077dfc,What to do if you're involved in a car accident: Essential steps to follow,"A car accident can happen in a split second. Whether you are at fault or someone else is a car accident is a nasty thing to happen. But often, the collision itself is only the start and, to make sure you’re protected further down the line, there are some things to remember. In this article, we’re going to be looking at some of the things to remember if you are involved in a car accident in the future. Also read | World First Aid Day 2023: Essentials to include in your emergency medical kit Some of the things to remember if you are involved in a car accident in the future.(Unsplash)

Stop your car and switch the engine off

Immediately after the accident, you’ll need to stop your car and switch the engine off. Make sure that the car is properly secured, with the handbrake or parking brake engaged to stop the vehicle from rolling away. You’ll also want to activate your car’s hazard lights to inform other road users of the issue.

Know the latest trending news with HT. Read detailed articles here

Check yourself and any passengers over

Your safety – the safety of your passengers – is a top priority, so after the accident make sure that you check everyone over. Check for any cuts or grazes if any glass has smashed and make sure that there are no aches and pains following the collision. If someone is seriously injured, phone the emergency services right away. You’ll want to do the same if the road is blocked, too.

Contact the emergency services if anything else feels off

There are some other instances where you should alert the police. For instance, if the other driver fails to stop and leaves the scene, or if you have suspicions that they could be driving while under the influence of drink or drugs. Likewise, if the other driver fails to show that they have any insurance cover or if it looks like they’ve deliberately hit your car, then it’s best to call the police to avoid any doubt. Also read | First Aid: Essential items you should have in your car’s first aid kit, life-saving techniques everyone should know

Try to remain calm

A car accident can be quite a harrowing experience but, if everyone is safe and secure, try to remain. Take some deep breaths, focus on the situation and try to avoid making any snap decisions – particularly if it appears as if the accident wasn’t your fault. The best thing to do in this situation is to remain calm. In doing so, you’ll be able to make better judgements.

Don’t admit responsibility until you know all of the facts

While it can feel easy to say ‘sorry’ right away, don’t admit liability for the crash until the full picture of what has taken place has been made. This can help to protect you until the full extent of the incident has been discovered. However, by law you need to share your details – such as your name and address – with everyone involved if the accident has caused damage or any injury.

Record everything that you can

Making a series of notes can help things further down the line. Firstly, take down the insurance details of the other car – or cars – involved. It’s worth taking down the details of any other passengers in the vehicle and don’t forget to get the information of anyone that witnessed the accident. Make a note of the time and date of the accident, as well as the location and anything you notice about your surroundings. Take recordings of the make, model and colour of the cars included, as well as the conditions that you were driving in. It might be easier to take photos of these things with your phone, but physical notes are just fine too. If you’ve got a dashcam fitted to your car then make sure that it has recorded the moment of the incident. Dashcams provide a wealth of knowledge that can help determine exactly who was to blame for a collision. Also read | How to handle medical emergencies? 5 essential steps everyone should be aware of

Own up to damage even if nobody else is involved

If you’ve accidentally damaged another car that is parked up, remember to leave your details for the driver to find. You shouldn’t drive off – a passer-by or CCTV could capture you driving away and this could make things much worse in the long run.

Contact your insurance provider

It’s best to contact your insurance provider as soon after the accident as you can. You’ll need to provide your policy details – as well as those for other drivers involved – along with the registrations of all vehicles. Even if you don’t go down the route of making a claim it’s a good idea to inform your provider of the incident in case the other driver attempts to put forward a claim without you knowing. As a result, your insurance provider won’t have this claim come through as a surprise.

Disclaimer: This article is for informational purposes only and not a substitute for professional medical advice. Always seek the advice of your doctor with any questions about a medical condition.",2025-01-21T17:19:56+05:30,Times of India,2
a13d897d6af7a680b616b90bb1af58bf,"Gurugram: Retired army colonel runs over woman with his SUV in Ardee city, held","A 29-year-old woman died after being hit by a speeding SUV at Ardee City in Sector 52, Gurugram, on Sunday afternoon, police said. The SUV was driven by a 70-year-old retired army colonel, who was arrested later that night but granted bail following Supreme Court guidelines. Police saidthe SUV driver, a resident of Block B of Ardee City, claimed that he had tried to save the woman and took a sharp left turn but ended up crashing into another car parked nearby. (Representational image)

The accident took place around 4pm when the victim, Kanchan Devi, a resident of Saraswati Kunj in Sector 53, was walking home after finishing her work as a house help at multiple residences in Ardee City. “The driver of the SUV, told police that the woman suddenly came in front of his Toyota Fortuner as he exited the Ardee Mall, causing the accident,” said a senior police officer. The police has withheld the name of the accused driver without further elaboration.

Know the latest trending news with HT. Read detailed articles here

Police saidthe SUV driver, a resident of Block B of Ardee City, claimed that he had tried to save the woman and took a sharp left turn but ended up crashing into another car parked nearby.

Sandeep Kumar, station house officer of the Sector 53 police station, said that the driver arranged an auto-rickshaw to take Devi to a private hospital in Sector 43. “She was declared dead on arrival due to severe head injuries and excessive bleeding,” he said. The SUV was impounded, and forensic experts conducted an investigation at the scene, police added.

According to police, the woman and her husband had shifted to Gurugram from Bihar’s Saharsa district around six month ago with their three children.

The lack of eyewitnesses or CCTV footage near the site has left key details unclear. The police registered an FIR under Sections 106 (causing death by negligence) and 281 (rash driving) of the Bharatiya Nyaya Sanhita based on a complaint by the victim’s husband, Santosh Mukhiya.

Win exciting prizes daily View T&C Back Q. Which Indian city has the best quality of living? Delhi Mumbai Bengaluru Please wait a moment.

“The suspect was granted bail from the level of the police station following the Supreme Court guidelines. The body of the woman was handed over to the family after an autopsy on Monday evening,” SHO Kumar said, adding further investigation was going on in the case.

The victim’s husband, Mukhiya, meanwhile, alleged police hostility and claimed the driver refused to help him financially. “I had to borrow money for her body’s transportation and cremation,” he said.However, police refuted the hostility allegation and said that prompt action was taken and claimed that the driver was arrested within hours of the incident. The deceased’s body was handed over to her family after an autopsy on Monday evening.",2025-01-20T23:25:19+05:30,Times of India,1
1998b2f8a82b3f5df98ed74b4675985c,Himachal Pradesh: 2 brothers dead after cement-laden truck plunges into ravine in Shimla,"Two brothers died after their cement laden truck plunged into a ravine in Himachal Pradesh's Shimla district on Monday, police said. In the Shimla area of Himachal Pradesh, a truck carrying cement crashed into a ravine on Monday, killing two brothers, according to authorities. (PTI/Bipin Nautiyal/representative)

The victims have been identified as Dinesh Kumar (29) and Vinod Kumar (37), residents of Thhera village in Solan district, officials said.

Know the latest trending news with HT. Read detailed articles here

Police said the accident occurred near Bagipul Baiju on Dhami-Sunni link road around 1.00 am when driver Dinesh lost control of the vehicle and it plunged into the ravine.

Also read: Paragliding mishaps kill two tourists in Himachal Pradesh, pilots injured

Locals alerted the police after which a team reached the spot and launched a search operation for the broters' bodies, officials said.

The team with the assistance from locals was able to locate the bodies early Monday. The bodies were taken to Civil Hospital in Sunni for post-mortem, a police officer said.

Also read: Security guard at Jalandhar civil hospital booked for seeking ₹10,000 bribe

Superintendent of Police (SP), Shimla, Sanjeev Kumar Gandhi said that further investigation is underway and the family members have been informed.",2025-01-20T18:21:35+05:30,Times of India,1
f88c9b29fa63aebe1d1d8a592c0b2068,Arjun Kapoor-Jackky Bhagnani accident on Mere Husband Ki Biwi set: FWICE president says shooting has been stopped,"On Saturday, an unfortunate incident happened at the shoot of Arjun Kapoor, Bhumi Pednekar and Rakul Preet Singh starrer Mere Husband Ki Biwi, as the ceiling of the set they were shooting at in Mumbai collapsed. Several people were injured in the accident including Arjun, producer Jackky Bhagnani, director Mudassar Aziz and many crew members. Arjun Kapoor and Jackky Bhagnani got injured on Mere Husband Ki Biwi set

However, Federation of Western India Cine Employees’ (FWICE) president BN Tiwari assures that there is no major fatality. “There have been no major injuries. Kuch bhi ho sakta tha, par shukr hai kisi ko kuch zyada laga nahi,” he shares, updating on the situation: “Jahaan shooting ho rahi thi, wahaan pe shooting band kara di gayi hai. Due to no maintenance, the ceiling collapsed in the studio, and anything can happen there. So, for safety reasons, this step was taken.”

Know the latest trending news with HT. Read detailed articles here

Tiwari also states that the federation is also trying to bring in long term changes: “We have sent a letter to the Prime Minister in Delhi as well as the Chief Minister of Maharashtra over the health and safety of workers in the industry. We have written to the Film City too that the foundations are so old that they can fall down any day. So, a structural audit needs to be done. There is no exit gate for fire safety in case of a mishap. Puri film industry bhagwan ke sahare chal rahi hai, par bhagwan bhi kab tak hi dekhega.”

The FWICE president insists that he has been fighting this battle for the workers for a long time now, with the government as well as the industry. “Ever since TV industry has come, this problem has increased because people have to shoot the same day and telecast it straight away. There are no regulated working hours or job security,” he opines, adding, “Such incidents keep happening daily, but compensation karke usko daba diya jata hai. Bahut si baatein to hum tak pahuchti bhi nahi, kaam khone ke darr ke chalte.”

Ask Tiwari who is the person responsible for taking care that an incident like this doesn’t happen on set and he says, “It’s the responsibility of the art director, but more than that of the studio owner. But they just make the studio and keep on taking bookings without maintaining it. If the government doesn’t take action, film shoots will move out of Mumbai. Today, 80% of the shoots are happening out of the city because there is no one-window permission, unless you are in a studio. Other states provide that, except Maharashtra.” He adds that while they are trying to speak with the government and build pressure, they are also ready to take the fight ahead on their own if need be. “The maximum we can do is withdraw our workers from the shoots. Maybe that will make them think about it more seriously,” he ends.",2025-01-20T09:32:25+05:30,Times of India,2
755a2b48e19f1e80d2f3f360c42b6b04,"Himachal: Tourist killed, pilot hurt as paragliders collide in Kullu","A tourist from Tamil Nadu was killed and a pilot was severely injured after the paraglider they were on collided with another one in Kullu’s Gadsa paragliding site on Friday. Following violations, paragliding at the Gadsa site in Kullu was banned in January 2023 which was lifted in February 2023. (Picture only for representational purpose)

The deceased has been identified as Jayesh Ram, 28, hailing from Tamil Nadu while the injured pilot was Ashwani Kumar, a resident of Gadsa village in Kullu. The district administration has ordered a magisterial probe into the incident. Following violations, paragliding at the Gadsa site was banned in January 2023 which was lifted in February 2023.

Know the latest trending news with HT. Read detailed articles here

“Preliminary investigations suggest that Kumar attempted to perform a 360-degree swirl with the paraglider. The paraglider collided with another one, which managed to maintain its balance,” said Kullu sub-divisional magistrate Vikas Shukla.

The accident comes 10 days after a 32-year-old tourist Mahesh Reddy from Andhra Pradesh was killed while the pilot was injured in a paragliding crash at Raison in Manali subdivision.

Sources said that both the injured were rushed to a private hospital where Jayesh Ram was declared brought dead. Kumar, a registered tandem pilot with the Kullu district tourism department, was later referred to PGIMER, Chandigarh.

At least 10 paragliders, including some foreigners, have been killed in the last two years in Himachal Pradesh raising question mark on safety arrangements.",2025-01-19T00:18:26+05:30,Times of India,3
0efeb914ce5e651d442db50c70db1b3d,"Speeding truck loses control in Shimla, crashes into multiple cars in shocking video","A terrifying accident caught on camera has surfaced online, showing a speeding truck losing control on a narrow mountainous road and colliding with four cars before turning on its side. The footage, reportedly recorded in Shimla, shows the chaos that unfolded as observers rushed to help those involved. The truck driver was seen climbing out of the overturned vehicle. (Instagram/@itx_shadu_04)

In the video, shared with the caption “Live accident in Shimla. 1 truck and 4 cars full damaged,” a truck can be seen skidding uncontrollably on a steep, narrow road. It first grazes a Maruti Suzuki Alto, causing minimal damage as the driver is seen stepping out unscathed. However, the situation escalates as the truck hits a second car, dragging it along before overturning. Remarkably, the driver of the second car also manages to escape without injuries.

Know the latest trending news with HT. Read detailed articles here

The most harrowing moment comes as the truck, lying on its side, reveals its driver trapped inside. The video captures the driver climbing out of the vehicle through a window, seemingly unharmed, as concerned bystanders rush to assist.

Onlookers can be seen gathering around the vehicles to assess the damage and check on those involved.

While the video claims the incident took place in Shimla, ht.com has not independently verified the exact location.

Take a look at the video:

Many users took to the comments section to share their concerns, with some comparing the scene to an action sequence from a Fast & Furious movie.

Earlier in October, at least three people were killed in a road accident near Thanpuri village in the Nagrota Bagwan tehsil of Kangra district. The victims were riding a motorcycle when they collided with a bus at 11 pm. A rider died on the spot, while another accompanying him succumbed to injuries while they were being rushed to the hospital, and the third one succumbed to his injuries the next morning at Dr Rajendra Prasad Medical College and Hospital at Tanda in Kangra.

Several videos have emerged on Instagram capturing cars skidding uncontrollably on the icy, narrow roads of Himachal Pradesh. In one chilling instance, a vehicle slid dangerously close to the edge of a gorge, narrowly escaping a potentially fatal plunge.",2025-01-16T12:53:50+05:30,Times of India,1
5fb823af02fc8727fa7c9546e020815e,"Fire breaks out in Navi Mumbai bus, close shave for 22 passengers","Passengers onboard a civic transport service bus had a narrow escape when it caught fire in Maharashtra's Navi Mumbai township on Thursday morning, police said. On Thursday morning, passengers on a civic transport service bus narrowly avoided death when it caught fire in the Navi Mumbai district in Maharashtra.(AP/Rafiq Maqbool/representative)

All the 22 passengers were evacuated safely and no one was injured, they said.

Know the latest trending news with HT. Read detailed articles here

The incident led to a traffic jam in the area for some time.

The bus belonging to the Navi Mumbai Municipal Transport (NMMT) caught fire at Runwal Chowk in Manpada limits on Kalyan-Shilphata Road at around 10.30 am, the police said.

After being alerted, the driver promptly stopped the vehicle and urged passengers to disembark. He then jumped out to safety, a police official said.

Also read: Mumbai court orders release of ED official held in bribery case, finds his arrest illegal

The police quickly stopped traffic on both sides of the road to prevent any eventuality.

Police personnel, with the help of a water tanker, extinguished the fire within 30 minutes, Deputy Commissioner of Police, Traffic, Pankaj Shirsat said.

After the blaze was brought under control, a crane was deployed to move the charred bus off the road, restoring traffic flow, he said.

""The bus passengers were safely evacuated by the traffic police on patrol, and the fire was extinguished. Traffic on the road has now been restored,"" Shirsat said.

""Special precautions were taken to ensure the safety of vehicles carrying flammable substances passing through the area,"" he said.

Also read: Two college students run over by bus after falling off bike

The bus passengers continued their journeys in private vehicles and auto-rickshaws.",2025-01-09T13:30:42+05:30,Times of India,1
89b2095312cbad5bd75d660377e20848,Mother-son duo run over by garbage truck in Kalyan,"THANE: A speeding truck ran over a woman and her 4-year-old child at the Sri Dakshin Maruti Temple Square on Agra Road in Kalyan West on Wednesday, crushing them under the wheels of the vehicle. A speeding truck ran over a woman and her 4-year-old child at the Sri Dakshin Maruti Temple Square on Agra Road in Kalyan West. (Getty Images/iStockphoto)

The Bazarpeth police in Kalyan West have detained the driver, who works for the Kalyan Dombivli Municipal Corporation’s waste transportation service. The accident caused a stir in Kalyan city, with public and political parties taking to the streets to protest.

Know the latest trending news with HT. Read detailed articles here

The deceased have been identified as Nisha Someskar, a homemaker, and her son Ansh Someskar, residents of Kalyan. Nisha’s husband works in Bengaluru and frequently visits the city. According to relatives, he had returned to Bengaluru on Wednesday morning and the accident occurred at noon on the same day.

According to police, Nisha and Ansh were crossing the road when the garbage truck, speeding from Sahjanand Square towards Lalchowki, ran over them, killing both on the spot.

The incident sparked outrage among local residents in the Lalchowki area and a crowd gathered, demanding 24-hour traffic police presence and strict action against the KDMC garbage collection vehicles, which, according to them, are driven at high speeds without regard for pedestrians.

Prakash Shinde, a resident and protester, said, “I had just turned my back to the chowk when the accident occurred. The driver couldn’t apply the brakes on time due to the speed and poor vehicle maintenance.”

Bajarpeth police rushed to the scene, conducted a panchnama, and sent the bodies for postmortem.

Win exciting prizes daily View T&C Back Q. Which Indian city has the best quality of living? Delhi Mumbai Bengaluru Please wait a moment.

An officer from Bajarpeth police station said, “We immediately took control of the situation. The driver was taken into custody, and the case registration is underway.”

After the horrific incident, the Maharashtra Navnirman Sena (MNS) became aggressive, blaming the broken divider on the road for the accident. Former MLA Prakash Bhoi and his supporters staged a roadblock. Civic officials visited the protest site and assured the MNS workers that a solution would be implemented soon.",2025-01-09T01:01:41+05:30,Times of India,1
9c7befb9495a4fdec3bcad38fbeac3a1,Rescue efforts underway for nine trapped coal miners in Assam flooding incident,"Indian search teams including military divers worked Tuesday to reach several coal miners trapped underground after water flooded the shaft a day earlier, rescue officials said. Divers use a pulley to enter a coal mine to rescue trapped miners in Umrangso, a remote area in the northeastern state of Assam(REUTERS)

Nine men are reported to be trapped in the mine, with a rescue report saying three bodies had been spotted.

Know the latest trending news with HT. Read detailed articles here

Locals said at least 27 workers had entered the mine on Monday morning in the Dima Hasao region of India's northeastern state of Assam, with many managing to escape as gushing waters swamped the pit workings.

Also read: Army, NDRF, SDRF teams begin work to rescue miners from flooded Assam coal mine

State government minister Kaushik Rai told AFP that more than 100 rescuers including soldiers were working to reach the trapped men.

India's military said that troops ""including divers, sappers, medical teams and support staff swiftly responded"" to try to bring the miners out.

Also read: Ancient warship wreck found by Lakshadweep divers near Kalpeni Island: Report

Images released by the military showed divers in scuba kit being lowered into a deep shaft in a metal bucket.",2025-01-07T13:31:53+05:30,Times of India,3
0c5e35fded8ce3885fd1eaff1ecbde90,Two children among 3 killed as truck collides with motorcycle on Shikrapur-Chakan Road,"A man and his two children were killed in an accident on the Shikrapur-Chakan Road on Monday. The incident occurred when a truck collided with the motorcycle the man was riding while on his way to drop off his children at the school. Shikrapur police rushed to the scene and sent the bodies for post-mortem. (REPRESENTATIVE PIC)

The deceased have been identified as Ganesh Sanjay Khedkar, 35, Tanmay Ganesh Khedkar, 9, and Shivam Ganesh Khedkar, 5, all residents of Pimple Jagtap.

Know the latest trending news with HT. Read detailed articles here

The accused driver Dhyaneshwar Jivan Rankhamb ,35, from Sonegaon in Dharashiv district was under influence of alcohol while driving the truck. He was arrested, said officials.

Shikrapur police rushed to the scene and sent the bodies for post-mortem.

Deepratan Gaikwad, senior police inspector from Shikrapur station, said, “While overtaking, the truck driver failed to notice the motorcycle. He lost control of the vehicle, resulting in a head-on collision.”

Police said as per the complaint filed by Kunal Khedkar, cousin brother of Ganesh, a case has been filed against the truck driver under sections of 105 of the Bharatiya Nyaya Sanhita (BNS) and sections 184, 185 of the Motor Vehicle.

Police officials said that the deaths of the two young children enraged the locals, leading to a brief law-and-order situation in the area. However, the police intervened and brought the situation under control.",2025-01-07T00:03:59+05:30,Times of India,1
ba216174c58cc42979a8f20cee26faea,"Odisha: 2 BJP leaders killed in car-truck collision, survivor suspects ‘deliberate attack’","Two leaders of the Bharatiya Janata Party (BJP) were reportedly killed after a dumper hit the car they were travelling in in Odisha's Sambalpur district on Sunday, police said. One of the survivors alleged that someone might have tried to hit their vehicle “intentionally”. (Pixabay/Representative)

The deceased were identified as Debendra Nayak, BJP's Goshala mandal president and Muralidhar Chhuria, a former sarpanch, reported news agency PTI, adding that both of them were close to senior party leader Nauri Naik.

Know the latest trending news with HT. Read detailed articles here

The incident took place around 1.30 am on National Highway (NH) 53 in the Burla police station area, police said and added that there were six people in the car, including the driver, who were going to Kardola from Bhubaneswar.

After the accident, all six persons were taken to a nearby hospital where doctors declared two of them dead.

Survivor says it was a ‘deliberate collision’

One of the survivors, Suresh Chanda, alleged that someone might have tried to hit their vehicle “intentionally”.

""The vehicle hit our car from behind twice. Suspecting someone trying to hit our vehicle intentionally, the driver turned the car towards a rural road from the highway near Kantapalli Square. Still, the dumper chased our vehicle and hit it badly. As a result, the car overturned,"" PTI quoted Chanda as saying.

Chanda said te dumper hit their car thrice, adding that he was conscious till the first two hits on the highway, but lost sense when the third hit happened.

""I am sure that someone intentionally caused the accident. By mistake, one can hit a vehicle once. Why would someone be hit thrice from behind?"" asked the injured BJP worker.

After visiting the injured persons, Naik, a former MLA of Rengali, alleged that it was not an accident but a “deliberate collision”.

""Someone has deliberately hit their vehicle thrice,"" Naik said.

Superintendent of Police (SP) Mukesh Kumar Bhamoo said cops have seized the dumper and detained its driver.

""As the family members of the deceased persons alleged that it was done intentionally, we will investigate that angle,"" SP Kumar added.",2025-01-05T15:00:57+05:30,Times of India,1
89dc0bc67d380bff1b4dd5fc9452a1e7,"Mumbai: Trailer collides with parked vehicles in Dharavi, none injured","A black-and-yellow taxi and a tempo fell into a creek after a speeding trailer hit parked vehicles at Dharavi in central Mumbai on Friday morning, an official said. In Dharavi, central Mumbai, a speeding trailer struck parked cars on Friday morning, causing a black-and-yellow cab and a tempo to plunge into a stream(Hindustan Times/Satyabrata Tripathy/representative)

No one was injured in the accident that occurred around 4.45 am at T-junction when the trailer driver lost control over the wheel, he said.

Know the latest trending news with HT. Read detailed articles here

The trailer crashed into at least six vehicles parked on the roadside. A few of them, including a tempo and a taxi, fell into the adjoining creek due to the impact.

Also read: Mumbai: Elderly woman loses ₹1.5 crore in ‘digital arrest’, scammers pose as SIT officers

The trailer also rolled down the creek’s bank, with the driver’s cabin touching the water, the official said.

Officials from the local police, Mahim traffic wing and fire brigade rushed to the spot, he said. The traffic police used a crane to pull out the vehicles from the creek.

Also read: Mumbai woman killed, husband injured by falling rocks during tour in Himachal's Mandi

The trailer driver has been taken into custody and a case is being registered at Shahu Nagar police station, the official said.",2025-01-03T14:36:35+05:30,Times of India,1
1b8500a3aaf8edaf3969d3dcadc62abf,"Caught on camera: Two women thrown off scooty, narrowly escape tragedy after hitting car","A harrowing incident involving two women on a scooty was captured on CCTV, showing the riders losing control and skidding on an empty street. The scooty then collides with an oncoming car, which comes to a stop just in time to prevent what could have been a serious accident. The two women did not sustain any serious injuries in the incident.(X/@gharkakalesh)

The footage, shared on the microblogging platform X by the handle @Gharkakalesh, has gained widespread attention. The video shows the two women speeding up the road before the scooty skids and slides directly into the path of the car. The driver of the car reacts quickly, bringing the vehicle to a halt within moments. The clip has sparked discussions online, with many taking to the comments section to share their reactions.

Know the latest trending news with HT. Read detailed articles here

Also read: Manali's winter wonderland turns dangerous: Cars skid out of control on snowy roads. Watch

Watch the video here:

A user asked, “What was the reason for skid ?”

Another added, “Her scooty skit suddenly..She looked very hurt on the back.. I hope she got fast medical assistance and is okay”

A third wrote, “I think someone had poured oil on the road.”

A fourth added, “Sliding like a pro. Both didn't got injured by God's grace.”

The exact location of the incident captured in the video is not known.

Also read: Kerala: School bus overturns, Class 5 student crushed to death in Kannur; caught on camera

In a similar incident in Delhi, a 23-year-old man and his female friend sustained injuries when their scooter was hit by a dumper near the Indira Gandhi International Airport. The collision resulted in both riders being hospitalized, highlighting the constant dangers faced by two-wheeler commuters. ￼

Another tragic incident in Gurgaon involved two men who lost their lives after their scooter collided with an underpass wall near Medanta hospital.

Also read: Caught on camera: Drunk man smashes police Scorpio glass, peeks out to abuse officers",2025-01-03T12:57:31+05:30,Times of India,1
d2e126562c2996bf46943f5c2b448006,"4 dead, one injured in collision with parked truck on Delhi-Haridwar highway","Four passengers travelling in a car, residents of Rewari, Haryana, died in a road accident on the Delhi-Haridwar highway late at night, while one passenger was seriously injured and is undergoing treatment at Rishikesh AIIMS Hospital. The injured passenger has admitted to AIIMS Rishikesh, where he is undergoing treatment. (Unsplash/Representational)

The road accident is in the Bahadarabad police station area. The car of the passengers coming from Delhi collided with a truck parked on the side of the road. The collision was so severe that two people died on the spot, while two people died in the hospital during treatment.

Know the latest trending news with HT. Read detailed articles here

The officials identified the deceased names as Kehar Singh, Aditya, Manish and Prakash. While the injured Mahipal has been admitted to Rishikesh AIIMS.

Speaking to ANI, Natasha, Chief Officer of Traffic, stated that the passengers involved in the accident were travelling from Rewari, Haryana, and were headed towards Dehradun via Ibrahimpur. The driver was reportedly speeding and collided with a heavy vehicle near Ibrahimpur Cut, resulting in the deaths of four individuals. One of the victims is currently being treated at AIIMS.

The police, transport department, and the National Highway team are present at the scene conducting a technical inspection to determine the cause of the accident. The spot reveals the presence of an overspeeding warning board and reflectors at the site. Authorities speculate that the car, travelling at excessive speed, likely attempted to overtake another vehicle but crashed into a heavy vehicle parked on the roadside, leading to the fatal incident.

""There are a total of five passengers, out of which two died on the spot. When the remaining three were taken to AIIMS, two died in the hospital and one is still admitted to AIIMS,"" Natasha told ANI.

Natasha further added that ""National Highway (NH) is also working on CCTV cameras. The RLBD camera is installed just ahead at a distance of 500 meters. It is difficult to say whether there is fog at the time of an incident.""

Rashmi Pant, Additional Regional Transport Officer (ARTO), said, ""As of now, the information we have suggested that a truck was parked on the side, and a vehicle coming from behind collided with it. The primary reason we suspect is that the vehicle was moving at a high speed. When the truck suddenly stopped in front of them, they may not have noticed it, leading to the accident. This is the main reason we believe the incident occurred.""

""The visibility is clear up to one kilometre in this area, and as mentioned, the light was dim, so the truck may not have been visible, which is a subject of inquiry. Additionally, speed limit boards and reflectors are in place,"" Pant said.

Pant emphasised, ""We feel there is a need for more signage, such as 'no stopping,' 'no parking,' and accident-prone area markers on this route. We are also suggesting that the District Road Safety Committee put up boards indicating the names of the accident victims in such areas to raise awareness among drivers to be cautious and control their speed.""",2025-01-02T15:25:18+05:30,Times of India,1
39a54d5981673447b983a440dc93f00d,45 injured in bus crash on Delhi-Mumbai expressway due to heavy fog conditions,"Around 45 passengers were injured when a private bus rammed into two trucks, which had already collided with each other on the Delhi-Mumbai Expressway in Rajasthan's Dausa district on Thursday, police said. In Rajasthan's Dausa area, a private bus struck two vehicles that had previously collided on the Delhi-Mumbai Motorway, injuring about 45 people. (PTI/representational)

Nangal-Rajawatan DSP Charul Gupta said that a bus of devotees was going from Ujjain to Delhi when the accident occurred due to dense fog.

Know the latest trending news with HT. Read detailed articles here

The DSP said around 45 passengers in the bus were injured and more than 20 were admitted to Dausa District Hospital.

Also read: Kerala: School bus overturns, Class 5 student crushed to death in Kannur; caught on camera

Four were referred to Jaipur and some injured left for Noida and Delhi for treatment, she added.

Gupta said the accident took place near Lahdi Ka Bas on the Delhi-Mumbai Expressway in Dausa district.

The front part of the bus was badly damaged in the accident, police said.

Also read: 32-year-old dies after gun goes off accidentally in Himachal’s Mandi

Additional doctors and staff were deployed on the instructions of District Hospital Chief Medical Officer Dr Deepak Sharma following information that a large number of people were injured.",2025-01-02T12:52:27+05:30,Times of India,1
05337646edcabb02e9aa48b751c887a4,Road mishap claim three lives in Himachal’s Theog,"Three youths lost their lives on New Year Eve after the vehicle they were travelling in rolled down the hill in Theog in Shimla district, police said on Wednesday. Mangled remains of the car. (HT Photo)

The deceased have been identified as Sajan, 23, Prashant, 21 and Sahil, 22, all from Kinnaur, officials added.

Know the latest trending news with HT. Read detailed articles here

The accident occurred last night at around 11.30 pm, said police. As per the police, the trio was going to Kinnaur in Alto car. Their car met with an accident near a petrol pump, one kilometer before Matyana. The car rolled down and fell into an Apple orchard.

Hearing the sound of the car overturning, locals came out of their houses and informed the police. After this, the police reached the spot at night and with the help of local people, all three bodies were taken out. The were rushed to hospital where they were declared brought dead.",2025-01-01T23:38:16+05:30,Times of India,1
d21c92d9f13395aa8cf4bfd8f056921e,Death toll rises to 71 in Southern Ethiopia road accident,"The death toll from a road accident in southern Ethiopia has risen to at least 71, according to a local police official. At least 71 people have died in a vehicle accident in southern Ethiopia.(Unsplash/representational)

In a Facebook post late Sunday, the Sidama Police Commission Traffic Prevention and Control Directorate said that ""68 males and three females are known to have died in the accident so far"", citing Chief Inspector Daniel Sankura.

Know the latest trending news with HT. Read detailed articles here

The police commission said the incident occurred at around 5:30 pm local time (1430 GMT) when the vehicle plunged off a road and into a river.

Also read: Uma Thomas MLA still critical: Police book organisers for safety lapses

The post added that ""two others have sustained heavy physical injuries"", but did not detail any further information about the number of passengers onboard at the time of the incident.

The accident occurred in Sidama state -- some 300 kilometres (180 miles) south of the capital Addis Ababa -- in the Eastern Zone, in Bona Zuria Woreda.

Blurred images shared by the health bureau earlier showed a mass of people surrounding a vehicle, partially submerged in water, with many seemingly attempting to help pull it from the waters.

Also read: South Korea plane crash: What led to the deadly Jeju Air aircraft accident?

Other images shared by the bureau appeared to show bodies, some covered in blue tarpaulin, lying on the ground.

Road accidents are common in Ethiopia, Africa's second most populous nation, where roads are often poorly maintained.",2024-12-30T12:26:42+05:30,Times of India,1
d66938497aad8c2cb7cd7d92cae8c77d,"Actor Urmila Kothare's car runs over labourers in Mumbai, 1 killed","One labourer was killed and another one injured after being hit by Marathi actress Urmila Kothare's car in Mumbai's Kandivali, police said. The actress and her driver were also injured in the accident. Actor Urmila Kothare was also injured in the accident.

Urmila Kothare was returning from work when the accident occurred near Poisar Metro station. The driver lost control of the car, which was traveling at high speed, and hit two metro workers. One worker died on the spot, while the other was severely injured. Police told ABP Majha that the actor was saved due to the timely deployment of the car's airbags.

Know the latest trending news with HT. Read detailed articles here

""Urmila Kothare's car hit two labourers who were engaged in Metro rail work under the Poisar Metro station in Kandivali east shortly after midnight. While labourer died, another was seriously injured. The actor and her driver were also injured in the accident. But they were saved as the airbags opened at the right time,"" a police official at the Samta Nagar police station said.

Marathi actor Urmila Kothare's car after an accident in Mumbai's Kandivali.(HT Photo)

The police have registered a case against the driver at the Samata Nagar Police Station and initiated an investigation. The actress's car was badly damaged in the accident, and she escaped with minor injuries due to the airbag deploying in time.

Urmila Kothare is a well-known Marathi actress who has appeared in films like 'Duniyadaari', 'Shubhmangal Saavdhan', and 'Ti Sadhya Kay Karte'. She recently made a comeback to television with the Star Pravah show 'Tujech Mi Geet Gaat Ahe', marking her return to the small screen after a 12-year hiatus.

Her husband, actor and director Addinath Kothare, who is also the son of renowned filmmaker Mahesh Kothare, has not made any public comments about the incident yet.

The police are continuing their investigation into the cause of the accident, and further details regarding Urmila’s and her driver’s injuries are awaited. Fans and well-wishers have expressed their concern for the actress's recovery, while the tragic death of the metro worker has sparked an outpouring of sympathy for the victim's family.

Mumbai accidents on the rise

The tragic accident comes in the wake of another deadly road incident in Mumbai earlier this month. On December 9, a driver of a civic-run electric bus, operated by the Brihanmumbai Electric Supply and Transport (BEST) undertaking, lost control of the vehicle, causing a devastating crash in Kurla. The crash killed seven people, injured 42 others, and damaged more than 20 vehicles. The incident was captured on CCTV and has heightened concerns about road safety in the city.

In another accident, a four-year-old boy was killed in Mumbai after being hit by a speeding car, which officials said was being driven by a 19-year-old. The incident occurred last week in Wadala area, and the child was knocked down when he was playing on the road, police said.",2024-12-28T16:14:19+05:30,Times of India,1
09fe50aa72bddbf082f4ca72c60bc356,Delhi: 54-year-old dead in late night crash near Chanakyapuri,"A 54-year-old cab driver was killed early on Thursday when a speeding SUV ran a red light and rammed into his van at the Sardar Patel Marg-Panchsheel Marg intersection in Chanakyapuri. Police suspect dense fog reduced visibility, leading to the accident. Mangled remains of the SUV which jumped the red light and crashed into the cab early on Thursday. (Sanchit Khanna/HT Photo)

The cab driver – Sukhdev Yadav – was driving a Maruti Eeco van with two passengers en route from the airport when the SUV hit the vehicle on the driver’s side at around 4.30am, according to the police.

Know the latest trending news with HT. Read detailed articles here

“The SUV was coming from Simon Bolivar Marg while the victim was in an Eeco van with two passengers. The accused hit the car sideways,” a police officer familiar with the case said.

The impact of the crash overturned the SUV, a black Range Rover, while the Ecco van was left completely mangled.

Yadav was killed on the spot, police said. His passengers, who were on the backseat, sustained minor injuries and were rushed to the hospital. They were later discharged.

Police said they received a call at 4.38am reporting the crash and a team was rushed to the spot.

The SUV occupants, two brothers from Paschim Vihar, were still inside the car by the time police arrived. They were arrested from the scene. They were interrogated and booked for rash driving and causing death by negligence.

A second officer said: “We checked the footage from the CCTV at the intersection and found that the SUV had jumped a red-light and crashed into the Eeco… The brothers told us they could not see the car because of the fog.”

Win exciting prizes daily View T&C Back Q. Which Indian city has the best quality of living? Delhi Mumbai Bengaluru Please wait a moment.

The SUV had a Himachal Pradesh registration and the accused are used car dealers, said the police.

Police said the brothers had been partying at a five-star hotel before the crash and that their blood samples have been sent to check for alcohol consumption.

“We found that the brothers on Wednesday night were at a five-star hotel in Chanakyapuri and were partying. We have sent their blood samples to check for alcohol levels,” the second officer said.

Meanwhile, Yadav, whose family lives in Kalyanpuri, was called to the RML Hospital to collect his body. He is survived by his wife and their four children.

Friends remembered him as a devoted husband who took care for his ailing wife.

One of his friends, who asked not to be identified, said, “He had been working as a cab driver for more than 25 years. He was a careful driver and a good husband. Since his wife’s health deteriorated after Covid in 2021, he was trying to get extra gigs or jobs to help the family. He wanted his wife to get better and was the sole breadwinner of the family. We don’t know who will take care of the family now…”",2024-12-26T23:46:06+05:30,Times of India,1
73ee4f8569ee1d68d25c44dfedbf4d74,Caught on cam: Speeding truck driver drags two men on Agra Highway,"In a shocking incident caught on camera on the Agra highway in Uttar Pradesh, a man was dragged under a moving truck while his motorbike remained wedged beneath it. A video of the incident, which has gone viral, captures the harrowing moment as the man, identified as Zakir, screamed for help while the truck continued to accelerate. The incident took place on Agra highway.(X/@Gharkakalesh)

The incident occurred as Zakir and a companion were returning home after a meal. Recalling the ordeal, Zakir explained, “We shouted for help, but the driver didn’t stop and kept dragging us along.” His leg was caught under the vehicle, leaving him unable to free himself, reported NAI.

Know the latest trending news with HT. Read detailed articles here

In the 36-second clip, Zakir is seen desperately gesturing to a passing motorcyclist for assistance. Meanwhile, other motorists pursued the truck, managing to overtake it and bring it to a stop. A crowd quickly gathered at the scene, with some individuals confronting the driver and attacking him.

The driver was eventually subdued, and the bystanders worked together to push the truck and rescue the men trapped beneath it. Zakir, who sustained bruises on his face, was later admitted to the hospital for treatment. A bloodstained patch on the road, visible in the footage, marked the horrifying ordeal.

Take a look at the video:

Police officials have confirmed the arrest of the truck driver and have filed a case against him. A senior officer stated, “The video of this disturbing incident is being widely shared on social media. The driver is in custody, and the victim is receiving medical care at the hospital,"" reported NIA.

Another heart-stopping moment of road rage was captured on camera, showing a truck's aggressive manoeuvre forcing a biker to fall on a mountainous road. The biker narrowly escaped tragedy with no significant damage or injuries reported.

Also read: Road rage caught on cam: Truck's reckless manoeuvre sends biker tumbling on mountain road",2024-12-25T15:20:43+05:30,Times of India,1
6b8416da612808c194424efb1c981df6,Road rage caught on cam: Truck's reckless manoeuvre sends biker tumbling on mountain road,"A heart-stopping moment of road rage was captured on camera, showing a truck's aggressive manoeuvre forcing a biker to fall on a mountainous road. The biker narrowly escaped tragedy with no significant damage or injuries reported. The biker narrowly escaped tragedy. (X/@Gharkakalesh)

The shocking video, captioned ""road rage between bike and truck,"" quickly gained traction online, amassing over 600k views shortly after being shared on X (formerly Twitter).

Know the latest trending news with HT. Read detailed articles here

The footage shows three bikes navigating a narrow, winding road, typical of mountainous terrain. At a sharp, blind turn, a truck abruptly appears, taking an aggressive approach and forcing one of the bikes to fall. The truck's forceful manoeuvre, pushing ahead despite the bike on the ground, has left viewers outraged.

Take a look at the video:

The video sparked heated discussions online, with many criticising the truck driver's recklessness. Many took to social media to express their outrage, with comments such as ""Truck was totally on the wrong side at the curve!! Truck fault"" and ""Truck driver's fault.""

A user argued, “This is DEFINITELY THE BIKERS FAULT. I'll explain:; Fully loaded truck probably weighing > 50 tons(just a guess) going uphill in a steep U turn needs a big turning radius (that's y truck is in the opposite lane) & cannot afford to stop or lose momentum that is why the truck did not stop. Riders going down hill i.e.these idiot bikers should be aware of this & let the vehicles going uphill pass first, especially a fully loaded truck. Instead these imbeciles recklessly went downhill causing this incident. The trucker did the right thing by not stopping. If he would have stopped, he wouldn't have been able to move forward in a steep uphill U turn, probably would have caused a bigger incident.”

It is essential to note that the location and timing of the video have not been verified. The origin and context of the footage remain unclear.

A devastating accident occurred earlier this month on the Jaipur-Ajmer highway, where a chemical-laden truck collided with an LPG tanker and other vehicles, sparking a massive fire. The tragedy claimed multiple lives and left several others severely injured.

Also read: Jaipur highway accident site marked ‘blackspot’ but no action

The collision on Bhankrota Ajmer Road in Jaipur on Saturday claimed 13 lives, confirmed DCP West Jaipur, Amit Kumar. The tragic accident occurred around 5:30 am, while it was still dark, near a school.

Also read: How heroic 20-year-old saved 30 burn victims of Jaipur LPG tanker blast",2024-12-25T11:32:16+05:30,Times of India,1
2f05f8fa35f24085b6053ee1bd4c1045,Biker dies after being hit by unidentified vehicle on SCLR,"Mumbai: A 42-year-old biker was killed on Sunday morning when he was hit by an unidentified vehicle while travelling on the Santacruz-Chembur Link Road (SCLR). Police have booked the vehicle’s driver for causing death by rash and negligent driving and are trying to identify the vehicle through CCTV footage. Biker dies after being hit by unidentified vehicle on SCLR

The deceased, identified as Laxmikant Lalbihari Dubey, lived with his family in Lallubhai compound in Mankhurd. His brother Vijaykant said Dubey was an electrician who had been working in a five-star hotel in Juhu for five years and was on his way to work when the accident occurred.

Know the latest trending news with HT. Read detailed articles here

Dubey left his home around 7.30am for work, said police. An unidentified vehicle hit his bike while he was travelling on the SCLR, causing him to lose balance and fall. The accused driver did not stop and drove away.

Passersby who found the biker lying on the road at a distance from his bike called the police control room. Subsequently, a team from Tilak Nagar police station reached the spot and rushed Dubey to Rajawadi hospital, where he was declared dead on arrival.

“We called the deceased’s family from his mobile phone,” said Dilip Mane, senior inspector at Tilak Nagar police station.

The driver of the vehicle has been booked under sections 106 (i) (causing death due to rash and negligent driving) and 281 (rash driving) of the Bharatiya Nyaya Sanhita, along with section 184 (driving at a dangerous speed) and 134 (a) (b) (duty of accused driver after accident) of the Motor Vehicles Act.

Win exciting prizes daily View T&C Back Q. Which Indian city has the best quality of living? Delhi Mumbai Bengaluru Please wait a moment.

“We have been checking CCTV footage from the highway to identify the vehicle and driver,” said Mane.",2024-12-23T00:26:25+05:30,Times of India,1
e27d5bd614929ca54c6306e53f068a7f,"Class differences and prejudices have a role to play in road rage, says top traffic psychologist","The last six months of the year have witnessed a surge in road rage incidents in our overcrowded cities. Police in Bangalore have reportedly registered 40 cases of road rage this year. Between August and October, volatile Delhi recorded more than ten incidents, including one that led to the death of a 20-year-old man. In suburban Mumbai, a 27-year-old man was beaten to death by a group of men after an altercation on a busy road. Anagha Pullangotte is one of the few traffic psychologists in India.

What is traffic psychology?

While traffic congestion, the stresses of urban life, and long commutes are primary triggers, there is much more to the story, says Anagha Pullangotte. Based in Kozhikode, Pullangotte is one of the few traffic psychologists in India. Traffic psychologists—an exceptionally rare profession globally—study driver behaviour on the road and their relationship with their vehicles.

Know the latest trending news with HT. Read detailed articles here

Pullangotte, who trained in traffic psychology at IIT Hyderabad, runs Traffix, a consultancy working with organisations such as Bangalore-based Rasstep, a traffic planning and engineering firm, and Kochi’s SCMS Institute for Road Safety. A former design faculty member at Hyderabad’s Mahindra University, Pullangotte founded Traffix about a year ago.

""I wanted to spend less time working on research papers and more time on the ground,"" she says. In this interview with the Hindustan Times, Pullangotte delves into the emerging field of traffic psychology, the socio-economic factors behind road rage, and the common traits shared by those responsible for such incidents.

Q: What exactly does your work entail as a traffic psychologist?

There are several aspects to my work. We collaborate with private organisations, state governments, and NGOs focused on road safety and sustainable transportation. For instance, Rasstep is involved in transport planning and policy research, while at the SCMS Institute for Road Safety, we train traffic police in Kerala on the behavioural aspects of driving, including the general psychology of drivers. We aim to positively influence driving culture. In addition to conducting research into the traffic environment and stressors, much of my work involves reviewing dashcam footage from participating vehicles. This helps us understand environmental behaviour: how drivers react to specific situations, the kinds of emotions these situations provoke, and how they behave in crowded settings, for example. I also consult with people dealing with driver anxiety—those who have driven before but are no longer able to, often after being involved in accidents.

Q: Do you think road rage is more pronounced in developing economies such as India?

Developed nations also experience high levels of road rage, but it is often better managed due to more effective enforcement and greater public awareness. The extent and manifestation of the problem can vary depending on cultural, social, and economic factors. In developing countries like India, traffic, particularly in urban areas, is extremely heterogeneous. Unlike many other countries, we have everything from Mercedes-Benzes to bicycles, two-wheelers, large trucks, and rickshaws all sharing the same roads. Many people might not realise it, but there is a significant class divide. The way people from different socio-economic backgrounds judge one another, along with the general stereotypes we associate with people from different parts of the country, can also contribute to the rising instances of road rage. Some of the factors identified in my research within the Indian context include a sense of entitlement among drivers of luxury cars or government vehicles, gender bias, power dynamics (where larger vehicles may use intimidation tactics against smaller ones), and even caste and regional factors that might spill over into driving behaviour.

Q: Are men more prone to road rage than women?

I wouldn’t say it’s absolute, as road rage is influenced by various social and moral factors. Statistically, men may be more aggressive, but in the context of India, women are generally not exposed to the conditions that tend to provoke road rage.

Q: What’s the one thing that is common to perpetrators of road rage?

Overconfidence, without a doubt. They have a strong belief that they are in the right, regardless of the situation, and they believe this very convincingly. Some studies have shown that around 70% of drivers feel they are better than others on the road, and this overestimation of one's abilities is a key contributor to road rage.

Q: Could technology in cars, such as advanced driver assistance systems, help reduce the factors contributing to road rage?

Perhaps, but it is generally difficult to influence or change behaviour in collective situations. While it is possible to work with individuals, changing society’s collective attitude is much more challenging. Many of the newer safety features in cars do minimise the scope for errors, but they can also make drivers overly dependent on automated systems, leading to a reduction in attentiveness. In some cases, drivers may begin to take these systems for granted.

Q: Is the daily commute one of the most stressful parts of a car owner’s day?

I would say so, because you have the stress of a long day ahead, with work piling up, and by the time you’re heading home, you’re exhausted from the demands of the day. We spend an excessive amount of time in our cars, especially in our metropolitan areas, where the traffic environment is full of stressors. It’s no surprise that many people enjoy driving in off-road or controlled environments—they don’t have to deal with the road and the traffic!",2024-12-22T18:13:25+05:30,Times of India,2
911c5b5cf2b90947052233fcbe9d273f,"Horrific Bengaluru accident that killed CEO, his family in Volvo sparks debate on road safety","A devastating road accident near Bengaluru that claimed the lives of six members of a family on Saturday has sparked a debate on whether cars made to be safe are effective on unsafe roads. The family was traveling in a Volvo SUV when a container truck overturned and crushed their vehicle, killing everyone inside. The accident occurred on National Highway 48 near Nelamangala, on the outskirts of Bengaluru.(X/drivesmart_IN)

The accident occurred on National Highway 48 near Nelamangala, on the outskirts of Bengaluru.

Know the latest trending news with HT. Read detailed articles here

How did the accident occur?

A preliminary investigation by the police has revealed the sequence of events leading to the tragic accident that claimed six lives. An Eicher truck, carrying aluminum pillars weighing several tonnes, was en route to Bengaluru when the driver lost control of the vehicle while attempting to avoid a collision with another vehicle ahead.

Traveling at high speed, the truck veered off course, crossed the median, and overturned onto a Volvo car heading towards Tumakuru. The impact was catastrophic, leaving the car severely damaged. The truck also collided with a tempo before coming to a halt, though the damage to the tempo was minimal.

The shocking moment when the truck crushed the Volvo was captured on a nearby CCTV camera. Police are currently analyzing the footage as part of their ongoing investigation into the accident.

The deceased have been identified as Chandrayagappa Gaul (48), his wife Gaurabai (42), and their relatives Vijayalakshmi (36), John (16), Deeksha (12), and Arya (6). The family was on their way to Vijayapura when the tragedy struck.

Who is Chandram Yegapagol?

Chandram Yegapagol, the CEO and managing director of IAST software solutions, was a prominent figure in Bengaluru's tech industry. A resident of HSR Layout, Yegapagol hailed from Morbagi village in Maharashtra's Sangli district.

Yegapagol's educational background boasts impressive credentials. He held a diploma in Electrical and Electronics Engineering from GPT Gulbarga and a Bachelor of Engineering degree in the same discipline from the esteemed National Institute of Technology Karnataka (NITK) Surathkal, as per his LinkedIn profile.

According to eyewitnesses, the truck driver, Arif, lost control of the vehicle while trying to save a car that suddenly stopped in front of him. The truck jumped the divider and crashed into the Volvo SUV.

The family was on the way to Vijayapura when the accident occurred. As the truck fell on it, the car was badly mangled and the bodies were dismembered, a police officer said.

Raging debate on social media

The accident has sparked a conversation on social media about road safety, with many users pointing out that even the safest cars cannot save lives if others on the road are driving recklessly.

DriveSmart, a social media handle dedicated to promoting road safety, shared disturbing images from the accident site where a Volvo SUV was crushed by a container truck, claiming six lives.

The X handle issued a stark warning, stating, ""This pic is a reminder that being safer on the road is not achieved by a safer car alone. Safe Roads + Safe Driver + Safe Car --> All three are essential for safety (sic).""

Some users, responding to the post, said that while Volvo is renowned for manufacturing safe vehicles, no car can withstand the crushing weight of a container loaded with aluminum.

Others took to tagging Road Transport and Highways Minister Nitin Gadkari, urging the government to implement stricter rules and regulations to ensure road safety, highlighting the need for more robust measures to prevent such devastating accidents in the future.

Recently during a debate on road safety in the Parliament, Union Minister stated that the number of accidents has gone up significantly. ""Forget about reducing the number of accidents, I have no hesitation to admit that it has been increased. This is one area where our department has not achieved success,"" Gadkari said during the Winter session of the Parliament.

He also expressed discontent over the fact that despite so many people dying in road accidents, there is still no fear of law. ""Some do not wear helmets, some jump red signal,"" he said during the Question Hour, while describing the ""strange"" situation.

The union minister noted that parking of trucks on road is a major cause for accidents and many of the trucks don't follow lane discipline.

According to government data, over 1.78 lakh people died in road accidents in India last year. This is about 470 deaths every day and a majority of victims are in the 18-34 years age group.",2024-12-22T17:26:00+05:30,Times of India,1
f7a96c9cc2e98ee2e1ecf1dd0f220e64,How heroic 20-year-old saved 30 burn victims of Jaipur LPG tanker blast,"Jaipur gas tanker explosion: Shortly after an LPG tanker collided with a truck on Friday that led to a massive fire, around 30 burn victims sought refuge in a farmhouse near the Jaipur-Ajmer National Highway. The family residing in a temporary shelter on the farmland was jolted awake by cries for help and opened their doors to a horrifying sight, The Times of India reported. Rescue operation underway after an LPG tanker collided with multiple vehicles on the Jaipur-Ajmer highway, in Jaipur on Friday. (PTI)

“They were begging for clothes, water... anything to ease their pain,” said Bhanwar Lal, the family head told the newspaper. “Their skin was charred, and many could barely speak,” he added.

Know the latest trending news with HT. Read detailed articles here

Also Read | Man in flames walks 600m for help after Jaipur tanker blast, bystanders shoot videos

Although Kandoi Hospital, a private facility, was just 1.5 km away, access was blocked by an eight-foot boundary wall that separated the farmland from the hospital, the report said, adding that for the injured, weakened by severe burns, scaling the wall seemed impossible.

However, 20-year-old Rakesh Saini of the farming family then stepped in. Using a ladder, he created a makeshift passage over the wall. ""I saw at least 30 people running into our fields from the flames,"" ToI quoted Saini as saying. ""They were screaming in pain, their clothes burned off. I didn’t think twice; I grabbed the ladder,"" he added.

Also Read | Jaipur highway accident site marked ‘blackspot’ but no action

Realising many victims were too weak to climb, Saini helped them over the wall one by one.

Describing the harrowing scenes at Kandoi Hospital, Dr Raman Kandoi, the owner of the health facility, said, “About 30 people with varying degrees of burns arrived in despair, begging for help. Their skin was burning, and they were writhing in pain.”

""Even as a surgeon, it was a horrifying scene to witness,"" he added.

Dr Kandoi and his wife, who is also a doctor, immediately started preliminary treatment. ""We always keep a couple of ambulances on standby, given our proximity to the highway. We used them to rush the victims to SMS Hospital,"" he explained.

He added, ""At least 10 people had burns exceeding 60%. Time was critical, so we made multiple ambulance trips to transport everyone. It took three to four rounds to get all the patients to the hospital.""

Death toll in rises to 14

The death toll in the LPG tanker accident on the Jaipur-Ajmer highway rose to 14 on Saturday. Officials said more than 30 people who suffered burn injuries in the massive crash are undergoing treatment.

""Five charred bodies were received yesterday. Eight others have died. Total 14 deaths have been reported so far. Twenty-seven patients are admitted to SMS hospital and undergoing treatment. Seven are on ventilator support,"" Dr Sushil Bhati, Sawai Man Singh (SMS) Hospital Superintendent, said.

He added that the body of one more victim was taken to another hospital.

Five bodies are yet to be identified, Bhati said.

A truck hit the LPG tanker on the highway in the Bhankrota area in the early hours of Friday, sparking a massive fire that engulfed more than 35 vehicles.

Most of the people injured in the accident are admitted to the 'Burn Unit' of the SMS Hospital.",2024-12-22T13:58:10+05:30,Times of India,1
4bf4ab04f17c98a27e231e03c38f0409,"4-year-old boy run over by speeding car in Mumbai, teen driver arrested","A four-year-old boy was killed in Mumbai after being hit by a speeding car, which officials said was being driven by a 19-year-old. The incident occurred in Wadala area, and the child was knocked down when he was playing on the road, police said. Mumbai, India. Dec 21, 2024: A 3 -year-old boy lost his life after a car hit him near Wadala depot in Wadala, Mumbai. Mumbai, India. Dec 24, 2024. (Photo by Raju Shinde/HT Photo)(Hindustan Times)

Bhushan Gole, the accused was reversing his Hyundai Creta. The driver didn't flee the spot and has been arrested, police said.

Know the latest trending news with HT. Read detailed articles here

""Prima facie, the driver was not under the influence of alcohol,"" a police official told news agency PTI.

The driver was arrested under relevant sections of the Bharatiya Nyay Sanhita (BNS) and further investigation is underway.

The family of the four-year-old lives on a footpath in the area, and his father is a worker.

Deadly Kurla bus crash

The tragic accident comes in the wake of another deadly road incident in Mumbai earlier this month. On December 9, a driver of a civic-run electric bus, operated by the Brihanmumbai Electric Supply and Transport (BEST) undertaking, lost control of the vehicle, causing a devastating crash in Kurla. The crash killed seven people, injured 42 others, and damaged more than 20 vehicles. The incident was captured on CCTV and has heightened concerns about road safety in the city.

Police arrested the driver Sanjay More and charged him with culpable homicide not amounting to murder.

Concerns over road safety in Maharashtra

According to a recent report by the Union Ministry of Road Transport and Highways, Maharashtra is among the states with the highest number of road accidents in India. Between 2018 and 2022, the state recorded 66,370 road accident deaths, ranking third after Uttar Pradesh and Tamil Nadu.

Speaking during the Parliament winter session, Union minister Nitin Gadkari said that 1,78,000 lives are claimed by road accidents every year and 60 per cent of the victims are in the age group of 18-34 years.",2024-12-22T13:17:36+05:30,Times of India,1
dfbfc81ebaf8be127fe8c513783152a4,"Caught on CCTV: Car flips 8 times on Rajasthan highway, passengers escape unhurt, ask for tea","In a miraculous escape, five passengers walked away unscathed after their SUV flipped eight times in a freak accident on a highway in Rajasthan's Nagaur district on Friday. The dramatic incident, captured on CCTV, showed the high-speed vehicle spiralling out of control before coming to a halt in front of a car showroom. In Rajasthan, five passengers miraculously escaped unhurt after their SUV flipped 8 times(X/HateDetectors)

(Also read: Man survives crash with miraculous landing on pickup truck bonnet after hitting divider. Video)

Know the latest trending news with HT. Read detailed articles here

High-speed flip leaves car in mangled wreck

According to an NDTV report, the SUV, carrying five passengers, was speeding along the highway when the driver appeared to lose control while taking a turn. Within moments, the car flipped repeatedly, smashing into the main gate of the showroom, which gave way under the impact. The vehicle was left in a mangled state, with debris scattered around.

Remarkably, none of the passengers sustained injuries despite the severity of the crash. Visuals from the scene show the upside-down car in front of the showroom, a chilling reminder of the accident's intensity.

Watch the clip here:

Passengers walk away unhurt

Officials revealed that the driver managed to jump out of the vehicle while it was flipping. The other four passengers climbed out after the car came to a halt. In an unexpected turn of events, the group then entered the car showroom, surprising staff with an unusual request.

(Also read: Karnataka bus suspends between highway and divider, 8 passengers escape deadly accident. Watch)

“No one was hurt...not even a single scratch. As soon as they entered, they asked for tea,” said an amused official from the showroom. The passengers' light-hearted reaction to such a grave accident left onlookers baffled and relieved.

Travelling from Nagaur to Bikaner

The group was reportedly travelling from Nagaur to Bikaner when the incident occurred. While the exact cause of the accident remains under investigation, officials have highlighted the role of high speed in the mishap.",2024-12-21T18:08:11+05:30,Times of India,1
e18a44613a0712121ddaa94f8d975942,Jaipur gas tanker crash: CCTV shows fire sweeping nearby property moments after accident | Video,"CCTV video at a property near the spot where a gas tanker collided with other vehicles on Jaipur -Ajmer highway in Rajasthan showed fire engulfing the premises within seconds and leaving a trail of destruction. Firefighters at the site of the accident after a truck loaded with a chemical collided with some other vehicles and caught fire on the Jaipur-Ajmer Highway.(PTI)

Other visuals showed smoke engulfing a street after the tanker collided with other vehicles, leading to a blast and fire.

Know the latest trending news with HT. Read detailed articles here

The deadly collision that killed at least seven people and injured over 35 people turned a stretch of the Jaipur-Ajmer highway into an inferno on Friday morning, as over 30 vehicles were up in flames with thick black smoke arising from them filling the sky. The incident happened near a petrol pump.

Officials said there are chances that some people could not get out of their vehicles and were charred inside.

As per witness accounts, flames were visible from nearly a kilometre away as ambulances and fire brigade vehicles rushed towards the crash zone.

Rajasthan health department officials told news agency PTI that seven people died in the crash while more than 35 were injured.

Police said the situation will become clear once all the vehicles are thoroughly checked.

Amit Shah speaks to Rajasthan CM

Rajasthan Chief Minister Bhajan Lal Sharma and Health Minister Gajendra Singh Khimsar rushed to the SMS Hospital, where the injured were admitted.

Sharma spoke to administration officials and doctors and issued directions to ensure proper treatment was facilitated. He also visited the accident site and spoke to police officials.

Home Minister Amit Shah also spoke to the Rajasthan chief minister and took stock of the situation.

In a post in Hindi on X, the chief minister said, ""Deeply saddened to hear the news of casualties in the gas tanker fire incident on the Jaipur-Ajmer National Highway.

As soon as the information about the incident came, I went to the SMS Hospital and directed the doctors there to provide immediate necessary medical facilities and take proper care of the injured.""

Jaipur Police Commissioner Biju George Joseph and other officials of the department were at the spot on the highway.

Khimsar told reporters that nearly half of the injured brought to the hospital were in very critical condition.

""All doctors, resident doctors and nursing staff were called in to manage the situation. Another ward has been opened so that patients can be accommodated. Some people got primary treatment in nearby hospitals,"" he said.

The Jaipur Police has issued the helpline numbers 9166347551, 8764688431 and 7300363636 for people to get in touch for inquiries or relevant information.",2024-12-20T14:07:53+05:30,Times of India,1
eafd24d181a187f8187a9f54b7e8f708,"Ludhiana: Driver charred to death as truck overturns, catches fire","A truck driver was charred to death after the vehicle hit the railing of a bridge, overturned and caught fire in Transport Nagar on the Amritsar-Delhi national highway, officials said. The gutted truck after the accident near Transport Nagar in Ludhiana on Thursday. (Manish/HT)

Police said the victim was burned beyond recognition and they are working to ascertain his identity.

Know the latest trending news with HT. Read detailed articles here

They added that there were two occupants in the truck carrying plastic granules and travelling from Delhi to Amritsar. Police said the other occupant escaped from the spot after the accident and they are making efforts to trace him.

The traffic on the stretch was disrupted for over an hour.

Even as the authorities continue efforts to ascertain the exact cause of the accident, it is suspected that the driver lost control over the vehicle, which led to the crash.

Officials said the vehicle skidded for about 20 to 25 feet before overturning and the diesel tank struck the road, causing an explosion that led to fire.

Eyewitnesses said the fire engulfed the vehicle rapidly. They added that a much larger tragedy was averted as the vehicle did not cross over the railing, which would have led to it falling on other vehicles using the road below, likely taking the toll up.

After the emergency services were alerted, two to three fire tenders arrived at the scene. Sub-fire officer Aatish Rai said, “We received a call at 9.50 am. Although the fire was controlled within minutes, retrieving the body took a lot of time due to its condition.”

Win exciting prizes daily View T&C Back Q. Which Indian city has the best quality of living? Delhi Mumbai Bengaluru Please wait a moment.

This is the second vehicle fire in the last two days in the city. On Wednesday, a tempo caught fire near Gill Chowk.

Residents pointed out that the department concerned should conduct special checks of trucks carrying inflammable materials and ensure that they have safety kits and employed security measures.",2024-12-19T23:15:09+05:30,Times of India,1
84763aebbf3c6bbf0b6d5425b3ef06a2,"Mumbai ferry mishap: Body of missing passenger found, death toll rises to 14","A missing passenger's body was recovered on Thursday off the coast of Mumbai where a Naval boat had collided with a ferry the day before, police officials told the news agency PTI. The death toll in the tragic accident has now risen to 14. 14 people died in the tragic ferry boat accident off the coast of Mumbai (Bhushan Koyande/HT Photo)

The 43-year-old man was among the two passengers reported to be missing after the mishap. Search operations are currently underway to locate the seven-year-old boy who is still missing.

Know the latest trending news with HT. Read detailed articles here

On Wednesday around 4 pm, the Indian Navy speedboat crashed into the passenger ferry ‘Neelkamal’ which was on its way to Elephanta Caves from the Gateway of India.

A naval helicopter and eight boats, including those of the Navy and Coast Guard were deployed to search for the missing passengers on Thursday. Out of 113 people on board the Navy boat and the ferry, 14 people died, two were injured and 98 were rescued. Of the six people on the Navy speedboat, only two survived.

The Indian Navy has also formed a board of inquiry to investigate the cause of the collision and establish the facts of the case. Chief minister Devendra Fadnavis has also ordered an inquiry into the matter.

Navy chief Admiral Dinesh K Tripathi offered his condolences to the bereaved families of those who lost their lives in the accident and wished for a speedy and full recovery of those who were injured.

Fadnavis announced that ₹5 lakh as compensation to the next kin of those who died in the accident. Prime Minister Narendra Modi also pledged ₹2 lakh to the next of kin of the deceased and ₹50,000 to those injured.

The authorities on Thursday made life jackets mandatory for all people taking boat rides from the Gateway of India, PTI reported.",2024-12-19T21:17:33+05:30,Times of India,3
2ccc6bec60a2611647bfe8ade0e75dba,Mumbai boat accident survivor recalls ‘mutilated body’ crashing on ferry deck after collision,"A survivor of the Mumbai boat accident that claimed 13 lives has opened up about the moment of impact and its aftermath. At least 13 people died and two were critically injured after a passenger ferry capsized off the coast of Mumbai on Wednesday evening. The ferry was hit by an out-of-control Indian Navy speedboat while plying tourists to Elephanta Island. A boat carrying 85 passengers capsizes near the Gateway of India, in Mumbai on Wednesday.(Indian Coast Guard)

The collision occurred close to Butcher Island around 4 pm on Wednesday, December 18.

Know the latest trending news with HT. Read detailed articles here

The ferry had approximately 110 passengers including 20 children, according to Indian Navy officials. Among the deceased, 10 were civilians, and three were Navy personnel.

“Motionless body on ferry deck”

Gautam Gupta was travelling on the ferry between Mumbai and Elephanta Island when the collision occurred. The 25-year-old recorded a video of the moment of impact.

Gupta told Times of India that he presumed the Indian Navy speedboat was doing stunts in the sea, and therefore started recording it. He said that the force of the impact was such that the speedboat’s passengers were flung into the air.

""I was recording the video of a speedboat presuming it was doing stunts when it suddenly hit our ferry. To my utter disbelief and shock, on impact, one of the speedboat's passengers was flung into the air and crashed on the deck of our ferry just beside me. His motionless body was badly mutilated,"" said Gautam Gupta.

Gupta was on his way to Elephanta Caves with his aunt and his cousin when the collision occurred. His aunt remains missing. He and his cousin, Rinta Gupta, are currently receiving treatment at St George’s Hospital with other survivors.

Google Trends

“Mumbai boat accident” has become one of the top trends on Google after the tragedy. In the past 24 hours, the term has seen over 20,000 searches. According to Google Trends, the search interest began around 5.30 pm on December 18 and peaked in the early hours of December 19. At around 4.10 am on December 19, the search term reached peak popularity.

The maximum interest came from Maharashtra, followed by Goa and Tripura. Related search queries included “Boat accident in Mumbai” and Elephanta Caves.",2024-12-19T10:25:18+05:30,Times of India,2
069a13338c936f7b6d2ac910f6381ffa,"Gujarat: Bus accident in Bhavnagar kills 6, leaves 10 injured","Six persons were killed and nearly 10 others injured after a private bus rammed into a dumper truck on a highway in Gujarat's Bhavnagar district on Tuesday morning, police said. On Tuesday morning, a private bus collided with a dumper truck on a highway in Gujarat's Bhavnagar district, killing six people and injuring about ten more. (PTI)

The accident took place near Trapaj village at around 6 am when the bus was on way towards Mahuva from Bhavnagar, Superintendent of Police Harshad Patel said.

Know the latest trending news with HT. Read detailed articles here

The bus hit the dumper truck from behind.

Six persons were killed in the accident, the official said, adding that eight to ten others were injured.

The injured persons were undergoing treatment at a hospital and they were reported to be out of danger, he said.

The collision was so severe that the right side front portion of the bus was completely damaged, as per officials.",2024-12-17T12:24:53+05:30,Times of India,1
dc95b8674609bc9d75244318a4349589,Mumbai: Death toll rises to 8 in Kurla BEST bus accident as man succumbs to injuries,"A 55-year-old man, who was among the several persons injured in the BEST bus accident in Kurla area of Maharashtra's Mumbai, died on Monday morning, taking the death toll to eight, a civic official said. Sanjay More, who was intoxicated when he drove the BEST bus that killed eight people, swerved into the busy market at an unsafely high speed and struck stopped and moving cars, including a police jeep.(PTI)

The electric bus, hired by the civic-run Brihanmumbai Electric Supply and Transport (BEST) undertaking on wet-lease basis, ploughed into a crowd and fatally knocked down seven persons and injured 42 others on a crowded road in Kurla area on December 9.

Know the latest trending news with HT. Read detailed articles here

In addition, the accident caused damage to a number of other vehicles.

According to a Brihanmumbai Municipal Corporation (BMC) official, one of the injured, Fazlu Rehman, passed away on Monday morning while receiving treatment at the Sion Hospital.

A five-person team appointed by BEST has been formed to look into the Kurla accident.

Police are holding 54-year-old driver Sanjay More on suspicion of reckless driving.

It also said that BEST would provide ₹2 lakh each to the families of those who lost their lives and bear treatment expenses of the injured.

BEST administration has claimed that More received three days' training before he was allowed to drive the electric bus.

RTO authorities believe the accident, which was one of the most horrifying involving BEST buses in recent memory, may have been caused by human error and inadequate training for operating buses with automatic transmissions.

Win exciting prizes daily View T&C Back Q. Which Indian city has the best quality of living? Delhi Mumbai Bengaluru Please wait a moment.

A police officer and jail guard were arrested in Navi Mumbai for taking a bribe from an inmate's brother

A police officer and a senior jail official are facing charges for allegedly receiving and demanding a bribe to cease harassing a prisoner's relative in Navi Mumbai.

Police have filed a case against Taloja Jail senior officer Nivrutti Maneji Kannewad and constable Rahul Parmeshwar Garad under the Prevention of Corruption Act in response to a complaint, an officer stated.

He stated that the complainant, whose brother is a prisoner at Taloja Jail, was reportedly asked to pay the two a bribe of ₹10,000.

The complainant claimed that the two defendants at Taloja Jail had harassed his brother. According to reports, as the prisoner was taken to court for procedures, the abuse intensified.

Also read: Worker dies after grinder pulls him in at food stall in Mumbai

According to the official, the detainee told his brother at a meeting that the two authorities had asked for ₹10,000 in order to end the harassment.

He stated that after looking into the accusation, the Anti-Corruption Bureau discovered that the two had taken the bribe money on Saturday.",2024-12-16T11:37:22+05:30,Times of India,1
54b2de7ea0d0e5825131a6f9f7c4f75b,"25-year-old biker killed after being hit by bus in Mumbai, days after deadly Kurla accident","Days after a BEST bus accident killed seven persons in Mumbai's Kurla, a 25-year-old man died after being run over by the electric busy in the Govandi area, police said. Four days after the Kurla accident, BEST bus services had just resumed on Friday. (Raju Shinde/HT Photo)

The incident took place late on Saturday at the Shivaji Nagar junction in Govandi when the victim, Dikshit Vinod Rajput, was on his motorcycle, ANI reported.

Know the latest trending news with HT. Read detailed articles here

A police official said that the man suffered a severe head injury and was rushed to the Rajawadi Hospital, where doctors pronounced him dead.

The electric buses are hired by the Brihanmumbai Electricity Supply and Transport (BEST) undertaking on a lease-basis.

Police arrested the 39-year-old driver of the bus, Vinod Aabaji Rankhambe, along with the conductor Avinash Vikramrao Gite, under the relevant sections of the Bharatiya Nyay Sanhita (BNS) Act, NDTV reported. The official said that further probe into the matter is underway.

Kurla bus accident

Earlier this week, a BEST bus mowed down seven people to death and injured 42 others along the SG Barve Marg in Kurla west. Over a 100-metre stretch, it collided with 30 to 40 vehicles before ramming into the RCC column of the Solomon Building, breaking its compound wall, the Brihanmumbai Municipal Corporation (BMC) said.

Later, police arrested 54-year-old Sanjay More, driver of the BEST bus, who lost control over the wheels on route A322 while plying from Kurla station to Sakinaka.

The bus was a 12-metre-long electric vehicle manufactured by Hyderbad-based Olectra Greentech, and BEST had taken it on a wet lease.

More later told the Police that he was uncomfortable with operating the automatic transmission of the electric bus, which he had been assigned on December 1.

Two days later, Regional Transport Officers (RTO) shared a preliminary assessment of the incident's report with the police, saying that there was no technical fault with the bus.

They also corroborated that Sanjay More was not fully trained to deal with the electric bus, noting that he had received only three rounds of training in an e-bus by the wet lease contractor. This was in contrary to the BEST's internal SOP that mandates a six-week refresher training for drivers going from manual to e-buses.

Unfortunately, More's discomfort led to the tragic incident, which claimed the lives of seven persons.

Notably, it was only on Friday that the BEST resumed its services around the Kurla west area.",2024-12-15T13:51:54+05:30,Times of India,1
c0e7b8609ef1e8788ed3281c4d2ff3c3,"Dutee Chand stops truck after accident, police detain driver for questioning","Sprinter Dutee Chand escaped unhurt after a truck hit her car near OMP Square in Cuttack, police said on Friday. A truck struck sprinter Dutee Chand's vehicle close to Cuttack's OMP Square, but she was unharmed(PTI)

The incident took place on Thursday evening when Dutee was returning to Bhubaneswar from her native Jajpur district with a friend. Her luxury car suffered damage in the accident, they said.

Know the latest trending news with HT. Read detailed articles here

Dutee stopped the truck which was trying to flee from the accident site. She contacted the Madhupatna police station which reached the spot and detained the truck driver for questioning.

""When we tried to stop the truck driver from fleeing, he used filthy language,"" Dutee said.

Dutee Chand and her friend were rescued to safety, police said.",2024-12-13T17:05:10+05:30,Times of India,1
ba92d8d53be0d36856149d28a86128e8,"Indian student dies, 4 injured after horrific car crash in UK's Leicestershire","A 32-year-old Indian student, Chiranjeevi Panguluri, has died in a road accident in Leicestershire, eastern England. The incident occurred on Tuesday morning when the car Panguluri was travelling in left the road and ended up in a ditch. A 27-year-old man was arrested on suspicion of causing death by dangerous driving.(REUTERS)

According to the Leicestershire Police, Panguluri was pronounced dead at the scene. Three other passengers, including one woman and two men, and the driver were taken to hospital with serious injuries. The two male passengers remain in hospital, but their injuries are not life-threatening.

Know the latest trending news with HT. Read detailed articles here

""Chiranjeevi Panguluri, 32, was the passenger in a grey Mazda 3 Tamura, which was travelling county bound from Leicester towards Market Harborough, before leaving the road and coming to rest in a ditch,"" a police statement read.

""Mr Panguluri, from Leicester, was pronounced dead at the scene. Three other passengers, one woman and two men, in the vehicle and the driver were all taken to hospital. The two male passengers remain in hospital with serious injuries which have been described as not life-threatening,"" it added.

""Officers remain keen to speak to anyone who may have been travelling along the A6 on Tuesday morning and witnessed the collision. They would also like people to check whether they have captured any footage on dash cam equipment,"" the Leicestershire Police statement said.

A 27-year-old man was arrested on suspicion of causing death by dangerous driving and has since been released on bail. The police are appealing for witnesses and dashcam footage to aid their investigation.

All those involved in the collision are reportedly from Andhra Pradesh. The incident has sent shockwaves through the Indian community in the UK, and authorities are working to provide support to the families affected.

Indian found dead in UK

Earlier this year, the body of a 24-year-old Indian woman was found hidden in the trunk of a car in the UK. Harshita Brella's family has hinted at a possible dowry dispute being linked to her death. According to news agency ANI, Brella's family has raised suspicions about the circumstances surrounding her demise.

Brella, a 24-year-old Indian woman from Delhi, was living with her husband in the UK at the time of her death. The investigation into her death is ongoing, and authorities have not yet confirmed the cause or any potential motives.",2024-12-12T09:50:39+05:30,Times of India,1
4f859c5a47a6500ad035efebcb2b9d37,UP: Fluorescent strips on stray bulls to prevent fatal accidents on highways,"The highways of Uttar Pradesh, particularly at night, have become a dangerous space where speeding vehicles and stray bulls often lead to fatal accidents. To address this issue, the Pilibhit district of Uttar Pradesh has launched an innovative initiative to make stray cattle more visible on roads after dark by installing reflective fluorescent strips around their necks and horns. Last month, UP presented what appeared to be a simple solution. Neon-luminous tape was applied on stray cattle's horns and necks.

This has been done to make sure stray bulls are visible to drivers, particularly on major highways where accidents are frequent.

Know the latest trending news with HT. Read detailed articles here

Also read: 26 killed in five road accidents across Uttar Pradesh on Friday

The initiative began in Pilibhit, where workers have tagged 450 stray bulls along three major highways: Bareilly-Haridwar NH-74, Pilibhit-Basti NH-730, and Bhind-Lipulekh NH-731, according to a Times of India report.

The fluorescent strips, which glow under vehicle headlights, cost ₹400 per bull and are particularly useful for black-coated cattle that tend to blend into the night, making them nearly invisible to drivers.

The project, led by Assistant Regional Transport Officer Virendra Singh, has seen the active involvement of local villagers who have supported and partially funded the initiative.

However, the task has not been without its challenges. Field teams, working without protective gear or tranquilisation tools, have faced threats from the very animals they were trying to protect. Singh acknowledged the significant role played by villagers in ensuring the success of the project, but also stressed that without proper safety measures, the initiative cannot be expanded.

This effort draws inspiration from a similar initiative launched by the NGO Neki Ki Deevar in 2016, which tagged around 350 stray cattle in Puranpur. While the earlier project faced logistical and safety challenges that led to its halt, the Pilibhit initiative continues, with hopes to reduce the number of nocturnal accidents involving stray animals.",2024-12-08T11:32:55+05:30,Times of India,2
3d6e2b0c2a546a64769b89ba22a54243,Teenage boy crashes Porsche car into motorcycles in Mumbai's Bandra,"A speeding Porsche car allegedly driven by a 19-year-old boy crashed into motorcycles parked along a footpath in Bandra, Mumbai in the early hours in of the morning on Saturday, police officials told news agency PTI. Nobody was injured in the accident. The Porsche driven by a teenager crashed into motorcycles parked in Bandra on Saturday morning

The police booked Dhruv Gupta for rash and negligent driving and his his blood samples were sent for chemical analysis to ascertain whether he was under the influence of alcohol during the accident.

Know the latest trending news with HT. Read detailed articles here

Police officials also told PTI that Dhruv was the son of an influential businessman.

At 2:40 am, the Porsche car collided with motorbikes parked alongside a footpath near Sadhu Vaswani Chowk at 2:40 AM after the driver apparently lost his control at the wheel.

Initial reports state that five people, including a woman, were present in the luxury vehicle. Further investigation is underway, an official added.

The accident was captured on a CCTV camera, and the footage has gone viral on social media.

The case is a recent addition to several car crashes involving luxury vehicles in Mumbai.

In July this year, Mihir Shah, the son of a Shiv Sena politician crashed his BMW into a couple riding a scooter in Worli, killing the woman and injuring her husband.

He was arrested on July 9 and on November 25, a district court dismissed petitions filed challenging his arrest on grounds that he hadn't been issued a written warrant.

Police officials had stated that Mihir Shah had admitted to hitting the couple under the influence of alcohol. The wife, Kaveri Nakhwa, was dragged by the car for 1.5 kilometres after she was hit.",2024-12-07T21:17:55+05:30,Times of India,1
f8337def3342145e9c30570202a06812,IPS officer en route to join duty dies in road accident in Hassan,"A 26-year-old probationary IPS officer Harsh Bardhan, who was en route to assume his duties, died after his jeep driver lost control while driving at a high speed near Kittanegadi village in Hassan taluk, police said on Monday. Harsh Bardhan (HT Photo)

Police said the accident took place on Sunday at around 4.15pm on National Highway 373, which connects Hassan and Mysuru, when Bardhan was en route to report to the Hassan district superintendent of police (SP) office after completing a month-long training at the police academy in Mysuru.

Know the latest trending news with HT. Read detailed articles here

Bardhan was travelling in a police jeep when the vehicle overturned near Kittanegadi village. Hassan SP Muhammed Sujitha said: “The young officer had just completed his training, and I was preparing to post him as ASP. Unfortunately, he succumbed to his injuries despite our efforts to save him.”

“We rushed him to a private hospital in Hassan and even attempted to transfer him to Bengaluru under zero-traffic conditions, but he succumbed at 9:30 pm,” he said. The autopsy was conducted on Monday, and his body was transported to Yelahanka Air Force Station for airlifting to his residence in Dosar village in Singrauli district, Madhya Pradesh.

An FIR was filed against the jeep’s driver, Manje Gowda at the Gorur police station under the BNS Act’s section 281 for rash and negligent driving.

Gorur sub-inspector Dhanraj said: “Both Bardhan and the driver were wearing seat belts, but the jeep overturned thrice. Unfortunately, the airbags did not deploy, which exacerbated his injuries. Had the airbags opened, the officer might have survived.”

Shankarappa, a witness, said: “The driver lost control at high speed, veered off the road, and crashed into a coconut tree. The vehicle overturned, severely injuring the officer. We immediately took him to the hospital.”

Harsh Bardhan was the son of Akhilesh Kumar Singh, a sub-divisional magistrate, and Dolly Singh, a government employee. Despite a background in civil engineering, Bardhan pursued civil services, securing the 153rd rank in the UPSC exams on his first attempt in 2022.

On Monday, chief minister Siddaramaiah expressed his condolences on X and said: “Saddened to learn of Harsh Bardhan’s death in an accident. This tragedy occurred while he was on his way to assume office. It is heartbreaking that years of hard work ended in such a tragedy. May his soul rest in peace.”",2024-12-03T00:31:45+05:30,Times of India,1
2b5663e38557dce255d28824423414f1,Krushna Abhishek shares wife Kashmera Shah is doing fine after her accident: She is a strong woman,"Kashmera Shah recently met with an accident while she was in the US, away from her family. The actor had informed about the incident on social media by sharing a picture of blood-stained tissues on her car seat, followed by a picture of her nose covered in bandages. While the incident got everyone worried, her husband, actor-comedian Krushna Abhishek informs that she is doing fine. Krushna Abhishek on Kashmera Shah's health after accident

Explaining what happened and how the accident took place, Krushna shares, “She bumped into a glass mirror on the street, when she was in Palm Springs. Since she was not in Los Angeles, she got a bit more worried as she didn’t know people around there, and even Indians are not so much in that area. The shattered glass entered her nose, and she lost a lot of blood and had a major swelling. But she was taken to the hospital, and the situation was taken care of.”

Know the latest trending news with HT. Read detailed articles here

Sharing an update on her current health status, Krushna informs, “Kashmera is one of the strongest women I have ever seen. She takes good care of herself and the family. The accident could have been worse, but she got saved. She is all okay now and will be returning to India in two to three weeks.”

Taking to Instagram, even Kashmera had updated about the incident saying, “I walked into a glass that could have shattered my whole face and it only jnjured my nose. And of course my emotional health as I was away from my friends and family in a far away city.” However, she ended the note with a quip, revealing that while Krushna did want to leave his shoot and come to her in the US, she didn’t let him: “The reason I did not let him come is because I did not want him to say Finally Naak kaat Li Apni.”",2024-11-30T18:14:53+05:30,Times of India,1
da5f41a84a1e29c4696ff455293fe46c,Man survives crash with miraculous landing on pickup truck bonnet after hitting divider. Video,"A chilling video has gone viral on social media, capturing a scooter rider’s astonishing escape from what could have been a tragic accident. The 10-second clip, shared by X user Mikku, has left viewers both stunned and relieved as they witness the man’s extraordinary luck and calm demeanour. A scooter rider narrowly escaped disaster, landing on a truck's bonnet after losing control. (X)

Scooter rider loses control, lands on pickup truck bonnet

The incident occurred when the rider, navigating a scooter, struck a ramp built in front of a divider, causing him to lose control. As his scooter skidded out of his grasp, he was thrown forward, landing squarely on the bonnet of an oncoming pickup truck. The driver’s quick reflexes in slamming the brakes averted a potentially fatal collision.

Know the latest trending news with HT. Read detailed articles here

(Also read: Commuter looking into phone narrowly escapes death as speeding train arrives. Heart-stopping video)

In an almost surreal moment, the rider calmly climbed off the bonnet, surveyed the scene, and walked back to retrieve his fallen scooter. His composed reaction left onlookers and social media users in disbelief, as the entire episode unfolded as though it were a scene from an action movie.

Watch the clip here:

Social media reacts: “Unbelievable luck!”

The video has amassed over three lakh views, with users expressing a mix of astonishment, relief, and humour.

One user marvelled at the rider's luck, commenting, “This man must have a guardian angel! Unbelievable how he walked away like that.” Another remarked on the driver’s swift reaction, noting, “Kudos to the pickup driver for being alert. This could’ve ended so badly.”

(Also read: Audi goes on rampage in Ahmedabad, drunk driver filmed smoking inside after crash)

While some were impressed by the rider’s composure, others joked about his nonchalant attitude. “He’s walking away like he does this every day,” quipped one user, while another wrote, “Is this man secretly a stunt double?”

Some users turned their attention to the infrastructure issue, pointing out the ramp as a hazard. “Why is there a ramp in front of a divider? This could have caused so many accidents,” one user criticised. Another said, “This is a classic case of poor road planning.”",2024-11-30T11:04:02+05:30,Times of India,1
7ff2ada5b78d3c80a9d8ef6487554e6c,Two bus routes discontinued after fatal accident are now back in Uran,"Navi Mumbai: Nine months after suspending three bus routes following a fatal accident, Navi Mumbai Municipal Transport (NMMT) has reinstated two of them in response to persistent public demand. The routes were initially discontinued after an NMMT bus accident on February 8 along the Khopta-Koproli road towards JNPT. Representative Image. (BACHCHAN KUMAR/HT PHOTO)

The routes were initially discontinued after an NMMT bus accident on February 8 along the Khopta-Koproli road towards JNPT, which resulted in the death of 38-year-old Nilesh Shashikant Mhatre and injured Keshav Atmaram Thakur. The accident occurred when bus MH 43 B X 0552, driven by Namdev Girju Pol, collided with a parked tempo and a motorcycle. According to a police complaint, a mob of approximately 300 people subsequently held investigating officers hostage at the accident scene and assaulted the bus driver.

Know the latest trending news with HT. Read detailed articles here

On November 29, NMMT restored routes 30 and 31. Route 30 now operates between Roadpali and Uran via Kalamboli, while route 31 connects Koparkhairane and Uran.

""The third route, which connected through Khopta village where the accident occurred, has not been resumed. A decision will be taken later on. The two other routes have been commissioned after repeated demands from residents,"" said transport manager Yogesh Kaduskar.

The restoration comes after residents staged a protest outside NMMC headquarters in October, demanding the resumption of services. With limited train frequency to Uran, the community had expressed a strong need for affordable transportation options.

While initial response to the restored routes has been positive, NMMT officials have raised concerns about insufficient infrastructure. Staff report a lack of basic facilities such as depots, washrooms, and proper bus stands. ""Uran management is with the Municipal council and a letter has been addressed informing about providing the basic amenities required for smooth operation in the area,"" said an official.",2024-11-29T17:22:46+05:30,Times of India,1
07f9c2caa09c3f7be2c2512a2652eb6d,UP: Five doctors killed after car collides with truck in Kannauj,"Kannauj accident: Five doctors were killed after the vehicle they were travelling in crashed into a divider and got hit by a truck in n the Lucknow-Agra Expressway early Wednesday morning near Uttar Pradesh’s Kannauj city, police said. Wreckage of a car being towed away after an accident at the Agra-Lucknow Expressway, in Kannauj district.(PTI)

The vehicle they were traveling in lost control, crashed into the divider, and then veered into the opposite lane, where it was struck by an incoming truck near Point 196 in Tirva.

Know the latest trending news with HT. Read detailed articles here

Circle Officer of Tirva, Dr Priyanka Bajpai, confirmed that all the victims were doctors who had gone to Lucknow to attend a wedding.

The accident occurred while they were on their way back to Etawah from Lucknow.

“The police have informed their families, and legal proceedings are underway,” she said.

Also Read: UP: Five, including four women killed in car accident; four others critical

The victims, all doctors from UP University of Medical Sciences, were identified as Dr. Aniruddh Sharma, 29, from Agra; Santosh Maurya, 30, from Ravi Dass Nagar; Arun Kumar, 32, from Kannauj; Narendra Gangwar, 32, from Bareilly; and Rakesh Singh, 36, from Bijnore.

Jaiveer Singh was critically injured and was shifted to a medical university.

According to police, all the doctors had traveled to Lucknow in an SUV to attend the wedding of their colleague. The vehicle was reportedly traveling at high speed when the driver fell asleep. As a result, the vehicle flipped over the lane divider after crashing into it. A truck coming from Rajasthan in the opposite direction collided with the vehicle, dragging it for a considerable distance.

Win exciting prizes daily View T&C Back Q. Which Indian city has the best quality of living? Delhi Mumbai Bengaluru Please wait a moment.

How the accident occurred

The incident took place when a high-speed SUV lost control and rammed into a divider. A truck then struck the vehicle.

Superintendent of Police Amit Kumar Anand said the incident occurred around 3 am when the SUV veered off course and crashed into the median divider.

""The vehicle subsequently crossed into the oncoming lane, where it collided with a truck. As a result, the four doctors and one lab technician died on the spot. One additional person, a PG student, suffered serious injuries and was rushed to Dr. Bhimrao Ambedkar Medical College in Tirwa,"" the officer said.",2024-11-27T12:11:47+05:30,Times of India,1
166b99feb0f769de57d4cfcaacb0173c,Dehradun accident: Police try to piece together what led to Innova crash that killed 6 students,"Dehradun car accident: A night out turned into a tragedy in Dehradun's ONGC Chowk on Monday night when a speeding multi-utility vehicle (MUV), Innova, collided with a container truck, claiming the lives of six students. The victims, all residents of Dehradun except for Kunal Kukreja (23) from Chamba, Himachal Pradesh, were identified as Atul Agrawal (24), Rishabh Jain (24), Navya Goel (23), Kamakshi (20), and Guneet (19). People gather around the car that got mangled after it hit a container, in Dehradun on Monday. (ANI)

The sole survivor, Siddhesh Agrawal (25), who hosted the party the group was returning from, is hospitalised in stable condition but is unable to recount details of the incident, The Times of India reported.

Know the latest trending news with HT. Read detailed articles here

Also Read | Dehradun accident: 6 students killed; no complaints filed yet, police seek advice on legal action. What happened?

What Dehradun police said

Inspector KC Bhatt from Cantt police station said, “Since the MUV’s driver, who owned the vehicle, did not survive, we are looking into legal alternatives as no charges can be filed posthumously.”

He noted that early findings suggest speeding was the primary cause, and the truck driver was not at fault.

Also Read | Dehradun Innova accident: X removes horrifying video of crash citing ‘gratuitous gore’

Trying to overtake a luxury car?

The crash occurred when the MUV, reportedly a new vehicle without licence plates, struck the truck’s left rear side—a known blind spot. CCTV camera footage revealed the MUV had been driving moderately earlier but sharply accelerated near the ONGC intersection, allegedly trying to overtake a luxury car, ToI reported.

Two decapitated

The impact was devastating, with the MUV’s roof torn off, causing two passengers to be decapitated. Witnesses described the vehicle as mangled beyond recognition, the report added.

The spot where accident took place

The collision, which reduced the car to a mangled wreck, occurred around 1.30am at the ONGC Chowk. The car rammed into the truck from behind and the six died on the spot, news agency PTI reported citing circle officer (City) Neeraj Semwal.

Chief miniser Pushkar Singh Dhami, who was on a visit to Uttarkashi and Rudraprayag, expressed grief at the loss of lives in the accident.

""The news of the death of six youths in a road accident in Dehradun is extremely heart-rending. I pray to God to grant the departed souls a place at his sacred feet and give strength to the bereaved families to bear the immense pain,"" he said.

New video surfaces

India Today reported that a new video has revealed that the group of students had allegedly been drinking and partying shortly before their car rear-ended a truck. According to police, CCTV camera footage from the area shows the students driving at high speeds.

HT.com could not independently verify the authenticity of the video.

A video from earlier in the evening, obtained by India Today TV, shows a group of young men and women dancing, pouring drinks, and consuming what appears to be alcohol. This footage has raised questions about whether intoxication was a factor in the crash. However, police have not yet confirmed this, as autopsy results are pending, it reported.

Siddhesh’s father, Vipin Agrawal, has expressed deep sorrow, urging the public to refrain from speculating about the students’ activities that night and to respect the family’s privacy during this difficult time, India Today reported.

Innova was bought recently

The Innova involved in the crash belonged to a Saharanpur-based firecracker businessman, Sunil Agarwal, who had recently bought the vehicle just days earlier on Dhanteras festival, Money Control reported. His son, Atul, had travelled to Dehradun along with six friends and was driving the vehicle at the time of the accident, it added.

Atul’s friend reportedly demanded a party since he bought a new car. Atul hosted a party on Monday night at Siddhesh Agarwal’s home in Jakhan. Atul then headed for a drive with his friend.

Narrow escape for restaurant owner

A restaurant owner told ToI that he narrowly avoided a collision with the MUV earlier that night near Pacific Mall. “The car was speeding on the wrong side toward us. I had to swerve quickly,” he said, adding that he reported the incident to police but saw no immediate action.",2024-11-15T14:30:43+05:30,Times of India,1
38472254a8bf707d94d90311beb4d707,Noida: Mad dash to admit sick child ends in death of 5 of family in accident,"Tragedy struck a family after their two-year-old boy, who had a low blood count and needed urgent blood transfusion, was shuttled off from one hospital to another four times on Sunday evening, all the way from Dadri to Noida, only for five members of the family to perish in a late night accident on the Noida-Greater Noida Expressway. The exact reason for the accident remains unascertained as all five occupants— Hari Mohan’s cousin Aman Singh, 27, Aman Singh’s father Devi Singh, 60, mother Rajkumari Singh, 50, and two aunts Vimlesh Singh, 40, and Kamlesh Singh, 40 -- died in the crash. (Sunil Ghosh/HT Photo)

The only ones left in the family now are the sick child and his father who were at the hospital at the time of the crash.

Know the latest trending news with HT. Read detailed articles here

Ten hours after the crash, the distraught father Hari Mohan discharged his son, without waiting for any further treatment. “There is no one left in the family to be with him at the hospital,” said Hari Mohan.

A day before the tragic accident, his family received a medical report stating that the child urgently needed blood transfusion to save his life.

From Dadri to Noida, the child was referred from one hospital to another four times. After travelling till late night with his family -- his cousin, mother, uncle and aunts -- Hari Mohan finally admitted the child to a Noida facility. He stayed at the hospital but requested the others to return home and take rest.

But while returning, their WagonR rammed a stationary truck near Sector 146 metro station on Expressway.

The exact reason for the accident remains unascertained as all five occupants— Hari Mohan’s cousin Aman Singh, 27, Aman Singh’s father Devi Singh, 60, mother Rajkumari Singh, 50, and two aunts Vimlesh Singh, 40, and Kamlesh Singh, 40 -- died in the crash.

Win exciting prizes daily View T&C Back Q. Which Indian city has the best quality of living? Delhi Mumbai Bengaluru Please wait a moment.

Police said all the dead were residents of Kashiram Colony in Ghodi Bachheda, Dadri.

Prima facie, police suspect that Aman Singh, who was driving, might have dozed off and crashed into the truck, parked there due to a punctured tyre.

Hari Mohan said, “On Saturday night, I was on my bike with my two relatives, while the others were in Aman’s car along with my son. From Dadri to Noida, we were referred by four hospitals.”

“Around 5am, after we reached a hospital in Noida’s Sector 30, we were told that the doctor will come at around 9am, so we have to admit the child,” said Hari Mohan, adding that “I insisted Aman, my mother Vimlesh, and aunts to return home,” he said.

“Till 11am, I was unaware that my family was killed in the accident. As my son’s treatment began, I called my brother to update him about it. But I was told that all those five had died and the bodies were at the mortuary in Sector 94.”

“I did not believe it. I called my father to be with my son at the hospital and rushed to the mortuary only to find my entire family dead,” said Hari Mohan.

“As my family is devastated, we decided to discharge my son around 2.30pm on Monday after he was given one unit of blood. Doctors said they needed to give four more units,” he said.

Since then, the child’s condition has deteriorated. He continues to be feverish, said his father, adding that they now plan to continue his treatment after the final rites.

Meanwhile, police are yet to find the truck driver. “Two teams have been formed to nab him. The truck was registered in the name of a Mathura-based transporter,” said Pawan Singh, assistant commissioner of police, Greater Noida, adding that the transporter is also on the run.

A case under sections 106 (causing death by negligence), 125 (act endangering life or personal safety of others), and 324 (mischief) of Bharatiya Nyaya Sanhita was registered against the unidentified truck driver at the Knowledge Park police station on Sunday.

Police suspect that the truck driver was returning to Mathura after unloading.

Two police constables posted at Integrated and Smart Traffic Management System (ISTMS) have been suspended for negligence since the truck remained there unnoticed by them for nearly two hours.",2024-11-13T00:35:33+05:30,Times of India,1
dcda958afc2e0a06d48da2d20e0f080b,"Chain accident between BMTC bus, truck and a car kills two on Bengaluru’s Airport Road: Report","A multi-vehicle accident occurred late on Monday night on the road leading to the Kempegowda International Airport (KIA) in Devanahalli, Bengaluru, resulting in the deaths of two individuals and injuries to several others. The incident took place near the Yelahanka flyover, where traffic conditions worsened due to the chain collision. The BMTC Volvo bus involved in the accident was in mangled shape on Bengaluru's Airport Road.(Reddit)

The deceased have been identified as Kuldeep, a 42-year-old truck driver, and Jagdish, a 40-year-old driver of an Innova car, a report by the Prajavani said. The accident began when a cement truck approached the flyover at high speed and collided with an Innova car. Following the collision, both drivers stopped their vehicles and engaged in a heated argument on the road.

Know the latest trending news with HT. Read detailed articles here

READ | Bengaluru airport sees rare runway traffic jam as planes queue for takeoff. Watch video

As the argument unfolded, a BMTC Volvo bus traveling on the airport road approached the stopped vehicles but was unable to brake in time, colliding with the cement truck. This sudden impact set off a chain reaction, adding to the scale of the accident. The force of the collision led to severe injuries among passengers, some of whom were transported to a nearby hospital for medical treatment.

The Yelahanka traffic police have registered a case regarding the accident and have initiated an investigation to determine further details, the Deputy Commissioner of Police (DCP) for Northeast Bengaluru said, as reported by news agency ANI. He also confirmed the two deaths.

READ | 'Almost got trafficked, raped…': Woman recounts after taking cab at Bengaluru airport

Win exciting prizes daily View T&C Back Q. Which Indian city has the best quality of living? Delhi Mumbai Bengaluru Please wait a moment.

“Two people died in a road accident that occurred on the Airport Road flyover in Bengaluru. A cement lorry collided with a car on the flyover. When the two stopped on the right side to argue, a speeding BMTC Volvo bus hit the lorry. Yelahanka traffic police have registered the case,” the DCP said, as quoted by the agency.

A Reddit thread on the accident claimed that the Airport road was jammed at around 12:30 am post the accident. Social media users also shared a video showing the extent of damage to the vehicles, especially the BMTC bus, which was in a mangled condition.

(With inputs from ANI)",2024-11-12T09:58:08+05:30,Times of India,1
325ac397ecfe8d2bd675be739a7365e4,Teens on way to college die in car crash on Gurugram Expressway; 2 more wounded,"Gurugram, Mayhem struck Gurugram's Sohna Expressway on Monday when a speeding car went through the divider killing two of its three teenage occupants and seriously wounding three more commuters, according to police. Teens on way to college die in car crash on Gurugram Expressway; 2 more wounded

The Tata Altroz car, cruising out of control, uprooted a light pole and rammed into another car, a Honda City, on the other side of the road, causing a biker to bang into the City.

Know the latest trending news with HT. Read detailed articles here

The two dead, both aged 19, were identified Daksh, a resident of Delhi's Ghitorni, and Akshat, from Nathupur in Gurugram.

They were on their way to the university with another friend Dhruv when they began speeding and met with an accident, police said. Dhruv stays in a serious state.

The other two injured, Mohit, 34, a resident of Sohna, and 38-year-old Palwal-resident Ishwar, were admitted to the civil hospital, police said.

According to police, the car crossed the Ghamroj toll on the elevated expressway at a high speed and broke through the divider, leaving a dislodged light pole in its wake, to collide with a Honda car head-on on the other side of the road.

Ishwar, who was riding a motorcycle, collided with the Honda City and was flung several feet in the air to land on the hood of another car, a Kia, coming from behind.

He suffered fractures in both his hands and legs.

Win exciting prizes daily View T&C Back Q. Which Indian city has the best quality of living? Delhi Mumbai Bengaluru Please wait a moment.

Mohit, who was driving the City, also suffered injuries.

The incident caused a heavy traffic on the stretch which could be eased only after the cars were removed from the expressway by cranes.

A team from the Bhondsi Police Station is investigating the matter.

Kunal, a resident of Ghitorni, said Dhruv, Akshat, and Daksh were close friends since school days and were students of BA first year at the same college in Sohna.

""We are trying to take Dhruv's statement so that the real reason behind the accident can be revealed. An FIR has been registered at Bhondsi Police Station,"" a police spokesperson said.

This article was generated from an automated news agency feed without modifications to text.",2024-11-05T00:00:18+05:30,Times of India,1
fc37cd7f8d6465145940560388a715e7,"J&K: 3 killed, 4 critically injured as Eeco van falls into gorge in Reasi district","At least three persons, including a 10-month old baby, were killed and four others sustained critical injuries when an Eeco van skidded off the road and plunged into a deep gorge in the Chassana area of Reasi district in Jammu and Kashmir on Saturday. An Eeco van skidded off the road and plunged into a deep gorge in the Chassana area of Reasi district in Jammu and Kashmir on Saturday. (For representational purpose only)

The accident took place at Chamalu Morh near Chassana and the victims are believed to belong to the same family, police said. The private car was headed for Chassana from Reasi when its driver lost its control, they said, adding local volunteers found three of the occupants dead on the spot.

Know the latest trending news with HT. Read detailed articles here

Three critically injured persons were rushed to hospital, officials added.

The incident comes days days four people were killed and as many were injured in two separate road accidents in Ramban and Reasi districts on Wednesday.

A cab bearing a Punjab registration number plunged into a deep gorge near Magarkoot along Jammu-Srinagar in Ramban district around 7 am, killing the driver and a female passenger on the spot.

They said four other passengers – Neha (35), Aman (36), Manisha (40) and Megna (35), all residents of Maharashtra – were critically injured in the accident and were evacuated by rescuers comprising of police and local volunteers.

The group was apparently visiting Kashmir on a holiday, they said.

In another accident, the officials said two non-local labourers were killed when a dumper fell into a gorge at Gulabpura in the Chassana area of Reasi district around 4.30 am.

The dumper was coming from Bakori towards Sungri and both of its occupants, Surinder Singh (42) of Punjab and Munna Kumar (26) of Bihar, died on the spot, they said. The bodies of the deceased were retrieved and shifted to a hospital for postmortem.",2024-11-02T11:33:38+05:30,Times of India,1
1158bedf0cbaaecf1117cc2bc67ed8f8,Video: Kerala CM Pinarayi Vijayan's convoy involved in pile-up in Thiruvananthapuram,"Kerala chief minister Pinarayi Vijayan's convoy met with an accident on Monday evening at the Vamanapuram Park junction in the Thiruvananthapuram district, reported news agency PTI. Kerala CM Pinarayi Vijayan's convoy met with an accident on Monday evening in Thiruvananthapuram(PTI)

The accident took place while the chief minister was travelling back to Thiruvananthapuram from Kottayam, accompanied by five escort vehicles and an ambulance.

Know the latest trending news with HT. Read detailed articles here

Also Read: Kerala film director Ranjith booked for sexual assault

In a video of the collision, one of the vehicles escorting Pinarayi Vijayan can be seen trying to assist a scooter rider who was crossing the road and turning in another direction.

Also Read: Kerala court asks police to probe proof against Vijayan

After one of the escort vehicles abruptly halted, the other vehicles behind it to hit each other from behind. The chief minister's car suffered minor damage but no one was injured in the accident, reported NDTV.

In the video, security personnel and medical staff are seen rushing out of the vehicles to assess the situation.

Also Read: Kerala man gets cumulative 72 years imprisonment for raping daughter

Police officials told PTI that CM Vijayan continued his journey to Thiruvananthapuram and no case was registered related to the accident.

The video which went viral on social media, incited several reactions, including calls to identify the two-wheeler rider who caused the accident, while others blamed the convoy for speeding.

Journalist Rahul Srinivas shared the video and said, “The only cause of this accident is over speeding and blatant violation of traffic rules.The double yellow striped line effectively means that it should be considered a road divider. No overtaking is allowed here.”

Another user, Amitabh Chaudhary, said, “The lady on scooter in blue dress took a sudden right, leading to the accident of vehicles of Kerala CM’s convoy, or was the driver of the escort car at fault and the cavalcade running at a speed above the prescribed limit in city?”",2024-10-29T07:13:35+05:30,Times of India,1
dccf71429a2c220bda66dc8e3f3a8039,25-year-old pillion rider mowed down after falling from bike,"MUMBAI: A 25-year-old pillion rider was mowed down by an unknown vehicle after the two-wheeler he was travelling on skidded causing the deceased to fall on Western Express Highway (WEH) on Sunday night. 25-year-old pillion rider mowed down after falling from bike

According to the rider of the two-wheeler and the only eyewitness of the crash, the accident took place at 11.10pm on Sunday on WEH near the turn towards Mahim from Bandra east.

Know the latest trending news with HT. Read detailed articles here

The rider, Naushad Nadeem Shaikh, 25, a delivery man for an online food delivery app, told the police that he was on his way to fill petrol in his Honda Activa on Sunday night. He called his friend, Ayyub Quereshi, to ask if he wanted to tag along. After Qureshi agreed, the two men left Bandra. On reaching the diversion towards Mahim on the WEH, Shaikh said he lost control of the bike, causing the two-wheeler to swerve. “The two-wheeler skidded causing us to fall. I fell on the right side of the bike and lost consciousness, Qureshi fell to the left,” said Shaikh. After a few minutes when Shaikh regained consciousness, he saw Qureshi bleeding and tyre marks on his face.

“Shaikh and Qureshi were then rushed to the Bhabha hospital. Qureshi was declared dead and Shaikh was shifted to the Sion Hospital,” said a police officer from Bandra police station.

Based on the statement of Shaikh, the Bandra police have booked the driver of the unidentified vehicle for killing Qureshi by not hitting the breaks after seeing him fallen on the road. “We are scanning through the CCTVs of the WEH to identify the driver of the unidentified vehicle,” said the officer.",2024-10-29T00:55:55+05:30,Times of India,1
aa82b45ef98e6813cbedf5896c9a2d2f,"Indore police's ‘Yamraj’, Jawahar Singh, dies in accident while tending cow","Indore Police’s ‘Yamraj,’ head constable Jawahar Singh Yadav, has died after an electric shock while caring for his cow, which also died in the incident. Police head constable Jawahar Singh Yadav, known as 'Yamraj', dies in tragic electric shock.(Facebook)

Yadav became famous during the COVID-19 pandemic for dressing as Yamraj, the Hindu god of death, to spread awareness, urging people to stay home and get vaccinated.

Know the latest trending news with HT. Read detailed articles here

He also wore the Yamraj costume in campaigns to remind two-wheeler riders to wear helmets, making him a familiar figure, with his photos and videos going viral on social media platforms.

ALSO READ- Delhi man killed by speeding truck on Dwarka E-way

Yadav was tending his cow when mishap occurred

At the time of his death, Yadav was posted with the Crime Branch. He kept a cow in a small enclosure near his home, where the incident happened Friday morning while he was bathing the cow, India TV reported. HT cannot independently verify this information

ALSO READ- 2 NEET aspirants among 4 killed in different road mishaps

A passerby noticed him unconscious and called the police. He was taken to Choithram Hospital, where he was declared dead. His body has been sent for post-mortem, and the Juni Indore Police are investigating.

ALSO READ- Heavy traffic in central Delhi as fans attend Diljit Dosanjh's concert at JLN Stadium | SEE PICS

In another incident, four people were killed, and three others injured in a collision between an SUV and an oil tanker in Madhya Pradesh's Ujjain district on Friday, police said. The victims were returning to Indore from a pilgrimage in Ajmer, Rajasthan, when the accident occurred, Khachrod police station officer Dhansingh Nalvaya told reporters.

ALSO READ- India calls out Pakistan at UN: ‘Mischievous provocation, political propaganda’

The crash took place near Bedavanya village on the Jaora-Nagda road, about 50 km from the district headquarters. The injured were taken to Indore for advanced treatment, Nalvaya said.

Police have registered a case against the tanker driver, who fled the scene after the accident.",2024-10-26T22:10:09+05:30,Times of India,2
ddeae9e97dec4a051f34787a981bf922,"Teen run over by train while crossing railway track, dies","Navi Mumbai: A 16-year-old girl died after being run over by a local train while trying to cross the railway track instead of using the stairs at Seawoods station in Navi Mumbai on Monday afternoon. The accident disrupted services on the Harbour line for around half an hour. Teen run over by train while crossing railway track, dies

The deceased, Sana Abdul Siddique, was a resident of Govandi and the daughter of a scrap dealer. She regularly travelled to Navi Mumbai to attend coaching classes for English language and computer training.

Know the latest trending news with HT. Read detailed articles here

“She boarded a train heading to Panvel from Govandi at 11am to reach her classes in Seawoods. At 12pm, she got down at Seawoods railway station, and instead of taking the stairs to get to the east side of the node, she was crossing the track to take a shortcut,” said a Government Railway Police (GRP) official.

The victim had alighted at platform 2 of the station and attempted to cross the tracks to platform 1 to head east. She was unaware that a train heading to CST was arriving at platform 1.

“The girl was run over by a fast-moving local. To get her mangled remains, the train had to be stalled at Seawoods railway station for a while, which led to minor disruption of services,” said the official. The girl was seriously injured and taken to a municipal hospital, where she was declared dead on arrival. A case of accidental death was registered by the Vashi GRP.

According to the GRP official, 105 fatal accidents have occurred under the Vashi GRP in this financial year. This includes 11 stations from Govandi to Seawoods and Turbhe to Rabale.",2024-10-23T00:42:30+05:30,Times of India,1
073879c7f6787ed12358a7c76b69069f,"Hyderabad man accidentally falls off 3rd floor while chasing a dog, dies","A 23-year-old man died in Hyderabad when he accidentally fell from the third-floor window while playfully chasing a dog. The incident took place at the VV Pride Hotel in Chandanagar, where the victim had gone to attend his friend's birthday party on Monday, reports News18. CCTV footage shows Uday stepping out of his room and encountering a dog in the hotel corridor

CCTV Footage Reveals Tragic Events

A widely shared video on social media and CCTV footage show Uday stepping out of his room and encountering a dog in the hotel corridor. He initially tried to shoo the dog away, but then appeared to be playfully chasing it. Moments later, Uday leaned out of a window and fell, succumbing to his injuries shortly after.

Know the latest trending news with HT. Read detailed articles here

Uday, a polytechnic student, had gathered with friends in Ashok Nagar and Jyoti Nagar to celebrate his friend's birthday. The group later moved to the VV Pride Hotel to continue the celebration. Uday's sudden and tragic fall has left his friends and family in shock.

Chandanagar police have registered a case and are investigating the circumstances surrounding the incident. The body has been shifted to Gandhi Hospital for postmortem.

Noida man saved by onlookers

In a separate incident, a 21-year-old man tried to jump from the 14th floor of a tower at Supertech Capetown Society in Noida, Uttar Pradesh, but quick action from nearby residents saved his life. The dramatic incident was recorded on camera and is now going viral on social media.

The man, who has been experiencing mental distress, reportedly attempted suicide by leaping from the 14th floor. However, residents from the floor below noticed him and quickly rushed up the stairs to bring him to safety.

The video of the incident shows the man hanging off the balcony of the 14th floor by his hands. Two people on the floor underneath him spotted him and rushed up the stairs.

The video then shows the two men come from behind and pull him to safety, avoiding a tragedy. Police reached the spot shortly after the incident was reported.",2024-10-22T15:25:53+05:30,Times of India,2
b01af0d9b33f1a38847ccd800b872ee1,"Odisha man visits hospital after being hit by truck, doctors allegedly steal his organs","A Odisha man, who died after being hit by a mini truck, went to a private hospital in Cuttack for treatment. He died at the hospital three days later. The 44-year-old's family alleges that the doctors stole his organs during the treatment. The family says they found surgery marks on the abdomen even though the victim had suffered head injuries. The hospital authorities had handed over the body to the family members of the deceased without conducting any post-mortem examination.

“We suspected that the hospital authorities might have removed some of my father's organs,"" the victim's son told news agency PTI.

Know the latest trending news with HT. Read detailed articles here

Babula Digal, a businessman, suffered head injuries after being hit by a mini-truck loaded with iron roads on October 13, while he along with his wife and son was going towards Rampur on a motorcycle. He was declared dead by doctors at a hospital in Cuttack on October 16.

The family's concerns arose when they discovered surgery marks on Digal's abdomen, despite him being treated only for head injuries.

The hospital authorities had handed over the body to the family members of the deceased without conducting any post-mortem examination and did not inform the local police station in Cuttack about his death, cops said.

The family buried his body in a burial ground at Tikarabaju under the Kandhamal district’s Baliguda Police Station limits on October 17, the police said.

Investigation Underway

The Odisha Police have launched a probe into the allegations and conducted a post-mortem examination on Digal's body, which was exhumed from a burial ground in Tikarabaju. Baliguda Police Station inspector-in-charge Sushant Sahu stated, ""We are also investigating the allegation of the deceased’s son about organ theft. All details will be known only after getting the post-mortem report.""

Hospital Denies Allegations

The private hospital in Cuttack has denied any wrongdoing, claiming that their doctors performed a decompressive craniectomy, a neurosurgical procedure, on Digal. Hospital manager Susanta Behera assured that the family was informed about Digal's condition during treatment.

Also read: 3 Raj hospitals under lens for 184 illegal organ transplants last year

Government Response

Health Minister Mukesh Mahaling has ordered a departmental inquiry into the allegations, promising strong action if anyone is found guilty.

Meanwhile, a team of Bhubaneswar-Cuttack Commissionerate Police visited the private hospital in Cuttack for an investigation following the complaint in Kandhamal.",2024-10-19T13:06:49+05:30,Times of India,1
fff58d5f607202687131c3ebb8ebdf17,2 dead as car hits toll staffers in Una,"Two staff members at the Ajouli toll barrier in the Una district of Himachal Pradesh were killed on Monday and another was critically injured after a ‘rashly-driven’ car rammed into them, officials said. The mangled remains of the car after the accident at Ajouli toll barrier in Una district on Monday. (HT Photo)

The accident occurred around 4 pm.

Know the latest trending news with HT. Read detailed articles here

Police said Ranjeet Singh, 45, of Kuthera Kherla in Amb tehsil and Parvinder Singh, 33, of Tikri Baghedi in Solan district were killed in the incident. While one of the victims died at the scene, the other succumbed during treatment.

The critically injured staff member has been referred to Post Graduate Institute of Medical Education and Research (PGIMER) in Chandigarh.

Police officials said the driver, who has been detained, may have lost control of the vehicle, which led to the incident. Una assistant superintendent of police (ASP) Sanjeev Bhatia said a case has been registered and an investigation is underway.

According to reports, the employees were on duty at the Ajouli barrier when a car travelling from Nangal to Santokhgarh went out of control and crashed into the toll booth,.

The bodies have been sent to Una regional hospital for post--mortems.",2024-10-14T23:30:49+05:30,Times of India,1
4b510b46fec1f2f94d32d5bc7e2831fb,"28-year-old Bengaluru woman dragged by cab for 40 feet after colliding with BMTC bus, dies: Report","An accident in Bengaluru on Tuesday morning claimed the life of a 28-year-old woman, identified as Monika S, when she was struck by a speeding Bengaluru Metropolitan Transport Corporation (BMTC) bus and then dragged by a cab for nearly 40 feet. The incident occurred at around 9:50 am near Ullal Upanagar Lake on 80 feet road, and both the bus and cab drivers have since been arrested, The Indian Express reported. Monika was riding her scooter when the BMTC bus, traveling from Kengeri to Muttanapalya, collided with her vehicle. (Pic for representation)

Monika was a resident of Maruthi Nagar on Ullal Main Road and was on her way to work at a Royal Enfield showroom in Nagarabhavi when the accident took place. Originally from Mandya, Monika was riding her scooter when the BMTC bus, traveling from Kengeri to Muttanapalya, collided with her vehicle. As she fell from the scooter, a cab following the bus ran over her and continued to drag her for about 40 feet before coming to a stop, the report said.

Know the latest trending news with HT. Read detailed articles here

READ | Check out this 112-year-old heritage gold zari saree brought out by a Bengaluru couple every Navratri: Report

The impact caused Monika to suffer fatal head injuries, and she was pronounced dead at the scene. The road was congested due to ongoing pipeline work by the Bangalore Water Supply and Sewerage Board (BWSSB), the city's water supply agency, which had diverted traffic to one side, possibly contributing to the chaos, the publication noted.

Following the incident, the police registered cases against the BMTC bus driver, Suresh, and Sharan Prasad, the cab driver, for their roles in the fatal crash. Additionally, BWSSB officials have been named in the investigation for potential negligence related to the traffic diversion, the report added.

READ | Bollywood rapper Badshah speaks in Kannada to crowd after performing in Mysuru Yuva Dasa. Watch

Win exciting prizes daily View T&C Back Q. Which Indian city has the best quality of living? Delhi Mumbai Bengaluru Please wait a moment.

Monika, who had been married to Rajkumar, a private sector employee, is survived by her grieving family. Local residents have expressed shock at the severity of the incident, with many calling for better safety measures and traffic management in the area. Investigations into the circumstances surrounding the event are ongoing, the publication further stated.",2024-10-09T13:10:49+05:30,Times of India,1
01edd75e924429be559aeedc248e23bf,Two killed after being run over by speeding truck on Sohna Road,"Gurugram: Two people were killed after being run over by a speeding truck near the busy Ambedkar roundabout on Sohna Road, police said on Wednesday. Two people were killed after being run over by a speeding truck near the busy Ambedkar roundabout on Sohna Road in Gurugram. (Representational Image)

They identified the deceased as Geeta Yadav, 39, from Najafgarh, Delhi and Vinit Kumar, 34, from Nuh. The incident took place at 3pm on Tuesday. According to the police, Yadav had reached the Sohna sub-registrar’s office at about 11am on Tuesday for some property related work. They said that after wrapping up her work, she booked a bike taxi using a mobile phone-based app to return home when the accident occurred.

Know the latest trending news with HT. Read detailed articles here

A senior police officer said that at about 2.55pm, she had called her husband Amit Yadav to inform him that she had booked a taxi and was leaving the sub-registrar’s office. “She boarded the bike taxi at the office entrance after which the duo started for Delhi,” he said.

The officer said that they had hardly moved for a few hundred metres when a truck mowed them down at the roundabout while its driver was trying to overtake other vehicles.

“There were traffic police personnel near the spot who chased and stopped the truck. They simultaneously arranged an ambulance and rushed them to the sub-divisional hospital in Sohna. However, doctors declared both of them dead on arrival,” he said.

Win exciting prizes daily View T&C Back Q. Which Indian city has the best quality of living? Delhi Mumbai Bengaluru Please wait a moment.

Investigators said that they had pulled out Yadav’s mobile phone from her handbag found lying at the spot to inform her husband that she was critically injured in an accident. Later, they also contacted Kumar’s family members.

Inspector Sunil Beniwal, station house officer of the City Sohna police station, said that the traffic police officials and commuters chased and stopped the truck after the accident. “The driver could not flee as the roundabout was crowded. He was apprehended at the spot and later handed over to the police,” he said.

Beniwal said the driver was later identified as 55-year-old Sanjeev Kumar Singh from Bhiwadi, Rajasthan.

“He was travelling from Palwal to Tauru via Sohna when the accident took place. The duo on the motorcycle fell beneath the rear wheels of the truck after the driver lost control while he was trying to overtake other vehicles,” he said.

Based on the complaint of the deceased woman’s husband, an FIR was registered against Singh under sections of the Bharatiya Nyaya Sanhita at City Sohna police station on Tuesday night.",2024-09-26T00:03:24+05:30,Times of India,1
f7a4f381c5283aacebb38e2ad4404fab,2 die as car with polls officials plunges into gorge in Reasi,"A driver and a constable died while election zonal magistrate escaped unhurt when their car veered off the road and plunged into a gorge in Reasi district on Tuesday, said officials. Eleven constituencies in three districts of Reasi, Rajouri and Poonch are going to polls in second phase on Tuesday.

The deceased were identified as constable Ajaz Khan of IRP’s 19 battalion and Javeed Ahmad (driver) son of Bashir Ahmad resident of Khour.

Know the latest trending news with HT. Read detailed articles here

“The car was carrying election zonal magistrate Ajay Kumar and another poll staff, including Ajaz Khan of IRP’s 19 battalion. The vehicle veered off the road and plunged into a gorge at Tukson Jabara in Majore area of Reasi district,” said a police official.

While Ajaz Khan and driver died in the accident, election zonal magistrate escaped unhurt, he said.

Eleven constituencies in three districts of Reasi, Rajouri and Poonch are going to polls in second phase on Tuesday.",2024-09-24T22:36:54+05:30,Times of India,1
84db64c900eb1daa6fae2c321e21a4f0,Disturbing video shows KSRTC bus run over woman in Karnataka's Tumakuru,"A woman was critically injured after being run over by a state-owned Karnataka State Road Transport Corporation (KSRTC) bus while crossing the road near the bus terminal in Tumakuru, located 70 km from Bengaluru. Eyewitnesses claimed the KSRTC bus was allegedly speeding (Representational Image)

A video posted on the social media platform X by a Karnataka portfolio could not be independently verified by HT Digital. According to the post, eyewitnesses claimed the KSRTC bus was allegedly speeding when the woman, apparently unaware of the approaching vehicle, stepped onto the road. As see in in the video, the collision was severe and resulted in critical injuries to the woman.

Know the latest trending news with HT. Read detailed articles here

Watch the video here:

Trigger warning: The following video contains distressing content. Viewer discretion is advised.

The post further claims that emergency services responded quickly, and rushed the woman to a nearby hospital, where she remains in critical condition.

(Also Read: On camera, state-run bus mows down bikers, crashes into cars on busy Bengaluru road)

Win exciting prizes daily View T&C Back Q. Which Indian city has the best quality of living? Delhi Mumbai Bengaluru Please wait a moment.

Recent accidents

A week ago, a 31-year-old Bengaluru techie was killed while navigating a crater-like depression on his scooter on Gear School Road in Kadubeesanahalli. Sai Raj Bilgundi, a resident of Kadubeesanahalli, was dragged along with his scooter for nearly 25 feet, Times of India reported.

In August, a similar incident from Bengaluru went viral, showing a Bangalore Metropolitan Transport Corporation (BMTC) bus mowing down two bikers and crashing into several cars on a busy road. The bikers sustained critical injuries.

According to the CCTV footage, the bus driver lost control, striking the bikers before colliding with a car and an SUV, causing significant damage. Although no lives were lost, the bikers were hospitalized. The incident reportedly occurred on the Hebbal flyover.

(Also Read: Bengaluru techie killed after being dragged by truck for 25 feet following scooter accident: Report)",2024-09-24T14:27:23+05:30,Times of India,1
750516da5ac6c776f84a1a99ffb77ec6,EXCLUSIVE| Preeti Jhangiani gives husband Parvin Dabas' health update: He will be out of the ICU tomorrow,"Actor Preeti Jhangiani, wife of actor-director Parvin Dabas, who is in the ICU with grievous injuries, following a car accident in the early hours of Saturday in Mumbai, has spoken out for the first time since the unfortunate incident. “It’s a shock, we’re still coping with it emotionally. He is usually very active and doesn’t stop talking about work even for a minute. To see him lying down and not his active self, is disturbing for the family,” she shares, while talking to us exclusively. Parvin Dabas and Preeti Jhangiani

Calling it a “case of bad luck”, she tells us how the accident occurred: “He was driving early morning after working all night. A flash of headlights caused him to crash the car into the divider. Luckily, he was close to the hospital and two boys brought him in.”

Know the latest trending news with HT. Read detailed articles here

Also Read: Preeti Jhangiani on staying away from screen: I was unhappy with the roles I was getting

The 44-year-old, who has been at her husband’s side at the hospital, says he is suffering from a concussion. “He has dizziness, double vision, drowsiness and nausea — signs of a concussion. He hasn’t been able to speak too much. Thankfully, his medical reports — MRI and CT scan — were clear. He will stay in the hospital for another week and will be out of ICU soon. We will do another CT scan in three days.”

Jhangiani says that they’ve done a toxicology test. “He wasn’t drinking and driving. It has been ruled out in the police report. Parveen is strictly against drinking while driving or going against any rules,” she ends.",2024-09-22T16:55:33+05:30,Times of India,1
011416eb9bc11ca75a989f0bc2f85dbc,"Video: Pune civic body truck falls into sinkhole, driver escapes unhurt","A truck belonging to the civic sanitation department in Maharashtra's Pune fell into a sinkhole that opened up near the City Post Office on Friday. The driver of the jetting machine truck, used for cleaning drainage lines, was unharmed, news agency PTI reported citing fire brigade officials. The incident occurred at 4 pm in the densely populated Budhwar Peth area on Friday.(PTI)

The incident occurred at 4 pm in the densely populated Budhwar Peth area. In a video shared by PTI, the large truck can be seen sinking into the sinkhole dramatically, while locals rushed to the scene as the rear of the truck slid into the pit after the surface, made of interlocking cement blocks, collapsed.

Know the latest trending news with HT. Read detailed articles here

The driver narrowly escaped unharmed at the last moment as a local rushed to the scene and helped him out of the sinking truck's driver seat.

“The news was that it was not on any public road but on the postal premises wherein there was an old well earlier and it has now been covered with slab. Since this drainage vehicle is heavy, this incident happened. Now it has been removed with the help of 2 cranes...Investigation will be done...No injuries reported,” Pune Municipal Corporation (PMC) Commissioner Rajendra Bhosale was quoted as saying by news agency ANI.

Efforts to retrieve the truck were ongoing.

Watch video here:

Similar incidents

A 48-year-old Indian tourist, Vijaya Lakshmi Gali, fell into a sinkhole at Jalan Masjid in Kuala Lumpur, Malaysia, last Friday. Reports indicate that she was walking on a pavement when it suddenly collapsed, causing her to drop 26 feet.

A video circulated on social media captures the moment she fell, shocking onlookers as she disappeared into the 8-meter-deep sinkhole. A search operation was launched immediately but was called off after nine days due to safety concerns.

The Straits Times shared a video earlier this month featuring Gali's family performing rituals, which also includes footage of the tragic incident in which she was swallowed by the sinkhole in mere seconds.

In another incident in August, two people were injured in Seoul, South Korea, when a sinkhole suddenly opened up and engulfed the car they were in.

Local media reports indicate that the sinkhole appeared unexpectedly on a road in the Seodaemun district. According to the Korea Herald, the white SUV “rolled over sideways” as it crashed into the sinkhole. A woman in her 70s and a man in his 80s were inside the vehicle at the time of the accident and have since been taken to the hospital for treatment.",2024-09-20T20:12:40+05:30,Times of India,1
2c4eb93afef28e7862532043c36dc7db,"Gurugram accident: Biker's friend says police didn't collect video as evidence, mother questions SUV driver's bail","One of the friends of a biker, who died in an accident in Haryana's Gurugram after his bike collided with an SUV, has alleged that the police did not collect video of the accident as evidence despite seeing the footage at the scene of the accident, reported India Today. A car collided into a bike ina deadly accident on Golf Course road, Gurugram(Nabila Jamal/X)

Pradyuman Kumar, a friend of 23-year-old Akshat Garg, who died in the accident on Golf Course Road, Gurugram, claimed that his friend's GoPro had recorded the entire accident.

Know the latest trending news with HT. Read detailed articles here

“The police saw the recording, but they didn’t take it as evidence that day,” he told India Today. Pradyuman Kumar said the police only contacted him for the footage three days after the accused, Kuldeep Thakur, got out on bail.

Victim's mother questions accused's bail

The victim's mother also questioned the quick bail granted to the accused even though there was evidence and he had a history of traffic violations.

“The accused was let off quickly. Why does such a law exist so that they get bail immediately? How can someone kill a person and get bail? This is a failure on the part of the law in our country,” Akshat Garg's mother, Rekha Garg, told news agency ANI.

She, however, hoped that strict action will be taken against the accused soon.

Pradyuman Kumar noted that the accused did not exit his car to help and the victim was helped by people residing in the DLF 2 area. Further, he only left the car once Pradyuman and other bystanders intervened. Kuldeep Thakur also allegedy made a phone call before he was arrested.

A video of the incident went viral on social media and has raised questions about police safety and accountability in Gurugram.",2024-09-20T14:27:56+05:30,Times of India,1
a0c1e0b82b2907629eb1914e5459f191,"Injured in freak accident, Nawab Malik’s son-in-law still critical","Mumbai: Nationalist Congress Party (NCP) leader Nawab Malik’s son-in-law Sameer Khan, who was critically injured in an accident on Tuesday, will be kept under observation for another 48 hours. He has already undergone two surgeries to remove blood clots in his head but is still unconscious, said police. The driver who allegedly lost control of the family’s sports utility vehicle and rammed it into Khan has been booked for rash driving and endangering human life, the police added. The car came to a halt when it hit the boundary wall of an adjacent complex, with Khan crushed between the vehicle and the wall. Locals extricated Khan and rushed him back into Criticare Hospital on a stretcher. (Satish Bate/ Hindustan Times)

According to the Vinoba Bhave Nagar police in Kurla West, the accident occurred at around 11am on Tuesday, when Khan and his wife – Nawab Malik’s daughter Nilofer Malik Khan – were waiting for their car in front of Criticare Hospital on Lal Bahadur Shastri Marg. Their driver, 38-year-old Abul Mohammad Saif Ansari, had parked the car in the hospital’s parking lot while they were undergoing a routine check-up.

Know the latest trending news with HT. Read detailed articles here

“He had gone off to sleep while waiting. When Khan called him, he took the car in front of the hospital. But instead of applying brakes to bring it to a halt, he pressed the accelerator, ramming the car into Khan, who was dragged for over 50 feet,” said a police officer.

The car came to a halt when it hit the boundary wall of an adjacent complex, with Khan crushed between the vehicle and the wall. Locals extricated Khan and rushed him back into Criticare Hospital on a stretcher.

“Fortunately, nobody was traveling on the road when the SUV dragged Khan towards the wall. Three scooters which were parked nearby were damaged,” said the police officer. Khan’s wife and Malik’s daughter Nilofer, who was present at the spot, suffered minor injuries, he added.

Win exciting prizes daily View T&C Back Q. Which Indian city has the best quality of living? Delhi Mumbai Bengaluru Please wait a moment.

“Khan has been operated upon twice to remove blood clots in his head but is still unconscious. Doctors said his condition is critical and he will be kept under observation in the ICU (intensive care unit) for the next 48 hours,” the officer noted.

Ansari, a Kurla resident, had been working with the family as a driver for the past three years. He has been booked under sections 281 (rash driving), 125 (rash or negligent acts that put human life or personal safety at risk), and 324 (4) (mischief) of the Bhartiya Nyaya Sanhita, 2023.

“We have served a notice on him to appear before the investigation officer and allowed him to go,” said the police officer.",2024-09-19T00:43:55+05:30,Times of India,1
ee41ad2a7171a3f42038eab6954b5c61,Electrician hit by car succumbs to injuries after a day,"Mumbai: A 25-year-old Kandivali resident who worked as an electrician died on Sunday after being hit by a four-wheeler while crossing the road at Borivali on Saturday evening. The victim, identified as Amardeep Rajendra Kumar, had suffered severe head injuries in the accident and he passed away at Shatabdi hospital as he was undergoing treatment, said police. HT Image

According to Ranjeet Kadam, a constable attached with the Borivali police station, the accident occurred at around 4pm on Saturday as Kumar was crossing the road at Babhai Naka in Borivali West.

Know the latest trending news with HT. Read detailed articles here

“He fell down on the road when he was hit by a car, sustaining serious injuries on his head. Since he was drunk, the car driver rushed him to Shatabdi hospital in his own vehicle,” said Kadam.

The constable was informed about the accident by the hospital staff on Sunday morning. He was told that Kumar was critical, but by the time he reached the hospital, the electrician had died.

“We registered a case of accidental death and booked the driver under sections 106 (rash or negligent act not amounting to culpable homicide) and 281 (rash driving) of the Bhartiya Nyaya Sanhita based on statements of witnesses and the hospital staff,” said Kadam.

The police are trying to trace the driver of the four-wheeler with the help of CCTV footage and he will be arrested soon, the constable added.",2024-09-17T00:41:18+05:30,Times of India,1
502ea4ad64b4a40e556bb934cf924508,One killed after speeding tempo rams several vehicles,"One person was killed, and three others were injured after a speeding tempo rammed four vehicles including two motorcycles, a car and an autorickshaw, police said. The incident occurred near Karishma Chowk on Sunday at around 9 pm and the deceased has been identified as Gitanjali Shrikant Amrale (34) resident of Shastri Nagar Kothrud. Shrikant Amrale, Sahil Pite and Madhuri Dhotre were injured during this accident. The complainant claimed Ashish Pawar (26), the driver of the tempo was heavily drunk during the accident and could not even stand properly. (HT PHOTO)

As per the complaint filed by Anuja Deshpande, a resident of Karvenagar, a speeding tempo hit her car from the rear at Dashbhuja Ganpati Chowk.

Know the latest trending news with HT. Read detailed articles here

“Before colliding with our car, the tempo hit an auto-rickshaw at Karishma Chowk, later the vehicle collided with two motorcycles and my car and stopped later,’ Deshpande said.

The complainant claimed Ashish Pawar (26), the driver of the tempo was heavily drunk during the accident and could not even stand properly.

Sunita Rokade, SPI at Alankar police station said, “A tempo collided with four vehicles, wherein one woman was killed. We have arrested the tempo driver and further investigation in this case is underway.’’

A case has been filed at Alankar police station against the accused under BNS sections 105, 2281, 125 A, 125 B, 324-4 and sections 184/185 of the Motor Vehicle Act.",2024-09-10T00:27:38+05:30,Times of India,1
0b61a1e65b41e99f4977cc08e2888c56,35 teachers including 15 women saved from getting drowned in a boat mishap in Gandak at West Champaran,"At least 35 teachers including 15 women belonging to seven government schools were rescued after a boat in which they were travelling capsized in the Gandak river in Bihar's West Champaran district on Monday morning. Condition of a woman teacher, identified as Abha Kumari of Utkramit Madhya Vidhalaya Srinagar -1 is stated to be serious following the incident on Monday. (Representative image)

Condition of a woman teacher, identified as Abha Kumari of Utkramit Madhya Vidhalaya Srinagar -1 is stated to be serious. The incident came close on the heels of an incident in which a government school teacher Avinash Kumar (25), was swept away by strong currents in Ganga on August 33 morning in Patna after he fell into the river while trying to board a boat on way to his school located in a riverine area in Patna district. He is still traceless.

Know the latest trending news with HT. Read detailed articles here

Also read: SC stays HC verdict asking UP govt to prepare fresh selection list of 69K assistant teachers

Giving a detailed narration of Monday's ordeal, Santosh Kumar Choudhary, headmaster of Rajkiya Madhya Vidhalaya Srinagar said the incident occurred barely 100 meters after the boat carrying 38 people including 35 teachers and three local villagers and boatman left for our destination when a boat coming from opposite direction rammed into our boat near Patjirwa Keshwa Ghat under Srinagar Pujaha police station area of the district at around 8am on Monday.

""Under the impact of the collision, the boat shook badly and overturned aided by the high current of water in the Gandak river which was in full spate,"" the headmaster who along with other teachers were thrown into the river said.

Also read: St. Stephen's approaches Delhi HC's division bench against single judge order asking college to admit 7 students

""I found a flush of water carrying me along its strong current and I was struggling to keep my head above the water level before I was rescued by the local villagers,"" said Munna Kumar, a teacher belonging to Utkramit Madhya Vidhalaya Srinagar.

""It was a narrow escape for us as we all experienced a raging wave crashing into and throwing our body underneath the waters. We all struggled and by God grace survived. It would have been a major catastrophe had it happened little deep in the river,"" said Ajam Ali, a teacher echoing common refrain.

However, at Patjirwa Keshwa Ghat, a common impulse suddenly overcame a dozen of villagers and rushed to the rescue the drowning teachers. ""We were suddenly alarmed by the distress call and it took no time to understand what had happened. By God grace, no untoward incident occurred,"" Munilal Bin, who along with about a dozen of villagers rushed to rescue of teachers, using rope, bamboo pole in an operation that lasted for nearly 10 to 15 minutes.

When contacted, Thakaraha's block education officer (BEO), Umesh Singh said as many as 35 teachers, 15 of them women, belonging to seven schools were on boat at the time of incident. ""All of them have been rescued,"" said the block education officer, adding a teacher Abha Kumari has been admitted to GMCH at Bettiah.

Also read: Educational institutions in Thiruvananthapuram city closed today due to drinking water shortage

Meanwhile, the teachers have demanded their deputation in other schools till water level in the Gandak recedes. ""It takes nearly 35 minutes of journey in water to reach our school. It is quite precarious,"" the teachers told media.

The education department has instructed district authorities after the Patna tragedy to ensure only registered boats are used, and that all passengers wear life jackets in flood-prone areas. Additional life jackets will be provided at key ghats across the state. But that remains to be implemented.",2024-09-09T17:04:55+05:30,Times of India,2
279ba424587aef4b0f9c04ef4ab7e264,"One dead, two injured after showroom driver out on test drive rams into them","Mumbai: A 20-year-old died, and his two cousins who were riding pillion with him on an Activa, suffered severe injuries after a speeding car rammed into them at the Lower Parel flyover on Sunday afternoon. HT Image

At the time of the accident, the electric car was being driven by Manish Singh, who works at a car showroom in Prabhadevi. He had taken a customer out for a test drive and was returning to the showroom with the vehicle after dropping him. The brand new car, heading towards Senapati Bapat Marg, collided with the two-wheeler when it was taking a right turn at the Matulaya Naka signal.

Know the latest trending news with HT. Read detailed articles here

The deceased Ayush Singh, 20, and the injured Shivam Singh, 22, are natives of Jaunpur, Uttar Pradesh. They had come to the city five days ago for the Ganesh Chaturthi festival. The second injured, Vishal Singh, 21, who was driving the two-wheeler at the time of the accident, is a resident of Bhim Nagar, Panchsheel Society in Worli Naka.

The incident occurred at around 2:10pm on Sunday at the new Lower Parel-Curry Road bridge, when all three, riding triple seat, were on their way to Lalbaug for Ganesh darshan at a relative’s place.

The police reached the spot and with the help of passersby, all injured were rushed to the Nair Hospital in an ambulance. “Ayush was declared dead during treatment. Shivam is in critical condition and is on the ventilator. Vishal is conscious and is out of danger. He suffered fractures on both his legs,” said senior inspector Arvind Chandanshive of NM Joshi Marg police station.

Win exciting prizes daily View T&C Back Q. Which Indian city has the best quality of living? Delhi Mumbai Bengaluru Please wait a moment.

A case has been registered against the car driver, Manish Chandrabhan Singh, 25, a Kurla resident, under several sections 106 (1), 281 of the BNS and 184 of the Motor Vehicle Act.",2024-09-09T00:54:41+05:30,Times of India,1
b8b3833b170e84b475dae2f6168b9476,Young woman’s life cut short by crazed bus passenger,"Mumbai: A 28-year-old woman, who was soon to get married and on the verge of starting a new career, lost her life in a freak accident when a drunk passenger forcibly turned the steering wheel of a BEST bus, causing mayhem on a Sion road on Sunday evening. The deceased, Nupur Maniyar, was on a scooter with her fiancée when the bus rammed into her, leaving her with fatal injuries. Mumbai, India - Sept. 2, 2024: BEST bus involved in the accident that took place in Lalbaug injuring ten and killing a 28-year-old female Income Tax officer, in Mumbai, India, on Monday, September 2, 2024. (Photo by Anshuman Poyrekar/ Hindustan Times) (Hindustan Times)

The crash occurred when the bus passenger, Datta Murlidhar Shinde, engaged in an altercation with the driver, Kamlesh Prajapati, over stopping the bus at a signal. Shinde forcibly turned the wheel during the altercation, leading to the bus colliding with the scooter Nupur was on as well as two other cars and a few pedestrians. Nupur’s fiancée, a banker, was also injured in the incident. He was brought to pay his last respects to Nupur on Monday and taken back to Gleneagles hospital in Parel where he is recovering.

Know the latest trending news with HT. Read detailed articles here

A friend of the family said Nupur had lost her father, who worked in the Income Tax department, during Covid. After he died, she was given his job on compassionate grounds. “Recently, her job as a clerk was finalised as permanent in the Income Tax department, where her father had worked,” the friend said. Nupur is survived by her mother and younger sister.

On Monday evening, Nupur’s body was kept in the veranda of Mukthai building, near Chinchpokli station, where she had been living for a decade. Her body was taken to the cremation ground around 4.30pm. Harshita Jain, a friend of the family, said, “Nupur was supposed to get married after Diwali. She had gone shopping with her fiancée and was returning home when the accident took place.”

Elaborating on the accident, a police officer said the bus, plying on Route 66, was on its way from Chhatrapati Shivaji Maharaj Terminus to Sion when the incident happened. “After having a few drinks in Colaba, the accused, Shinde, took the bus from CSMT to go to his home in Lalbaug. Around 8.20pm, the bus reached Sant Jagnade Chowk, Lalbaug, when Shinde asked the driver to stop at a signal. When the driver refused, Shinde caught Prajapati by his collar and started assaulting him. In the altercation, Shinde pulled the steering wheel and the driver lost control of the bus, which then swerved to the left and hit some pedestrians and vehicles,” said the officer. Apart from Nupur and her fiancée, eight others were also injured in the accident.

Win exciting prizes daily View T&C Back Q. Which Indian city has the best quality of living? Delhi Mumbai Bengaluru Please wait a moment.

A police officer added that Nupur was pressed between the bus and a car, which led to her death. “Doctors told us she suffered internal bleeding and got two cardiac arrests after the accident,” said the police officer.

Shinde, 40, has been booked under Sections 105 (culpable homicide not amounting to murder), 125 (act endangering life or personal safety of others), 132 (assault or criminal force to deter public servant from discharge of his duty), 115 (voluntarily causing hurt), 352 (intentional insult that provokes a breach of peace) and 324 (mischief) of the Bhartiya Nyaya Sanhita, 2023, and section 84 (penalty for being drunk and for disorderly behaviour) of the Maharashtra Prohibition Act.",2024-09-03T00:44:26+05:30,Times of India,1
8f7578e9bb3dcedcedb025a780bc15da,Madhya Pradesh boy injured after mobile phone explodes in hand during charging,"A 9-year-old boy in Madhya Pradesh suffered severe injuries to his hand and thigh after a mobile phone exploded in his hand while it was charging. A 9-year-old child in Madhya Pradesh suffered severe injuries to his hand and thigh after a mobile phone exploded in his hand (Representational Image) (AP Photo/Emilio Morenatti)(AP)

The incident took place in the village of Kalkoti Dewari in the Chaurai area of the Chhindwara district. The boy's father, Hardyal Singh, said that he and his wife were working in the fields when the incident occurred.

Know the latest trending news with HT. Read detailed articles here

Also Read: Schools must report child sexual abuse cases: Police

While the boy was at home with friends, he plugged the the phone in for charging while watching cartoons with his friends when suddenly the device exploded, causing injuries to his hand and thigh.

""We were in the fields when the neighbour told us about the accident, after which we came running. After examining him, the doctor referred him to a hospital in Chhindwara. He has injuries on both his hands and thighs. Another child was injured and was treated at a local hospital,"" the boy's father said said.

Also Read: 54 die in Bangladesh floods; Unicef says 2mn children at risk

The boy is currently stable and has been shifted to the surgical ward after being treated, according to Dr Anurag Vishkarma of the district hospital in Chhindwara.

The doctor said, “After first aid, he has been shifted to the surgical ward. His condition is stable now. He has suffered deep injuries in his legs and hands.”

A similar incident took place in 2023 in Kerala where an 8-year-old girl suffered injuries and eventually died, after a mobile phone exploded in her hand.

Also read: Kolkata rape-murder: Was Dr Sandip Ghosh informed 30 minutes late? CBI trying to solve puzzle

The police had concluded that the phone exploded due to the battery overheating from prolonged use.",2024-09-01T12:50:13+05:30,Times of India,2
d7f76840e42ce13c5c8ae5d0041dc0ef,Four of a family from Belagavi killed in road accident in Oman,"Four people from the Gokak tehsil of Belagavi district were burnt alive when their electric vehicle rammed into a fuel carrier tanker in Oman, said officials familiar with the matter on Friday. Belagavi district in-charge minister Satish Jarkiholi said that the state government was in contact with Oman government through the foreign affairs ministry and have asked to handover the dead bodies to the relatives in Karnataka (File photo)

The incident took place in the Haima region of capital city Oman on Thursday evening. Local police said the four were travelling in a car, which collided with an oncoming truck. The four deceased were identified as Vijay Mayappa Tahasildar (22), Pavankumar Mayappa Tahasildar (22), Aadhishesha Basappa Uppar (32), and Pooja Aadhishesha Uppar (21). Another person travelling in the car suffered minor injuries.

Know the latest trending news with HT. Read detailed articles here

One of the deceased, Aadhishesha was an engineer working with a private company. Her mother and brother from Gokak had gone their to bring Pooja back for delivery who was six-month pregnant, Belagavi deputy commissioner Mohammed Roshan told HT.

He further said the deceased were residing in Nizwa for past five years. They were on their way home from Salalah when the accident took place. Following the accident, their electric car caught fire immediately, leaving the deceased’s body burnt beyond identification, he said.

District in-charge minister Satish Jarkiholi said that the state government was in contact with Oman government through the foreign affairs ministry and have asked to handover the dead bodies to the relatives in Karnataka. “The deceased were in Gulf country for work for several years...,” Jarkiholi said. “We have appealed to the external affairs ministry to attempt to bring back the bodies of the dead, so the relatives can bid adieu to the departed souls.”

Following the incident, MP Kadadi visited the family at Uppar Oni (Uppar street) in Gokak town. After the meeting, he told reporters, “I am in touch with external affairs ministry to get the dead bodies which are expected to arrive either on Monday or Tuesday.”

Roshan said that the external affairs ministry has approached the Oman government and the DNA of the deceased would be conducted on Sunday and the bodies are expected to arrive on Tuesday. “The family has appealed the administration to handover the bodies. The body of Aadhishesha will be send to his hometown in Raichur,” Roshan added.",2024-08-31T00:50:55+05:30,Times of India,1
4ab565555e85718765f5e9e8c5002bc8,Minor detained after SUV mows down man in Mumbai; 2 others arrested: Police,"A minor was detained while two others were arrested after the 17-year-old crashed his vehicle onto a two-wheeler killing the biker in Mumbai’s Goregaon east on Thursday, police said. The incident took place in Aarey Colony around 4am. (HT sourced photo)

According to Vanrai police, the victim identified as Navin Vaishnav (24), a milk vendor was crossing Aarey Colony after distributing milk towards Malad when an SUV car coming from the opposite direction hit his bike.

Know the latest trending news with HT. Read detailed articles here

Vaishnav suffered severe injuries to his head and other parts of the body after falling on the ground.

People rushed to the accident spot and informed the police. Vaishnav was rushed to the Jogeshwari trauma centre where he was declared dead on arrival.

Also Read:Muktsar woman crushed to death as speeding PRTC bus overturns

The vehicle had hit an electric pole after hitting the biker after which the minor driver and the passengers tried to flee. The police caught them and sent them for medical examination. All three were returning to their home in Jogeswari after shopping.

RG Rajbhar, senior police inspector of Vanrai police station said that they have detained the minor driver and arrested the vehicle owner and another person.

The arrests have been made under sections 106 (rash and negligent driving) and 281 (rash driving to harm human life) of the Bharatiya Nyaya Sanhita (BNS) and 119, 177, 3 (1), 181, 134 (a) and 134 (b) of the Motor Vehicle Act.",2024-08-30T11:43:38+05:30,Times of India,1
5650f4aab3a78e48305de67bf981aab8,"3 killed, 10 injured as vehicle rolls down gorge in Himachal’s Chamba","Three people Three people were killed and seven injured after their vehicle veered off the Bharmani-Bharmour Mata road and rolled down a gorge in Chamba district of Himachal Pradesh on Wednesday. (Representational photo)

people were killed and 10 injured after their vehicle veered off the Bharmani-Bharmour Mata road and rolled down a gorge in Chamba district of Himachal Pradesh on Wednesday.

Know the latest trending news with HT. Read detailed articles here

They were headed to Manimahesh on a pilgrimage when the accident took place around 9am at Kaloti, 65km from Chamba town, according to a Bharmour police official.

Officials said there were 13 occupants of the Tata Sumo.

Initial reports indicate that the driver lost control while negotiating a sharp curve. Officials said that the driver abandoned the vehicle after the accident and is absconding.

Local residents who heard the crash quickly rushed to the site and began a rescue operation. An emergency team, including police and home guard personnel, also arrived promptly.

The injured were taken to the civil hospital at Bharmour, while those in a more serious condition were transferred to the medical college and hospital in Chamba. Four of the injured are in a critical condition.

A woman, meanwhile, was killed and three others were injured after their car plunged into a ditch near Chaura on the Kunnu-Kufri road in Mandi district late on Tuesday night.

Win exciting prizes daily View T&C Back Q. Which Indian city has the best quality of living? Delhi Mumbai Bengaluru Please wait a moment.

The victims were travelling from Kunnu to Kufri. As they approached Chaura, the vehicle veered off the road and fell into a ditch. The injured were rushed to Zonal Hospital Mandi, but the woman succumbed to her injuries at the hospital.",2024-08-28T16:34:39+05:30,Times of India,1
15f1b29ef0c3b4c0c746c4576e72f9cf,"Arunachal Pradesh: Three army personnel killed, several others injured after vehicle falls in gorge","Three army personnel died and many others were injured after a truck skidded off the road and fell into a gorge in Subansiri district, Arunachal Pradesh on Tuesday, reported ANI. The accident which took place in Subansiri, Arunachal Pradesh cost three army personnel their lives and caused many others to be injured (Representational Image)

Army sources identified the deceased as Havildar Nakhat Singh, Naik Mukesh Kumar and Grenadier Ashish Kumar.

Know the latest trending news with HT. Read detailed articles here

Also Read: Tripura floods: NDRF deploys additional teams to aid relief; schools to remain shut

The accident took place on Tuesday at 6 am on the trans-Arunachal highway located near Tapi village. The army truck was part of a convoy transporting personnel and was headed towards Basar in Leparada district from Daporijo, when the accident happened, a police officer told ANI.

Also Read: Jaishankar slams China over its new list ‘renaming’ places in Arunachal Pradesh

Locals immediately responded and helped rescue those who were injured. They also helped in retrieving the bodies of the deceased.

Also Read: Activists raise concerns over major dam push in Arunachal Pradesh

In a post on X, the Army's eastern command said, ""Lt Gen RC Tiwari and all ranks express deepest condolences on the sad demise of Bravehearts Hav Nakhat Singh, Nk Mukesh Kumar and Gdr Ashish who made the supreme sacrifice in the line of duty in Arunachal Pradesh. Indian Army stands firmly with the bereaved families.""

Chief minister of Arunachal Pradesh, Pema Khandu also mourned the death of the three personnel.

In a post on X, he said, “I am deeply pained by loss of lives of three ADGPI personnel - Havildar Nakhat Singh, Naik Mukesh Kumar and Grenadier Ashish Kumar - in a tragic accident near Tapi in Upper Subansiri district. Their service to the nation and supreme sacrifice will be remembered with the highest regards.”

He also gave his condolences to the bereaved families, adding, ""I pray to Lord Buddha for the peace of brave souls. Om Mani Padme Hum.""",2024-08-28T11:34:03+05:30,Times of India,1
9f0b9b27fef5565e2806441215c2b102,52-year-old man killed after scooter rams into auto in Panchkula,"A 52-year-old man was killed after a scooter rammed into the autorickshaw he was travelling in, on the Kalka Highway on Friday evening around 8. HT Image

The victim has been identified as Vinod Kumar. His wife, Pal Kaur, said that the scooter rider was speeding, which led to the accident. She added that the rashly driven scooter directly hit her husband while he was seated inside the autorickshaw, as a result of which he sustained severe injuries on his head and legs.

Know the latest trending news with HT. Read detailed articles here

The victim was rushed to the Government Hospital in Sector 6, Panchkula, with the help of passersby. He later succumbed to his injuries around 2am on Saturday.

A case under Sections 281 (rash driving) and 106 (death by negligence) of the Bharatiya Nyaya Sanhita was registered against the scooterist. Police have launched a manhunt for the accused.",2024-08-26T10:30:10+05:30,Times of India,1
b5a6d8b79abeb5f033b7a1f35fdb2216,Pakistani woman smiles in video after crushing 2 people under SUV: ‘Mere baap ko nahi jantay’,"The Pakistani woman accused of killing two people with her reckless driving was filmed smiling and issuing threats in the aftermath of the horrific accident. In footage that has been widely shared online, the woman appeared dazed, but with a smile on her face, as she stood surrounded by a huge crowd. Karsaz accident accused Natasha Danish filmed smiling after the accident(Instagram/@trendingtodaymagazine)

The woman was identified as Natasha Danish, wife of well-known Pakistani businessman Danish Iqbal. On August 19, Natasha rammed her Toyota Land Cruiser into bikers and pedestrians on Karachi’s Karsaz Road, killing two people. Pakistani news website Dawn reported that Natasha hit a motorcycle while attempting to turn her SUV. The vehicle then hit two more motorcycles before it overturned and collided with a parked car.

Know the latest trending news with HT. Read detailed articles here

A father and a daughter lost their lives after being struck by the speeding SUV, while at least three other people were injured.

Smiling, remorseless

People present at the site of the accident stopped Natasha from escaping, according to news outlet Reviewit.pk. While initial reports suggested that she was intoxicated at the time of the accident, these reports have not been confirmed.

Videos from the immediate aftermath of the accident, which show the accused looking remorseless and smiling, have caused widespread outrage on social media.

In one disturbing video, Natasha was seen bragging about her influence and status. According to Bol News, she was being shielded by rangers as she snapped back at the enraged crowd.

“Tum mere baap ko nahi jantay (you don’t know who my father is),” she was heard saying.

Meanwhile, local media and public in Pakistan have raised an outcry over what they say are attempts to shield the accused from punishment.

Natasha, wife of a wealthy industrialist who heads nine companies, was not produced in court by the police after the accident.

Her advocate Amir Mansub argued that his client’s mental health “was not stable” and that she was “receiving treatment at the Jinnah hospital”.

According to MM News, however, hospital records show she was discharged as fit after medical evaluations. Doctors concluded that no immediate psychiatric intervention was necessary.",2024-08-26T09:51:16+05:30,Times of India,1
a322b9d76b7c0624988af704c3ab310a,"Nepal bus accident: 48 pilgrims, two bodies arrive through land route","Maharajganj , A day after one of their vehicles met with an accident in Nepal, 48 pilgrims from Maharashtra arrived here on Saturday night after crossing the land border along with the bodies of a bus driver and his assistant. Nepal bus accident: 48 pilgrims, two bodies arrive through land route

The pilgrims will leave on a train from Gorakhpur for their journey back home, officials said.

Know the latest trending news with HT. Read detailed articles here

A special Indian Air Force plane earlier left for Jalgaon in Maharashtra from Nepal with the bodies of the 25 Indian pilgrims killed in the accident.

The bus driver and his assistant are from Uttar Pradesh and their bodies are being sent to their native places in the state, officials said.

The pilgrims were among a group of 110 people from several parts of Maharashtra who had gone to Nepal in two buses and one traveller van. One of their buses veered off the highway and fell into the fast-flowing Marsyangdi river at Abu Khaireni in Tanahun district in central Nepal on Friday.

""Two buses with 48 passengers on board and four bus staff were handed over to the district police and administration authorities by Embassy representatives,"" UP Relief Commissioner GS Naveen said.

District Magistrate Anunay Jha said the 48 passengers from Maharashtra were sent to Gorakhpur after they were provided food and beverages.

""Special arrangements have been made for remaining passengers to travel from Gorakhpur to their hometown. Very much thankful to the Indian Railways for the swift response,"" Union minister Raksha Khadse who is flying back with the mortal remains of the victims, said on X.

The two bodies have also arrived from Nepal, Additional DM Pankaj Kumar Verma said.

""The body of driver Murtaza is being taken to his native place Gorakhpur, while the body of Ramjit is being sent to Kushinagar with a police escort and green channel,"" an official said

The survivors were taken to Gorakhpur under police protection and the supervision of the additional district magistrate, district officials said.

The Maharajganj district is located near the Indo-Nepal border.

The DM said the Mahrajganj administration had arranged for six hearses, 11 ambulances and a 42-seater bus at the border to ferry the passengers and bodies. A medical team was also deployed on the border.

The accident occurred in Anbookhaireni area in Chitawan district of Nepal when the bus carrying 43 passengers, including the driver and two helpers, was heading towards Kathmandu from Pokhara.

While 16 people died on the spot, 11 succumbed to their injuries while undergoing treatment.

Of the 16 injured, the condition of one is said to be critical, while others are stable, according to hospital sources in Kathmandu.

This article was generated from an automated news agency feed without modifications to text.",2024-08-24T21:26:17+05:30,Times of India,1
5250c4da15d30955d6dc7fc9f17566b6,"After fight, son crashes into father’s car; 4 hurt","THANE: An alleged disagreement between a father and son spilled out on the road on Tuesday evening, injuring four people, two of them citizens who simply happened to come in the way by chance. The video of the incident which occurred near Chikholi, in Ambarnath, was shot by a bystander and has since been shared multiple times on social media. After fight, son crashes into father’s car; 4 hurt

At 6:30 pm Bindeshwar Sharma and his son Satish were driving on the Kalyan-Badlapur State Highway. Bindeshwar was in a white Toyota Fortuner in which other members of the family were also seated; he was being followed by Satish in a black Tata Safari.

Know the latest trending news with HT. Read detailed articles here

Satish first hit his father’s car from the rear, drove ahead and returned to ram into the car head-on, before coming to a standstill opposite Hotel S3 Park. After dashing against the car first, when the driver opened the door to try to stop him, he darted past hurting him and a minor who was seated by him. He then crashed against a local who was on a two-wheeler; the man fell face down on the bonnet, collapsed on the road and was dragged 50 feet when Satish made the U-turn to meet his father’s vehicle head-on. While the man on the two-wheeler suffered serious injuries, the pillion rider also fell off the bike and suffered minor injuries.

Police officers at Ambarnath police station have registered an FIR for attempt to murder against the son. According to them the father is around 62 years old while his son around 38. They also said Bindeshwar was on his way to Colaba from his Badlapur residence, while his son followed them in a separate car. They said there was a dispute between the father and son.

The injured were taken to a nearby private hospital by locals.",2024-08-21T00:58:58+05:30,Times of India,1
9575c0579ed81201d6fb3abc147cbfdf,Noida: Drunk patients create ruckus at district hospital,"NOIDA: In a bizarre incident, two inebriated men who visited the Sector-39 district hospital in Noida around Monday midnight following an accident with some vehicle, created ruckus at the hospital premises claiming that their e-rickshaw had been stolen, officials said on Tuesday. Sector 39 police intervened and managed to calm the patients down, persuading them to climb off the shed, and the patients were then taken into custody by police. (HT Photo)

The situation escalated when one of the two men climbed onto the tin shed above the oxygen plant and threatened to jump off, they added. The patients had met with an accident in Sector-49.

Know the latest trending news with HT. Read detailed articles here

“After receiving initial treatment, they began creating a ruckus, alleging that their e-rickshaw had been stolen. The situation quickly spiraled out of control, with the patients getting into a scuffle with each other besides other visitors,” informed hospital authorities.

According to chief medical superintendent, Dr Renu Agarwal, police were immediately informed about the incident.

Sector 39 police intervened and managed to calm the patients down, persuading them to climb off the shed. The patients were then taken into custody by the police, she said.

“It has been consistently observed that the security guards at the hospital are not performing their duties properly which is leading to such instances, leading to hospital’s security being compromised. We are looking forward to rope in personnel from the Ex-Servicemen Welfare Corporation in hospitals to avert such incidents,” the CMS added.

Police, meanwhile, said the two were later let off with a warning. No charges were pressed against them.",2024-08-21T00:14:57+05:30,Times of India,2
6b5dcdf1bb01ff076ff4641e771e6c9d,U.P.: Three of a family die as dumper hits bike in Varanasi,"Three members of a family, including a couple and their five-year-old daughter, died on the spot after a speedy dumper hit the motorcycle they were riding in Ganjari area of Varanasi on Monday, police said. Enraged over the accident, locals reached the spot and blocked the road. (For Representation)

The dumper drive fled the scene after the mishap, they added. As per the police, the deceased were identified as Raju Patel, 35, and his wife Neelam Patel, 32, and their daughter Pari Patel, 5, resident of Raja Talab area of Varanasi.

Know the latest trending news with HT. Read detailed articles here

On the ring road near under-construction stadium in Ganjari, a speedy dumper hit the bike killing the three on the spot. Enraged over the incident, locals reached the spot and blocked the road by placing the dead bodies there. They demanded action against the dumper driver. Senior police officers assured them that strict action would be taken against the dumper driver.",2024-08-19T19:05:34+05:30,Times of India,1
d74e846bbc3ecafea15ac61ee304cbb0,"Three killed, 15 injured as mini truck overturns in Shahjahanpur","Three people were killed while as many as 15 others were injured when a pick up mini truck overturned near old toll plaza on Bareilly highway under city Kotwali police station limits of Shahjahanpur district on Sunday morning, said senior police officials. (Pic for representation)

At least 25 people travelling from Haridwar, Uttarakhand in the mini-truck were on way to attend some religious discourse at Naimisharanya in Uttar Pradesh’s Sitapur district.

Know the latest trending news with HT. Read detailed articles here

Sharing further details, Shahjahanpur circle officer (CO), city, Saumya Pandey said that two of the deceased, Veermol and Netrapal, are the residents of Haridwar while the third victim identified as Radhey Shyam is of Muzaffarnagar district of Uttar Pradesh. She said 15 others injured in the incident are undergoing treatment at the government medical college of Shahjahanpur.

The CO said the family members of all three deceased have been informed and the bodies have been sent for postmortem examination.

Another police official said the initial investigation suggested that the driver who drove the vehicle the entire night, was tired following which he went sleepy while crossing the old toll plaza. He said the vehicle’s one tyre climbed over the road divider in speed and it overturned causing fatalities and injuries. He said the police had registered an FIR under Bhartiya Nyay Sanhitha sections for causing injuries and deaths due to negligence and reckless driving in the matter and further probe is on.",2024-08-19T00:54:22+05:30,Times of India,1
1f34632bd0215d695bbdd0de18d41f59,"Driver killed, helper injured in truck accident in Bilaspur","An apple-laden truck overturned here in the early hours of Sunday, killing its driver while his helper sustained injuries, police said.The accident happened around 3 am near Garamoda on Kiratpur-Nerchowk four-lane section of the highway in Punjab-Himachal border, they said. According to police, the truck hit the divider, overturned on the road and skid to a halt a small distance away, with the apple boxes scattering on the road. (iStock)

Both the injured were rushed to All India Institute of Medical Sciences (AIIMS), Bilaspur where doctors declared the driver dead. The helper is undergoing treatment, police added.

Know the latest trending news with HT. Read detailed articles here

According to police, the truck hit the divider, overturned on the road and skid to a halt a small distance away, with the apple boxes scattering on the road. The truck was on its way to Punjab when the accident happened.

A case has been registered and investigation is underway, police said, adding that the driver and the helper are yet to be identified.",2024-08-19T00:35:21+05:30,Times of India,1
33f16feec6a7cb1cb5f9f609be536bca,Two persons killed in road mishap,"Two persons were killed, and two others were injured after a speeding car rammed pedestrians in Nandurbar on Sunday, police said. Tariq Khan, who was driving the car, died after suffering a heart attack, an official said. The accident occurred on the Miraj Cinema to Konkani Hill stretch in Nandurbar city. (REPRESENTATIVE PIC)

The car, registered in Gujarat, then collided with Razaq Khan, a pedestrian and he was killed on the spot. Khan was a scrap dealer in Nandurbar city. The accident occurred on the Miraj Cinema to Konkani Hill stretch in Nandurbar city.

Know the latest trending news with HT. Read detailed articles here

According to Police, the car also rammed Manish Pawar and his son Golu, who were immediately admitted to the district civil hospital. Prima facie, it appears that the deceased car driver suffered a heart attack. However, the exact cause of death will be known once the post-mortem report arrives, police said.",2024-08-19T00:27:21+05:30,Times of India,1
9c338f3293f3837183a4f98e65a7d63a,Man killed after AC unit falls on him in Delhi,"An 18-year-old man died and his 17-year-old friend was injured after the outdoor unit of an air conditioner fell on them from the second floor of a three-storey residential building in central Delhi’s Karol Bagh area, police said on Sunday. The incident, which took place on Saturday, came to light after a video surfaced on social media, in which the two men were seen talking and hugging while standing near a two-wheeler. (Representational image/Getty Images/iStockphoto)

The deceased was identified as Jitesh Kumar, a resident of Doriwalan area. Police identified his friend only by his first name of Pranshu, and said that the 17-year-old suffered injuries on his waist and back.

Know the latest trending news with HT. Read detailed articles here

The incident, which took place on Saturday, came to light after a video surfaced on social media, in which the two men were seen talking and hugging while standing near a two-wheeler. Halfway through the video, the outdoor unit of an AC was purportedly seen falling on them, and passersby rushed to help them.

Police said they are investigating the matter to ascertain what led the appliance to fall. No arrests have been made in the case yet.

“Locals called the police control room at around 7pm. We were told that an AC unit fell on a man. We went to the spot and found that two people were injured. They were shifted to a nearby hospital, where Jitesh was declared dead and his friend Pranshu was found injured. He is undergoing treatment and is unfit for statement currently,” deputy commissioner of police (central) Harsha Vardhan said.

A case has been registered against unknown persons under Bharatiya Nyaya Sanhita (BNS) sections 125 A (act endangering life and personal safety of others) and 106 (causing death by negligence) at the Deshbandhu Gupta police station.

Family of the deceased said he was going to drop his friend home and had left 5 mins before the incident took place at around 6.50 pm.

Win exciting prizes daily View T&C Back Q. Which Indian city has the best quality of living? Delhi Mumbai Bengaluru Please wait a moment.

According to officers, a family lives in the second-floor apartment from where the unit fell, and investigators questioned them whether the AC had been recently repaired, and if the structure supporting it was rusting or deteriorating.

Police said a forensic team has examined the scene and will submit a report.",2024-08-18T23:49:22+05:30,Times of India,2
ab93053cee96eadf96a7d08afa0498d5,Bulandshahr: 10 labourers killed in crash while heading home for Rakhi festival,"Ten labourers were killed and 27 injured when a pickup van collided head-on with a bus in the Salempur area of Uttar Pradesh's Bulandshahr on Sunday, officials said. The accident took place on the Budaun-Meerut state highway. Bulandshahr: Injured being treated at a hospital after a collision between a pickup van and a bus, in Bulandshahr, Sunday, Aug. 18, 2024. At least ten people were killed and 27 others suffered injuries in the accident, according to officials. (PTI)

""Ten people were killed and 27 injured when a pickup van traveling from Ghaziabad to Sambhal collided with a private bus. The injured have been sent to the hospital,"" District Magistrate Chandra Prakash Singh informed reporters.

Know the latest trending news with HT. Read detailed articles here

ALSO READ- Delhi hit-and-run case: Speeding Mercedes kills cycle rider in Ashram

The labourers worked for Britaina company and were heading to their native village in Aligarh to celebrate Rakshabandhan. Four individuals had boarded the vehicle from Dadri.

SSP Shlok Kumar of Bulandshahr said the injured have been admitted to hospitals in Bulandshahr, Meerut, and Aligarh, with one person in serious condition. He added that the ten people killed in the accident were men, while the 27 injured included women and children from their families.

ALSO READ- Nobody will be allowed to play with future of youngsters: UP CM

Win exciting prizes daily View T&C Back Q. Which Indian city has the best quality of living? Delhi Mumbai Bengaluru Please wait a moment.

Uttar Pradesh chief minister Yogi Adityanath has taken cognizance of the incident and directed officials to ensure the injured receive the best medical treatment, the official said.

ALSO READ- Kolkata rape-murder: TMC vs TMC on demand for interrogation of top cop

Videos of the incident shared on social media showed the van reduced to shambles, while the bus's front was heavily damaged.

Inputs from S Raju",2024-08-18T13:27:48+05:30,Times of India,1
bd8e88186f37dea9446c62030fce56b3,"On camera, state-run bus mows down bikers, crashes into cars on busy Bengaluru road","A scary video has emerged from Bengaluru where a BMTC bus was seen mowing down two bikers and crashing into a few cars on a busy road. The bikers who were seen in the video are said to be injured and more details about the accident are yet to be revealed. On camera, state-run bus mows down bikers, crashes into cars in busy Bengaluru road

Note - Disturbing visuals, view discretion advised.

Know the latest trending news with HT. Read detailed articles here

According to a viral CCTV footage, the bus driver lost control over the bus and ran over the bikers ahead. It further ran into a car and another SUV and ended up damaging the vehicles. However, reports suggested that no lives were lost but the bikers were hospitalized. This incident is said to be happened on a Hebbal flyover.

Also Read - Bengaluru's state-run bus with 30 passengers onboard catches fire on MG Road. VIDEO

Meanwhile, BMTC is looking into the matter and examining the cause of the accident. While some believe it as a brake failure and a few people also call it negligence of the driver. BMTC is yet to announce the reason for such a horrific accident which could have led to loss of multiple lives.

Win exciting prizes daily View T&C Back Q. Which Indian city has the best quality of living? Delhi Mumbai Bengaluru Please wait a moment.

(This is a breaking story and more details will be added)",2024-08-13T11:43:58+05:30,Times of India,1
380549ba81f417dbf73f9e7f002e6f5d,Speeding dumper truck mows down 59-year-old woman in Kalina,"Mumbai: The police have arrested a 21-year-old dumper truck driver for mowing down a 59-year-old woman in Kalina, Santacruz East on Saturday afternoon. HT Image

The officials said the victim, identified as Lalitha Hanchate, was a househelp and was on her way to work towards the Kalina Market when the truck hit her from her left side at high speed, killing her on the spot.

Know the latest trending news with HT. Read detailed articles here

Hanchate lived with her grandson, Hitesh Jadhav, 15, and granddaughter, Priyal Jadhav, 12, at a rented house in Kalina. “Hanchate’s husband had died a few years ago. She was the only one who took care of the grandkids after her daughter died in an accident 10 years ago in Santacruz. The daughter was divorced and the father of the children does not keep in touch with them,” said an officer.

The news of her death has left everyone in the neighbourhood in shock. “Lalita was running her household by working very hard. She paid ₹4,500 per month and got her two grandchildren admitted to a private school in Kalina so that they receive a good education. The neighbours have now come together to help the children,” said Hanchate’s neighbour, Atul Krishna Gaikwad, 37, an employee at a private firm, who filed a police complaint at Vakola police station against the 21-year-old rash driver, Pawan Gajanan Chaugule, a resident of Devinagar area near IIT Powai.

Senior inspector Prakash Khandekar of the Vakola police station said, “We have registered an FIR under section 281 (rash driving) and 106 (1) (causing death of any person due to rash and negligent act) of the Bharatiya Nyaya Sanhita (BNS) against the dumper driver and arrested him.”

All the neighbours in Hanchate’s area gathered on Saturday to pool money to help the children continue their education and pay the rent for the home. “We will also meet the school principal and request the teachers to waive the fees. Few people are ready to take care of rent and we would provide them food,” said Gaikwad, who came to know about the accident at 1.30pm when the news of the incident spread in the neighbourhood..

“I was at home and some people in the area were talking about a woman from our neighbourhood being hit by a dumper at the junction on the road in front of Geeta Vihar Hotel. So I rushed to the accident spot and Hanchate’s grandson Hitesh also reached there,” added Gaikwad.

Hanchate was rushed to VN Desai Hospital where she was declared dead upon arrival. “The children are minor so one of her distant relatives lives in Karnataka and was informed about the incident and so they are on their way to Mumbai after that the hospital will hand over the body to them,” said Gaikwad.",2024-08-12T00:25:04+05:30,Times of India,1
ff975797c3cb4980f538ffa31c43980f,Truck crushes 60-year-old scooterist at Hallomajra light point in Chandigarh,"A 60-year-old scooterist was killed after he rammed his two-wheeler into a truck near the Hallomajra light point on Saturday afternoon. The victim, identified as Narinder, was a resident of Sector 21, Chandigarh, said police. (HT Photo)

The victim, identified as Narinder, was a resident of Sector 21, Chandigarh, said police.

Know the latest trending news with HT. Read detailed articles here

According to police, Narinder was travelling from Zirakpur to Chandigarh when he collided with a truck from behind. The impact caused him to lose control of his vehicle, leading to a fall. Before he could regain balance, the truck ran over him, leading to his immediate death at the scene.

The truck driver, identified as Rantesh Singh from Nawanshahr, was apprehended by the police shortly after the incident. He was booked under relevant sections of BNS. An investigation is underway to determine the exact circumstances that led to the fatal accident.",2024-08-11T01:29:30+05:30,Times of India,1
b91dc412ffe64ce7228891f7b0368cd2,"1 killed, 3 hurt as car flips after another vehicle rams into it on Delhi-Jaipur e-way","Gurugram: A 23-year-old man died and three of his friends were badly injured when the car in which they were travelling overturned after being hit by a speeding vehicle on the Delhi-Jaipur expressway (NH-48) near Panchgaon in Manesar, police said on Friday. Commuters took them to a private hospital in Sector-87 where Akshat died in the course of treatment. (Representational Photo)

They identified the deceased as Akshat Kumar while the injured people were Gaurav Kishore, 28, Pankaj Kumar, 26 and Tushar Prakash, 27, all residents of different localities in Rewari.

Know the latest trending news with HT. Read detailed articles here

Investigators said that the car belonged to Akshat but it was Tushar who was driving when the accident took place at about 2.30am on Thursday. According to the police, Gaurav and Pankaj were seated at the back while Akshat was sitting beside Tushar. All four men had reached Gurugram for some work and were returning after having dinner at a restaurant near Bilaspur Chowk, when the accident took place.

Chanchal Banga, Gaurav’s sister, said that he had two spinal fractures in the neck that would possibly leave him bedridden. “He is unable to get up and doctors have not been able to tell us anything clearly yet. His tongue also got severed in the accident as a result of which he is unable to talk properly,” she said.

A senior police officer said that the condition of the two other friends of Gaurav was also serious and they were undergoing treatment at different hospitals in Rewari. “They have suffered multiple fractures and other injuries,” he said.

The officer said that after being hit by an unidentified speeding vehicle from behind, Tushar suddenly lost control and the car hit the divider. “Afterwards, it flipped a few times and rested on reaching the opposite lane. The injured people could not tell the police anything about the vehicle that had hit them,” he said.

Win exciting prizes daily View T&C Back Q. Which Indian city has the best quality of living? Delhi Mumbai Bengaluru Please wait a moment.

Inspector Yogesh Kataria, station house officer of the Bilaspur police station, said that the four friends were wearing seat belts and airbags had automatically deployed on the impact.

“They lay unconscious inside the mangled car on the expressway for several minutes before being spotted by some commuters who pulled them out,” he said.

“The commuters took them to a private hospital in Sector-87 where Akshat died in the course of treatment. The commuters and hospital administration had also alerted the police control room,” he said, adding they were trying to trace the vehicle that had hit the car.

“There were no CCTV cameras near the accident spot. We are trying to get footage of cameras of any roadside commercial establishments to trace the vehicle,” he added.

Based on Gaurav’s statement, an FIR was registered against the unidentified driver under various sections of Bharatiya Nyaya Sanhita (BNS) at Bilaspur police station on Thursday night.",2024-08-09T23:19:25+05:30,Times of India,1
76b1d29b34c678fee60c647a18935562,"Ghaziabad police lodges FIR of theft after locals flee with 14,000 litres of milk from damaged tanker","Police on Wednesday registered an FIR of theft after unidentified persons escaped with about 14,000 litres milk from a damaged tanker parked on National Highway-9 (NH-9), after it got hit by another speeding truck on Delhi-Meerut Expressway on August 6 (Tuesday) in Ghaziabad. A video of people flocking to the milk tanker and filling up buckets, bottles and cans with milk was widely shared on social media on Tuesday. It showed people opened the outlet valve on the rear of the tank and filling milk in whatever containers they had with them (HT Photo)

The accident happened around 3.30am on Tuesday on Delhi-Meerut Expressway. The milk tanker was headed towards Gajraula from Delhi, and when it reached near ABES college, it suffered a tyre puncture. As the vehicle got disbalanced and the driver lost control of it, a crane-mounted truck, which was right behind, crashed into the milk tanker.

Know the latest trending news with HT. Read detailed articles here

Prem Sagar, the driver of the crane-mounted truck, was killed in the incident while his helper, Deenu (single name), suffered injuries and was hospitalized.

The traffic police later towed away the two trucks out of the expressway lanes and parked the vehicles on the side of NH-9 (of which the expressway is a part).

Later, a video of people flocking to the milk tanker and filling up buckets, bottles and cans with milk was widely shared on social media. It showed people opened the outlet valve on the rear of the tank and filling milk in whatever containers they had with them.

HT could not independently verify the authenticity of the video.

In this connection, the Ghaziabad police registered an FIR on Wednesday on a complaint from the owner of the milk tanker under Section 303(2) (theft) of the Bharatiya Nyaya Sanhita (BNS) at the Vijay Nagar police station.

Win exciting prizes daily View T&C Back Q. Which Indian city has the best quality of living? Delhi Mumbai Bengaluru Please wait a moment.

The damaged truck was parked on the roadside, and people escaped with milk and some got spilt on the road as well. The tanker has a capacity of about 21,000 litres, and only about 7,000 litres of milk was left in it. So I complained to the police,” said Atul Kumar, resident of Mayur Vihar phase 3, Delhi.

“We registered an FIR after theft and are trying to identify the suspects. As regards the death of the driver (of the crane mounted truck), we are yet to register any FIR as no complaint has been received in that regard,” said Ritesh Tripathi, assistant commissioner of police (city 1).",2024-08-08T23:27:58+05:30,Times of India,1
70b5096fd6203d6d0cec59afb6840461,Eight-month pregnant woman dies in road accident involving truck in Bengaluru: Report,"A tragic accident occurred on Wednesday morning near Yadehalli at Nelamangala on National Highway 4 in Bengaluru, where a 30-year-old pregnant woman lost her life after falling under a truck that collided with their scooter. The deceased has been identified as Sinchana, The Hindu reported. She was eight months pregnant, and was riding pillion with her husband, Manjunath, when the incident happened. The deceased’s husband, who sustained minor injuries, was attempting to avoid a sudden stop by a KSRTC bus when the collision occurred.

The couple was returning to their village, Thotanahalli, after visiting a temple at Shivagange. Manjunath, an engineer working at a private firm in Bengaluru, escaped with minor injuries, the report stated.

Know the latest trending news with HT. Read detailed articles here

According to details uncovered during police investigation, the accident occurred when a KSRTC bus ahead of them made an abrupt stop to avoid a collision. Manjunath, in response, also applied the brakes, but a truck that was transporting M sand was following closely behind them and was unable to halt in time, thus crashing into their scooter. The impact caused the couple to fall, and tragically, Sinchana came under the truck's wheels, the report noted.

The incident happened within the Nelmangala police limits, who quickly arrived at the scene, arrested the truck driver, and impounded the vehicle. Superintendent of Police C. K. Baba also visited the site to review the situation, the publication further said.

The location of the accident has been identified as a high-risk zone, with over 90 fatal ones reported in the past six months alone, according to a senior police officer who spoke to reporters on the matter. Authorities are inspecting the road conditions and discussing measures to reduce further accidents in the area.",2024-08-07T17:00:10+05:30,Times of India,1
5c5edace5d3b3ec70f75c58d6f17b5a2,"Jagraon crash: 7-year-old boy killed, 5 hurt as school van rams into tree","Ludhiana : A seven-year-old boy was killed while five others were injured after a school van rammed into a tree on Raikot Road in Jagraon subdivision of Ludhiana district on Tuesday morning. A seven-year-old boy was killed while five others were injured after a school van rammed into a tree on Raikot Road in Jagraon subdivision of Ludhiana district on Tuesday morning.

A Class-1 student, Gurnam Singh, who belongs to the nearby Akhara village, fell off the vehicle and died on the spot, the police said, adding the condition of the five children, who were admitted to a nearby hospital, is stable.

Know the latest trending news with HT. Read detailed articles here

Jagraon city station house officer (SHO) Amritpal Singh said a hunt has been launched to arrest the driver, Chamkaur Singh, who fled after the accident.

The police lodged an FIR against the driver, principal and management of Sanmati Vimal Jain Senior Secondary School, Jagraon. The police found that the van was unfit for plying on the road.

There were 25 children in the van when the accident took place. Eyewitnesses said the driver lost control over the van and it crashed into the tree. They rushed the children to a nearby hospital and informed the police.

Some children with minor injuries were discharged after being administered first aid at the hospital, they said.

Later, parents of the children held a protest and blocked the Raikot Road seeking the arrest of the driver, who they claimed was drunk at the time of the accident. The protest continued for at least six hours. The police officials pacified the protestors and assured them of action.

Win exciting prizes daily View T&C Back Q. Which Indian city has the best quality of living? Delhi Mumbai Bengaluru Please wait a moment.

The FIR has been lodged following the statement of Satnam Singh, father of the victim. The complainant, who is a tractor mechanic, stated his elder son Sukhman Singh, 11, also suffered injuries in the mishap.

The complainant added that the driver of the bus was negligent, and a drug addict. He made several complaints to teachers, principal and school management to change the driver during the parent-teacher meeting, but to no avail, Satnam said.

A case under Sections 106, 281, 125 (A), 125 (B) and 61 (2) of BNS has been registered.

The Punjab State Commission for Protection of Child Rights took cognisance of the matter and issued a letter to the SSP Ludhiana rural police (Jagraon) and sought a detailed report by August 8.

Kanwardeep Singh, chairman of the commission, said that school buses should fulfil the safety standards according to the Safe School Vahan Scheme and it is the responsibility of the school principal to ensure that only those vehicles which comply these safety standards are used for transporting students.

The chairman said a letter has been sent to the senior superintendent of police to determine the cause of the accident.",2024-08-07T01:03:13+05:30,Times of India,1
f322c82cbe073c5287469215d430a122,SUV runs over biker near Hotel Mountview in Chandigarh,"A 35-year-old motorcyclist was run over by an SUV after he rammed into a car’s open door near Mountview Hotel in Sector 10 on Tuesday evening. The victim, Raju Pandey, was a resident of Nayagaon, Mohali. (HT)

The victim, Raju Pandey, was a resident of Nayagaon.

Know the latest trending news with HT. Read detailed articles here

Police booked the drivers of both cars under Section 106 (1) (causing death by negligence) of the Bharatiya Nyaya Sanhita.

The driver of the SUV, a Mahindra Scorpio, Jagdeep Singh, 51, told police that he was driving on the road in front of Hotel Mountview, where a white Jeep Compass was parked.

The backseat passenger of the Jeep Compass suddenly opened the car door and a motorcycle crashed into it, before being run over by his car, said Singh, a resident of Sector 79, Mohali.

He said the motorcyclist was rushed to a hospital in the Jeep Compass, whose driver, Arnav Bahri, 19, from Sector 15-A, was present at the scene. But the victim succumbed to his injuries.

The Sector 3 police seized the damaged vehicles and booked Jagdeep and Arnav for their roles in the accident.",2024-08-06T21:31:09+05:30,Times of India,1
9d473d2c6654176643d6dc3883ca7f76,LG recommends suspension of RC Meena for drunken car accident in Delhi,"Lieutenant governor VK Saxena recommended the suspension of Ramesh Chander Meena, deputy commissioner in the excise department, after he was allegedly found involved in an accident reported in Karol Bagh, central Delhi, in the early hours of Sunday in a drunken state. According to the official, Meena’s medical examination at Ram Manohar Lohia Hospital confirmed consumption of alcohol. (Representational image)

“Meena was driving his car in an inebriated state, hit a bike and dragged it for 2km before the vehicles turned into fireballs. The bike rider escaped with minor injuries,” an official from the LG secretariat said.

Know the latest trending news with HT. Read detailed articles here

According to the official, Meena’s medical examination at Ram Manohar Lohia Hospital confirmed consumption of alcohol.

“Directorate of Vigilance proposed that the above act of DANICS amounts to serious misconduct and unbecoming of government servant and the competent authority may take a view with regard to placing the officer under suspension so that disciplinary proceedings may be initiated against Ramesh Chander Meena,” the official said.

Police said that the accused was driving a Creta and first hit a few vehicles parked on the road before hitting a bike taxi. Both vehicles burst into flames but the drivers managed to escape.

A case was registered under sections of the Bharatiya Nyaya Sanhita on charges of rash driving, endangering human life, and mischief by fire.

HT reached out to Meena for a comment but he did not respond.",2024-08-05T23:24:29+05:30,Times of India,1
ef16e37faf98697ed8d2fa18be2bd2e4,Ludhiana: Driver killed after truck rams into parked tractor,"A driver died after he rammed his over-speeding truck into a stationary tractor-trailer near Ladhowal toll barrier on the national highway on Monday morning after breaking the barricades. A tyre of the truck also burst in the accident. A driver died after he rammed his over-speeding truck into a stationary tractor-trailer near Ladhowal toll barrier on the national highway on Monday morning after breaking the barricades. (HT File)

The victim has been identified as Davinder Singh, 35, a resident of Gopal Nagar of Haibowal. On being informed the police reached the spot and initiated an investigation. The police suspect the truck driver broke the barricade intending to not pay the toll fee.

Know the latest trending news with HT. Read detailed articles here

Inspector Kulbir Singh, SHO at Ladhowal Police station, said that the impact of the accident was so strong that the truck driver died on the spot. It is suspected that the truck driver did not want to pay the toll fee due to which he crashed the vehicle into the toll barrier. After crossing the barrier, the tyre of the truck burst following which the driver lost control over the vehicle which crashed into a stationary tractor-trailer resulting in the driver’s death.",2024-08-05T23:12:28+05:30,Times of India,1
cc359a4a5ddd1ea6c4bc5d0d22c89144,"Woman, daughter killed in Hoshiarpur mishap","A 37-year-old woman and her daughter died after being hit by a car near the Harse Mansar area here, police said on Monday. Rekha Rani and her eight-year-old daughter, hailing from Himachal Pradesh’s Kangra, along with some other villagers were on Sunday night returning in a tractor-trailer after attending a fair at Baba Chingrawan, they said. An FIR has been registered at the Mukerian police station.

On their way, the vehicle stopped at the railroad crossing near the Harse Mansar area. Some passengers, including Rekha and Garima, got down from the tractor-trailer. While they were strolling nearby, a speeding car reversed and hit both. The girl died on the spot while Rekha succumbed to her injuries in a hospital.

Know the latest trending news with HT. Read detailed articles here

An FIR has been registered at the Mukerian police station, officials said, adding that further investigation is underway.",2024-08-05T20:39:24+05:30,Times of India,1
3668f82167e91b87871abaff4e8d677b,"SUV hits group of kanwariyas in Sitapur; minor died, three critical","A 17-year-old girl kanwariya lost her life after being hit by an SUV in UP’s Sitapur district, late Sunday night. Three other people were critically injured in the accident which occurred in Jairampur, under the Mehmoodabad police station area. For representation only (HT File Photo)

The driver of the SUV managed to escape. However, Sitapur police were able to arrest the driver of the car by chasing him for about 10 km, said the police, adding that the SUV was also taken into possession.

Know the latest trending news with HT. Read detailed articles here

According to the Sitapur police, the vehicle which rammed the Kanwariyas was also going to Deva, Barabanki for darshan.

The injured were immediately sent to the community health centre for treatment, and later referred to Lucknow.

Police said that the deceased was identified as Neha, 17, daughter of Vinod, while other critically injured were identified as Arun, 15, Pappu, 15, Rajni, 18 and Sanjana, 17, all residents of Samanpur Babakuti police station, Mahmoodabad, in Sitapur.

Additional superintendent of police (ASP) Praveen Ranjan said that some kanwariyas were going to Bhagauli Teerth in Barabanki district’s Baddupur to perform ‘jalabhishek’ of Lord Shiva late at night Sunday, when they were hit by a SUV from behind.

Bus carrying kanwariyas flips, six injured

Meanwhile, a bus carrying Kanwariyas travelling from Ujjain to Ayodhya overturned early on Monday morning near Badgaon village in Orai, Jalaun on the Jhansi-Kanpur National Highway. The accident occurred when the driver, who was transporting 44 devotees, fell asleep at the wheel, said the police.

Win exciting prizes daily View T&C Back Q. Which Indian city has the best quality of living? Delhi Mumbai Bengaluru Please wait a moment.

The sudden loss of control caused the bus to veer off the road and flip into a ditch. Six devotees sustained injuries and were rushed to the district hospital. Fortunately, all were reported to be in stable condition following medical treatment.",2024-08-05T20:03:06+05:30,Times of India,1
cf5e3c498a257713d75ccc9c1447fe02,"7 killed, 40 injured in bus-car collision on Lucknow-Agra Expressway","Seven people were killed, and at least 40 others injured after a bus fell into a ditch following a collision with a car on the Lucknow-Agra Expressway in the Usrahar area in Uttar Pradesh on Sunday morning. The incident took place around 12:45 am. 7 killed, 40 injured in bus-car collision on Lucknow-Agra Expressway

According to the police, the double-decker bus - with a Nagaland number plate on it - was on its way to Delhi from Rae Bareli, when it collided with a car coming from the wrong lane. The car was going towards Agra from Lucknow, reported PTI.

Know the latest trending news with HT. Read detailed articles here

The bus was carrying 60 people, out of which four died, and the rest were injured. On the other hand, all the three people in the car died. Out of the injured persons, six to seven are critical, Dr Vivek Chaudhary, CMO, Saifai PGI, told ANI.

Initial investigation revealed that the accident occurred because the car's driver fell asleep and entered the wrong lane. The collision sent the bus careening into a roadside ditch and flip over.

“The government is ensuring that the best treatment is given to the admitted people. Rescue operations are also being conducted for the other people. We are making all possible efforts to ensure that all the other people reach their destinations,” Senior Superintendent of Police (SSP), Sanjay Kumar Verma said, as quoted by ANI.

Following the incident, Uttar Pradesh chief minister Yogi Adityanath expressed condolences over the loss of lives in the incident and directed the officials to reach the spot immediately and expedite relief work for the injured. He also directed the district administration officials to ensure proper treatment for the injured and wished them a speedy recovery.

In a similar incident on July 10, at least 18 people died, and 19 were injured as a sleeper bus rammed into a milk tanker on the Lucknow-Agra expressway in Uttar Pradesh's Unnao district. The incident took place near Gadha village when the bus travelling from Bihar to Delhi collided with the tanker while attempting to overtake. The impact of the collision caused the bus to overturn.

(With inputs from PTI, ANI)",2024-08-04T11:53:49+05:30,Times of India,1
71fd8521d9b2ceb67e638e9980f24ef0,Child dies after metal gate of housing society falls on her,"Pune: A three-year-old girl died after the metal gate of a housing society at Ganeshnagar area in Pimpri-Chinchwad fell on her at around 4.30 pm, a police official said on Thursday. Three-year-old girl died after metal gate of housing society at Ganeshnagar in Pimpri-Chinchwad fell on her, a police official said on Thursday. (Getty Images (PIC FOR REPRESENTATION))

The incident took place at Bopkhel on Wednesday when she was playing with other children, he said.

Know the latest trending news with HT. Read detailed articles here

The deceased has been identified as Girija Shinde.

According to the police, Girija was playing with her friends when a boy closed the sliding metal gate at the entrance of a house apparently to prevent her from entering inside, and the gate came out of the sliding channel and fell on her.

A video of the incident, which showed children running towards a house to inform residents, went viral on social media.

In the video, a man can be seen arriving at the site and lifting the injured child.

“Neighbours rushed the girl to a nearby hospital, but she was pronounced dead on arrival,” said Vijay Dhumal, inspector, Dighi Police Station.

“While they were playing, one child closed the sliding metal gate. The gate weighing around 100 kg fell when the child ran towards it. It seems the gate came out of the sliding channel and fell. An accidental death case has been registered,” a Pimpri-Chinchwad police station official said.",2024-08-02T02:57:08+05:30,Times of India,2
25e8c007eb58f96f43ce53432d5838be,"1 killed, 2 injured as truck hits kanwars on bike on NH-48","Gurugram: A 17-year-old kanwar was killed and two of his companions sustained serious injuries after the motorcycle they were riding was allegedly hit by a truck on the Delhi-Jaipur expressway (NH-48) near Manesar in the early hours of Wednesday, Gurugram police officers said. Gurugram Police personnel deployed at the site of the accident on Wednesday morning. (Parveen Kumar/HT PHOTO)

The accident triggered protests by other kanwars, who blocked both carriageways of the highway, triggering traffic snarls for over four hours, police said.

Know the latest trending news with HT. Read detailed articles here

The deceased was identified as Hemant Meena of Paneda village in Behror, Rajasthan. His companions — Abhishek Meena from Kotputli and Lokesh Meena from Jaipur — are currently in hospital.

Giving details of the case, police said at around 2.45am, the kanwars were on their way to Rajasthan when the incident occurred. Following protests by the devotees, more than 200 policemen were sent to the spot to control the situation, said deputy commissioner of police (west) Karan Goel.

“Traffic was disrupted for nearly four hours on both sides of the expressway, and the stretch between Kherki Daula and the Sirhaul toll plaza witnessed slow movement of traffic. It took two hours to pacify the kanwars,” the DCP said.

Goel said the truck driver was arrested and the vehicle was impounded. “The suspect was identified as Kuldeep Singh of Badshapura village in Agra. The probe is underway,” said Goel.

A case was registered at the Kherki Daula police station under Bharatiya Nyaya Sanhita (BNS) sections 106 (causing death due to negligence, 324 (4) (wrongful loss or damage), and 281 (rash driving on a public way), said police.

Win exciting prizes daily View T&C Back Q. Which Indian city has the best quality of living? Delhi Mumbai Bengaluru Please wait a moment.

Suridner Yadav, one of the kanwars, said they have demanded compensation for Meena’s family. “We have handed over a memorandum to the deputy commissioner and have demanded ₹50 lakh compensation and a government job for the kin of the deceased, and medical expenses for the injured,” he said.

Meanwhile, deputy commissioner of police (traffic) Virender Vij said comprehensive security arrangements have been made for the kanwar yatra, and an advisory has been issued to the public to avoid using routes designated for pilgrims. He said all kanwars have been requested to travel in a “safe lane” created by the traffic police.

“Traffic police personnel equipped with reflective jackets and batons have been employed at every intersection to assist the pilgrims in crossing them,” Vij said.",2024-08-01T00:06:41+05:30,Times of India,1
07a8fce5b9c3da389c1cddddb8f5a81a,"Kanwariya killed, 2 others injured after truck rams into motorcycle near Manesar","A 17-year-old kanwariya was killed and two others sustained severe injuries when a speeding truck allegedly hit a motorcycle on the Delhi-Jaipur Expressway on Wednesday near Manesar. The accident triggered protests by other pilgrims, who blocked both sides of the NH-48 resulting in traffic congestion for two hours on the expressway. Kanwariyas carrying holy water from River Ganga going back to their hometown in Gurugram. (Parveen Kumar/ HT Photo)

The incident took place around 2.45am when the kanwariyas were on their way to Rajasthan. The deceased was identified as Hemant Meena of Paneda in Behror, Rajasthan.

Know the latest trending news with HT. Read detailed articles here

Karan Goel, deputy commissioner of Police (West), said over 200 policemen were sent to the spot to control the situation. “Traffic was disrupted for nearly two hours on both sides of the expressway and the stretch between Kherki Daula and defunct Sirhaul toll plaza witnessed slow movement of traffic. It took two hours to pacify the pilgrims,” he said.

Goel said the truck driver was arrested and the vehicle was impounded. A case has been registered at Kherki Daula police station.

“An overloaded truck transporting sand was speeding on the expressway when it rammed into the motorbike that was trailing the kanwariya procession. Our brother Hemant died on the spot and two others who were also on the motorbike suffered severe injuries and fractures. They are undergoing treatment. The injured have been hospitalised and are currently out of danger,” said Sunil Kumar Yadav, a kawariya from Kotputli in Rajasthan.

Surinder Yadav, a resident of Rajasthan, said they were a group of 70 people who had gone to Haridwar to get Dak Kanwar. “The truck was speeding and rammed into the motorbike from behind. We have handed over a memorandum to deputy commissioner and have demanded ₹50 lakh compensation , medical expenses for the injured and a government job for the kin of the deceased,” he said.

Kanwars are pilgrims who carry water from the Ganga to perform ‘jal abhishek’ of Shivalings during the Hindu month of Sawan.

Win exciting prizes daily View T&C Back Q. Which Indian city has the best quality of living? Delhi Mumbai Bengaluru Please wait a moment.

Virender Vij, deputy commissioner of police (traffic), said that they have made comprehensive security arrangements for the pilgrimage. The city has been divided into different zones, and each zone has been assigned a dedicated team of police personnel. The health department has stationed ambulances at key locations such as Sirhaul Toll, IFFCO Chowk, Rajiv Chowk, Kherki Daula, and Ghamdoj Toll for immediate medical assistance.

An advisory has been issued to the public to avoid using the routes designated for the yatra. The DCP said all pilgrims have been requested to travel in the safe lane created by the traffic police on the left side of the roads.

Posters and banners have been put up by the traffic police at various places, which contain important information such as the route maps, location of the medical camps, and contact numbers of the police personnel. “Traffic police personnel equipped with reflective jackets and batons have been employed at every intersection to assist the pilgrims in crossing them,” Vij said.",2024-07-31T11:08:18+05:30,Times of India,1
0fde32728ca66e6430f0b98a5cd543ad,Howrah-Mumbai mail derailed | Here's a list of 5 major train accidents this year,"The Howrah-Mumbai Mail is the recent addition to a growing list of train derailments and accidents this year. On Tueday, the passenger train collided with another derailed goods carrier, leading to two deaths and over 20 people injured. This is the third train accident in in the country in the last two months alone and sixth this year. Rescue and relief work underway after the Howrah-Mumbai Mail derailed near Badabamboo in Seraikela-Kharsawan district of Jharkhand early Tuesday, July 30, 2024. (PTI)

Also Read: Jharkhand train accident LIVE updates: Howrah-Mumbai mail derails in Charadharpur, 2 killed, 20 injured

Know the latest trending news with HT. Read detailed articles here

Union minister of railways Ashwini Vaishnaw has been facing the Opposition attacks over the multiple rail accidents since last year.

Also Read: Wayanad Landslides LIVE updates: Toll rises to 45 in Kerala; Army deployed for rescue operation

In his post-budget remarks in Lok Sabha, Ashwini Vaishnaw assured that safety was at the top of his priorities. He added that ₹1,08,795 crore out of the ministry's ₹2,62,200 allocation would be dedicated towards increased safety.

Here's a list of 5 other major train accidents in India in 2024:

1. Jamtara train accident - February 28, 2024

At the beginning of the year, passengers of the Anga Express got down from the train while it had stopped and were run over by a local train.

The incident which took place in the Jamtara district of Jharkhand near Kaljariya railway crossing, took two lives and left several others injured.

The chain on train 12254 was pulled, leading to stop, when a few passengers got down. There were rumours of a fire onboard, which may have led to the passengers leaving the train before the station arrived.

2. Palghar goods carrier derailment - March 29, 2024

A goods train derailed near Palghar station, Maharashtra and blocked a significant amount of rail traffic between Surat and Mumbai, two major hubs.

The fully loaded train, which was moving at moderate speed, derailed on the only main route from Mumbai to Surat, stranding several trains down the line.

A rail fracture was discovered a few metres away from the train but officials were unsure about whether the derailment caused the fracture or vice versa.

3. Sirhind freight train accident - June 2, 2024

Eight coaches of a goods carrier collided with a freight train near Sirhind 59 trains were affected and 51 of them had to be diverted due to the derailment.

3 passengers on the freight train suffered minor injuries, while the pilot and assistant pilot of the goods carrier were severely injured.

4. Kanchanjunga Express accident - June 17, 2024

A goods train collided with the passenger train Agartala-Kanchanjunga Express near Rangapani railway station in Darjeeling district, leading to the death of at least nine people and close to 41 people injured.

The collision also ignited political controversy, as the signalling system of the rails were discussed to be faulty, due to which the freight train rammed into the Kanchanjunga Express. The drivers of both the trains did not survive the crash.

Some rail authorities claimed that the loco pilot was driving at a higher speed, which led to immense backlash from railway unions, who said that the ministry was passing on the blame on the driver before an inquiry.

5. Chandigarh-Dibrugarh train derailment - July 18, 2024

12 coaches of the Dibrugarh-Chandigarh Express derailed in the Gonda district of Uttar Pradesh, leading to at least four people dead and 31 injured.

Eight coaches of the train 15904 derailed between Motiganj and Jhilahi stations, while the rest came off farther ahead. A five member team probed the accident and stated that the derailment had most likely taken place due to the improper fastening of the rail tracks.

The report by the team also pointed out that a senior engineer had noted an IMR (immediate removal) defect in the rail tracks.",2024-07-30T12:50:36+05:30,Times of India,2
4b35f9efc81ffa2590525eadca15ca71,Auto driver crushed to death as learner crashes Innova into auto,"NAVI MUMBAI: A 43-year-old man’s attempt to learn to drive on a busy road in Navi Mumbai led to the death of a 63-year-old auto driver on Saturday afternoon, after the Innova he was driving crashed onto an auto rickshaw, dragging the three-wheeler a few feet away. CCTV cameras captured how the driver could not bring the car to a halt on time, leading to three more vehicles parked ahead of the auto getting wrecked. Auto driver crushed to death as learner crashes Innova into auto

The deceased auto driver was identified as Munnalal Lalprasad Gupta, a resident of Kalyan. The incident occurred at the busy junction opposite Sainath School in sector 9 of Vashi. The police said Koparkhairane resident Subhash Pannalal Shukla (43) was at the wheel of the Innova and seated beside him was his relative Prasad Tiwari (42).

Know the latest trending news with HT. Read detailed articles here

“Tiwari was employed as the driver for the four-wheeler and had been to Vashi on some errands. He happened to meet Shukla and offered to drop him at his home in Koparkhairane. At Vashi, Shukla expressed his desire to drive the vehicle and seats were switched,” said the investigating officer, Nivas Shinde.

Just a few minutes after the switch, Shukla lost control of the vehicle and crashed it into an auto plying ahead. According to police, the accused had errantly stepped onto the accelerator instead of pressing the brakes. “He possessed a license but didn’t have the experience to drive on a busy road. While attempting to start the vehicle, he stepped on the accelerator which led to the accident,” adds the officer.

Following the incident, the accused Shukla absconded whereas the second accused Tiwari was caught by the crowd that had gathered. “I happened to hear a loud sound and when I came down to inspect, I saw mangled remains of the auto and a few other vehicles. The driver was nowhere to be found but the person accompanying couldn’t escape as there was a huge crowd already present,” said an eyewitness Pritam Baburao.

Both Shukla and Tiwari were arrested and booked under sections 106 (causing death by rash and negligent act), 281 (rash driving), 324(4) (intent to cause damage), 3(5) (joint criminal liability) of the Bhartiya Nyay Sanhita and under section 184 (dangerous driving) and 134 B (duty of a driver) of the Motor Vehicles Act.",2024-07-30T00:40:00+05:30,Times of India,1
bf2597b1ac54cb125827ef4b50c03790,Duo on bike killed after being hit by PMPML bus,"Mahesh Bhausaheb Narwade (25) and Sagar Arun Kadam (19), were killed after the two-wheeler they were riding was hit by a speeding PMPML bus on the bridge between Chapekar Chowk to Mahavir Chowk in Chinchwad at around 9.45 on Saturday night. The bus driver, identified as Sambhaji Shankar Rashinkar (33), a resident of Bhima Koregaon has been arrested by the police and charged under BNS sections 106 (1) and 281 and relevant sections of the Motor Vehicle Act. (REPRESENTATIVE PIC)

According to the police, the driver lost control over the wheels leading to the accident. PSI Rahul Varkate, investigative officer in the case said that Sudhakar Narwade, the brother of the deceased lodged the FIR against the accused.

Know the latest trending news with HT. Read detailed articles here

The bus driver, identified as Sambhaji Shankar Rashinkar (33), a resident of Bhima Koregaon has been arrested by the police and charged under BNS sections 106 (1) and 281 and relevant sections of the Motor Vehicle Act.",2024-07-30T00:09:01+05:30,Times of India,1
d6be96c81b26686141bfd318fc0d6739,"Man dragged 200 metres+ by heavy vehicle, dies","Gurugram: A 26-year-old man driving a scooter died and was dragged for around 200 metres after his two-wheeler was struck from behind by a truck on Golf Course Extension Road in the early hours of Monday, Gurugram police said, adding that two others riding pillion were critically injured in the incident. A 26-year-old man driving a scooter died and was dragged for around 200 metres after his two-wheeler was hit from behind by a truck on Golf Course Extension Road in the early hours of Monday. (Representational Image)

The deceased was identified as Suresh Samant, originally from Uttarakhand but living at a rented accommodation at Nathupur, DLF 3. Police said Samant worked at a restaurant in Sector 66 and was returning home when the accident took place.

Know the latest trending news with HT. Read detailed articles here

They said the identities of the two people injured are yet to be ascertained, adding that they are currently undergoing treatment at a private hospital in Badshahpur.

Officers said the incident took place at around 3.45am at the traffic signal where Dayma Road joins Golf Course Extension Road.

The accident came to light when a commuter alerted the police about a badly mangled body lying on Golf Course Extension Road.

Inspector Vinod Kumar, station house officer of the Sector 56 police station, said, “A damaged scooter bearing a Delhi registration number was found lying at the spot which was seized and brought to the police station… There were tyre marks of a heavy vehicle present at the spot indicating that a speeding truck or dumper may have hit the deceased while he was riding the scooter.”

Investigators said they suspect the deceased’s body got entangled in the underbody or wheels of the heavy vehicle, and was dragged for around 200 metres, resulting in the body getting mutilated.

“The errant driver managed to flee in his vehicle after the accident,” the inspector said, adding that they are now trying to enhance CCTV footage to get a clear view of the registration number of the truck.",2024-07-29T23:55:58+05:30,Times of India,1
f4ad939c8cdb62aeaf74d0eda17f968c,"Russia: Two dead, 100 injured after train collides with truck","At least two people were killed and up to 100 people injured on Monday when a passenger train carrying 800 people collided with a Kamaz truck, derailing eight carriages, Russian media outlets reported. The train had been travelling from Kazan in Tatarstan to Adler on the Black Sea when it derailed in the southern Volgograd region near the Kotelnikovo station about 1,200 km. (For Representation)

Some of the carriages lay twisted and battered beside the railway track, they said.

Know the latest trending news with HT. Read detailed articles here

The train had been travelling from Kazan in Tatarstan to Adler on the Black Sea when it derailed in the southern Volgograd region near the Kotelnikovo station about 1,200 km (750 miles) south of Moscow, the emergencies ministry said.

""Paramedics are on the scene,"" the ministry said, adding that 324 emergency workers were involved in the operation. Emergency helicopters have also been scrambled, it said.

ALSO READ | After Gonda train mishap, goods train derails in Amroha

The Mash Telegram channel said at least two people were killed but that the death toll could rise. Interfax news agency said that up to 100 people could be injured.

Unverified video on Telegram showed at least four carriages derailed, some twisted, with people climbing out of one that was on its side beside the rails.

Mash published video showing the battered remains of the cabin of a Kamaz truck beside the derailed train.

TASS cited unidentified sources in Russian law enforcement as saying that 20 people had been injured when the train collided with a Kamaz truck.",2024-07-29T17:30:02+05:30,Times of India,1
971c1b3377af2dda03adb20abbbec122,12 injured after bus falls into Beas near Manali,"As many as 12 passengers sustained injuries when a private bus that they were travelling in veered off the road and fell into the Beas river Bhanupali, around 8 km from Manali. The bus lying on the banks on the Beas river near Manali. (Aqil Khan/HT)

The private bus was on its way from Manali to Pathankot. There were 14 occupants in the bus, including the driver and the passengers.

Know the latest trending news with HT. Read detailed articles here

Locals gathered at the spot after hearing the cries for help and emergency ambulances were pressed into service to rescue the victims.

All the injured persons were rushed to local hospitals in Manali and were discharged after being administered emergency medicare.

The accident occurred while the bus was trying to avoid ramming into another passenger vehicle, which was coming from the wrong side. Police have registered a case and are investigating the matter.",2024-07-27T04:24:00+05:30,Times of India,1
82992943fee5f85232d5a355eb1f7589,2 killed to death by speeding truck in Greater Noida,"Noida: Two people were killed and one person was left with critical injuries after a speeding truck hit them while they sleeping beside a service road in Greater Noida’s Char Murti area on Wednesday night, police said on Thursday, adding that the truck driver did not bother to stop. The injured were rushed tonearby hospitals by locals, where two of them died while undergoing treatment and one was referred to a hospital in Delhi (Representative image)

“The deceased were identified as Puran Singh, 30, a resident of Mainpuri, and Vinod Kumar, 22, a resident of Badaun. Injured Shyam Singh, 28, a resident of Hathras, is undergoing treatment at a hospital in Delhi,” said Arvind Kumar, station house officer (SHO), Bisrakh police station.

Know the latest trending news with HT. Read detailed articles here

On Wednesday around 11.30pm, when Singh along with three to four people were sleeping on cots next to the service road near Char Murti in Bisrakh, Greater Noida, a speeding truck coming on the service lane from the Iteda roundabout rammed into their cots and escaped from the spot without stopping for a moment, the officer informed.

The injured were rushed tonearby hospitals by locals, where two of them died while undergoing treatment and one was referred to a hospital in Delhi.

The deceased worked as a crane, and recovery van drivers. They often slept beside the service road after parking their vehicles nearby. Two others, sleeping at a distance, however, escaped unhurt, said officers.

“After getting information from the hospital, a case of accident under relevant sections of Bharatiya Nyay Sanhita was registered at Bisrakh police station and CCTV cameras installed on the way to the spot were scanned,” the SHO said.

Win exciting prizes daily View T&C Back Q. Which Indian city has the best quality of living? Delhi Mumbai Bengaluru Please wait a moment.

“It is suspected that the truck driver lost control over the vehicle when the accident occurred. The registration number of the truck has been identified from Delhi through one of the CCTV camera footages, and efforts are underway to nab the driver, he added.",2024-07-26T00:35:33+05:30,Times of India,1
2ec02b007256b729946b59ac70a989c5,"Panchkula: Truck hits bike near Chandimandir lightpoint, pillion rider killed","A man riding pillion on a motorcycle was killed after being hit by a truck at Chandimandir lightpoint on Tuesday. Amandeep, who was bleeding profusely, was rushed to the Civil Hospital in Panchkula’s Sector 6, where he succumbed to his injuries during treatment. (HT Photo)

The deceased was identified as Amandeep Singh, 36, of Muktsar in Punjab.

Know the latest trending news with HT. Read detailed articles here

Complainant, Saurab, 27, of Ambala Cantt, told the police that he, along with his friend, Amandeep, had come for training at a finance company in Panchkula. While returning, they stopped at the Chandimandir light point around 12.15pm. As the signal turned green and the traffic started to move, a truck came from behind and hit their motorcycle. As a result, both fell on the road even as the truck driver sped away.

Amandeep, who was bleeding profusely, was rushed to the Civil Hospital in Panchkula’s Sector 6, where he succumbed to his injuries during treatment.

A case under Sections 281 (rash driving) and 106 (death by negligence) of the Bharatiya Nyaya Sanhita was registered against the unidentified truck driver at Chandimandir police station.",2024-07-25T01:38:07+05:30,Times of India,1
a1826548f90a2f5129549d65f63f6272,"One dead, five injured in accident on Mum-Pune Highway","Navi Mumbai: A group of six youngsters from Owale Village were on their way back from a day-long pilgrimage to the Ekveera temple in Lonavala when they met with an accident at the old Mumbai-Pune highway on Monday. HT Image

The accident, which occurred around 6am, resulted in the death of the driver, Ajay Vishnu Gire, 21. The remaining passengers, Gajanan Devkar, 22, is reported to be grievously injured, whereas Nilesh Manjulkar, 19, Subash Mali, 24, Dnyaneshwar Mali, 23, and Gopal Mali, 19, escaped with minor injuries. The police said the accident occurred due to the rash and negligent driving.

Know the latest trending news with HT. Read detailed articles here

The group embarked on the journey on July 21. While coming back in the evening, they stopped at a friend’s place in Talegaon. On Monday, around 2 am, the group resumed their journey. “Initially, Gopal Mali was driving, but following a short break at Lonavala, the deceased Ajay Gire took to the steering wheel. At around 6 am at the old Mumbai-Pune highway, the driver seems to have lost control of the vehicle and toppled, resulting in the death of the driver,” said a police officer.

A case has been registered under sections 106 (1), 125(A), (B), 281, of the BNS, sections 304 (A), 279, 338, 427 of the IPC, and sections 304(A) 279, 338, and 427, 184 of the MVA.",2024-07-24T00:20:45+05:30,Times of India,1
cae664cd534697bfbea8ed3cb6e89c1a,"Six, including 18-month-old boy, killed in Assam road accident","Six people, including an 18-month-old child and three women, were killed in Assam’s Karimganj district in a head-on collision between an autorickshaw and a speeding car, thenpolice said. Six, including 18-month-old boy, killed in Assam road accident

According to Karimganj superintendent of police Partha Pratim Das, the incident took place on NH-8 near Nilam Bazar area around 12:30pm.

Know the latest trending news with HT. Read detailed articles here

“Six people, including a one-and-a-half-year-old boy, died in the collision. Two people are undergoing treatment and are critical,” Das said.

The deceased have been identified as Jaheda Begum (25), Bedana Begum (50), Ruhul Alam (30), Gulzar Hussain (30), Hasena Begum (50), other than the baby.

“Five members of the same family and the autorickshaw driver named Ruhul Alam died in the accident. The driver of the car and his co-passenger are undergoing treatment,” officials said.

Locals rushed to the spot and took the injured people to a nearby government hospital with the help of the police.

“Four of them were declared dead on arrival, while two succumbed later. The injured duo is under treatment at the Silchar Medical College and Hospital (SMCH),” the police said.

Eyewitnesses recounted the incident and said, “The car fell into a pond while the auto-rickshaw fell in a paddy field.”

Locals said accidents are a common feature in the area as there are no speed limits for vehicles. “Similar incidents have happened here in the past,” they said.",2024-07-23T16:55:39+05:30,Times of India,1
a26545fc13ba3162c4fdc69ded64743e,"Electric bus hits Metro pillar in Punjabi Bagh, 1 killed, 23 injured","A 45-year-old woman was killed and 23 people were wounded in a freak accident where the driver of an electric bus reportedly dozed off and lost control of the vehicle, swerving onto a divider and then crashing into a pillar of the Delhi Metro in west Delhi’s Punjabi Bagh early on Monday, police said. The deceased, identified as Saveeta (who used a single name) worked as a sanitation worker with the MCD and lived in northwest Delhi’s Sultanpuri. (HT Photo)

An autorickshaw, travelling behind the bus, could not brake in time and crashed into the rear of the bus, the police said, adding that the driver of the three-wheeler and its three passengers were among those wounded in the crash.

Know the latest trending news with HT. Read detailed articles here

The accident, which took place near Shivaji Park Metro station on Rohtak Road at 7.25am, led to massive traffic snarls during the morning rush hour on the busy route. Dozens of onlookers and motorists were seen trying to rescue the passengers in the bus and auto leading to a serpentine jam on the route.

Senior officials of the Delhi Integrated Multi-Modal Transit System (DIMTS), under which the e-bus was operating, said that their initial probe into the crash and analysis of the CCTV footage from the camera inside the bus suggest that the driver appeared to have dozed off while driving.

“From what we could see on the CCTV screen inside the bus, it was running in its dedicated lane. Suddenly the bus is seen drifting to the right and then crashing into the Metro pillar. Prima facie, it appears that the driver dozed off at the steering wheel and his initial statement appears to be inconsistent with the facts we have collected. We are suspending him as of now. The speed of the bus was 33km per hour at the time,” said a senior official from DIMTS.

The bus, operating on route number 939, was moving towards its destination Anand Vihar Terminal from Mangolpuri.

Win exciting prizes daily View T&C Back Q. Which Indian city has the best quality of living? Delhi Mumbai Bengaluru Please wait a moment.

Deputy commissioner of police (west) Vichitra Veer said that at 7.42am, the Punjabi Bagh police station received a call regarding the accident. After reaching the accident spot, it was found that an electric bus had crashed into Metro pillar number-146, Veer said. Due to the sudden braking, an autorickshaw also collided with the bus from behind, the DCP added.

Traffic personnel were deployed around the crash site to regulate the flow of vehicles, while the local police personnel arranged ambulances to rush the injured people to nearby hospitals.

“In the accident, 24 passengers, including the bus’s driver and conductor, were injured. Of them, 14 passengers were shifted to Maharaja Agrasen Hospital, while 10 injured passengers were taken to Acharya Bhikshu Hospital in Moti Nagar. Unfortunately, one female passenger was declared brought dead at the Agrasen Hospital. Another injured passenger, aged about 55 years, is currently in the intensive care unit (ICU) there,” added DCP Veer.

The deceased woman was identified as Saveeta (who used a single name) and worked as a sanitation worker with the Municipal Corporation of Delhi (MCD). She lived in northwest Delhi’s Sultanpuri and is survived by her daughter, a son, and four grandchildren. She was the main earning member in the family, said Saveeta’s son-in-law, Arun Kumar.

“Like every working day, she was travelling to Naraina for her morning duty. The police should take strict action against the driver, whose negligence claimed my mother-in-law,” said Kumar.

“We were returning to our home in Ghazipur from the house of our elder daughter, Jyoti, in Peeragarhi when the bus crashed into the Metro pillar. The impact of the crash was such as many of the passengers fell off their seats and suffered injuries. Passengers were screaming inside. There were more than 35 passengers in the bus at the time of the accident,” said Manju, one of the passengers in the bus.

A first information report (FIR) has been registered under the applicable section of law at the Punjabi Bagh police station, officers said. The reason for the accident will be established based on their report and mechanical inspection of the vehicle, the DCP said.

Officials from the DIMTS said that the driver’s services may soon be terminated. An official report is being prepared and sent to the transport minister.",2024-07-22T23:38:15+05:30,Times of India,1
b4310a050ab17467d8d3a02359095d84,Evening briefing: J&K Police's warning over Jaish video; Audi hits two autorickshaws in Mumbai; all latest news,"The Jammu & Kashmir Police on Monday alerted the people over the circulation of a video by terrorist group Jaish-e-Muhammad with a poster of the Bollywood movie Phantom. The police warned people against forwarding the video as it would mean an offense under section 13 and 18 of Unlawful Activities (Prevention) Act (UAPA). Taking to X(formerly Twitter), the official handle of J&K Police issued directions to the public and police officers concerning the 5 minutes 55 seconds video by Jaish. They informed that the video was released by Jaish around 2 pm today. Dig Deeper Personnel of Special Operations Group (SOG) of the Jammu and Kashmir Police (PTI)

A speeding Audi car on Monday rammed two stationary auto rickshaws in Mumbai's Mulund area, leaving four people injured, the police reported. One of the people who has sustained injuries is in a critical condition. The incident took place at around 8 AM on Dumping Road, with auto drivers and two passengers getting injured. The unidentified driver fled the scene after the incident, leaving the car behind to be impounded by the police, reported PTI. A case has been registered against the driver under sections of the Bhartiya Nyay Sanhita and an investigation has commenced, a police official said. Dig Deeper

Know the latest trending news with HT. Read detailed articles here

Latest News

SC judge during Kanwar hearing: ‘Used to visit veg hotel run by a Muslim in Kerala’

IAS officer, criticised for remarks on disability quota, reacts: ‘Will Rights Activists…’

India News

‘Hang head in shame’: TMC to MP CM Mohan Yadav after 2 women nearly buried alive in Rewa

RSS order: Mayawati accuses BJP-led Centre of appeasement

Global Matters

Afghanistan has massive opium stockpiles despite Taliban ban: UN report

'Ukraine war our priority': Russia after Joe Biden quits Presidential race

Entertainment Focus

Nag Ashwin’s Kalki 2898 AD was released on June 27 this year. The film, starring Prabhas, Deepika Padukone, Amitabh Bachchan and Kamal Haasan built on the lore of Ashwatthama and Kali Yug. In an interview with So South, production designer Nitin Zihani Choudary revealed some interesting details about the film and its sequel. Dig Deeper

Lifestyle and Health

Remember Radhika Merchant's beautiful flower dupatta she wore for her Haldi ceremony with Anant Ambani? A Delhi-based fashion and beauty influencer, Arushi Pahwa, has recreated the statement piece for under ₹2,000. Read on to know all the details. Dig Deeper",2024-07-22T18:32:03+05:30,Times of India,3
74669f862b80bcc835f34b4c08d8d87d,"Mumbai: Speeding Audi rams two autorickshaws; 4 injured, one critical","A speeding Audi car on Monday rammed two stationary auto rickshaws in Mumbai's Mulund area, leaving four people injured, the police reported. One of the people who has sustained injuries is in a critical condition. The incident took place at around 8 AM on Dumping Road, with auto-drivers and two passengers getting injured. One of the passengers is in the critical condition. (HT Photo)

The incident took place at around 8 AM on Dumping Road, with auto drivers and two passengers getting injured.

Know the latest trending news with HT. Read detailed articles here

The unidentified driver fled the scene after the incident, leaving the car behind to be impounded by the police, reported PTI. A case has been registered against the driver under sections of the Bhartiya Nyay Sanhita and an investigation has commenced, a police official said.

A case has been registered against the unidentified driver under relevant sections of the Bhartiya Nyay Sanhita, and the investigation is ongoing, a police official said.

Earlier on July 7, a luxury BMW car hit a bike-bourne couple, dragging a woman to death in Worli in Mumbai. Her husband was also injured in this accident.

Kaveri Nakhwa, a 45-year-old woman, was killed after the car dragged for several metres at around 5:30 am on Worli's arterial Anni Besant Road.

Mihir Shah, the son of Rajesh Shah, a local leader of Shiv Sena (Shinde) and accused, was arrested over the incident.

He was remanded to judicial custody for 14 days until July 30. According to the police, Mihir Shah sped off after he hit the woman and she remained on the bonnet of the car and got entangled in its wheels for a distance of more than 1.5 kilometres.

A Mumbai police official claimed that Shah was under the influence of alcohol when he allegedly hit the two-wheeler.

On July 10, yet another hit-and-run incident took place in Nashik, Maharashtra. A woman was mowed down by a speeding car and was thrown about 15-20 metres in the air after being hit by the car.

With inputs from PTI",2024-07-22T17:44:58+05:30,Times of India,1
c985290114e4bd4cfcc0c8b3515b7c8d,"Pram rolls in front of oncoming Sydney train, toddler and father killed","A pram carrying twin two-year-old girls rolled into the path of an oncoming train in Sydney on Sunday, police said, in an accident that killed one of the children and the ""heroic"" father who dashed to their rescue. Pram rolls in front of oncoming Sydney train, toddler and father killed

One of the little girls survived only ""through good luck"" after she landed between the rails when the pram fell off a platform at southern Sydney's Carlton railway station, police said.

Know the latest trending news with HT. Read detailed articles here

She was ""largely untouched"" by the train that apparently passed above her on its way to central Sydney in the early afternoon, police said.

The parents had taken a lift down to the station platform and as they exited, they took ""their hands off the pram for a very, very short period of time"", New South Wales police superintendent Paul Dunstan said.

""Whether it's a gust of wind or we're not quite sure but it appears that the pram has instantly started to roll in the direction of the train lines,"" he told a news conference.

Police and emergency services arrived within a few minutes of being alerted and were able to see the pram under the train, which had slowed on approach but was not scheduled to stop at the station.

""You could hear crying coming from underneath the train,"" the police superintendent said.

Though one of the children was unharmed, the other girl and her 40-year-old father had been killed.

The father had ""just gone into parent mode"" and tried to save his daughters, Dunstan said.

""In doing so it's cost him his life, but it's an incredibly brave and heroic act by the dad.""

The mother and her surviving daughter were taken to the local St. George Hospital, and were said to be in a stable condition.

The 39-year-old mother was ""in a state of shock and struggling with what's happened"" while being supported by family and friends in their local Indian community, Dunstan said.

New South Wales Premier Chris Minns said the local community would be pained by the accident.

""I hope over time they can gain some small solace knowing that the father died from an extraordinary, instinctive act of bravery,"" Minns said.

""In the face of a terrible, terrible accident, he gave his own life to try and save his children.""

djw/smw

This article was generated from an automated news agency feed without modifications to text.",2024-07-21T12:54:13+05:30,Times of India,1
6e2f443b899d97f3597f727cc5772b90,"Uttarakhand: 3 killed, 8 injured in landslide on Kedarnath Yatra route","Three people died and eight got injured in a landslide near Chidwasa in the Rudraprayag district of Uttarakhand on Sunday. The incident took place on the Kedarnath route. Rudraprayag: Debris lies on a road following a landslide on the Kedarnath trekking route, in Rudraprayag district, Sunday, July 21, 2024. (PTI Photo)(PTI)

Also Read: Chardham Yatra 2024: Over 7 lakh pilgrims visited Kedarnath since May 10

Know the latest trending news with HT. Read detailed articles here

A State Disaster Response Force (SDRF) team arrived and immediately evacuated those injured. The bodies of 3 people who died were handed over to the district police by the SDRF.

Also Read: Char Dham Yatra: Uttarakhand govt bans VIP darshan; curbs video shooting

People suffered injuries due to the stones and debris falling due to the landslide.

Also Read: Kedarnath Temple trust head hits back at Shankaracharya over 'gold scam' claim

Uttarakhand chief minister Pushkar Singh Dhami responded to the tragedy with a post on X. “The news of some pilgrims getting injured due to debris and heavy stones falling from the hill near the Kedarnath Yatra route is very sad,"" he wrote.

He also reassured people that rescue operations were still ongoing and that those injured would be taken care of. “Relief and rescue work is going on at the site of the accident, I am constantly in touch with the officials in this regard. I have given instructions to provide better treatment to the people injured in the accident immediately,” he added.

The devotees were heading from Gaurikund to Kedarnath Dham. Over 26 lakh pilgrims, across India and abroad registered for the ongoing Char Dham Yatra.

More than one lakh devotees reached Kedarnath since the doors of Shri Kedarnath Dham opened on May 10. So far, around 7 lakh devotees have visited Char Dham.

Earlier in the year, at least 20 people were injured after a bus carrying pilgrims from the Char Dham Yatra overturned in Rajasthan's Dausa. The pilgrims had been returning from Kedarnath to Badrinath.",2024-07-21T11:52:19+05:30,Times of India,2
0bcf1ffccbd9170f71a7fed7d833ceab,"Sand laden dumper topples on hut, kills 4 of family","Four people, including a couple and their two children, were killed when a speedy red sand laden dumper truck toppled on a hut on roadside on Ayodhya highway opposite Babu Banarasi Das University under BBD police station limits late night on Friday, said police officials on Saturday morning. The dumper driver was also injured in the incident and undergoing treatment at Ram Manohar Lohia hospital. (FOR REPRESENTATION)

The BBD police station in-charge, Ajay Narain Singh said the deceased were identified as Umesh Kumar (35), his pregnant wife Neelam Devi (32), and their two children Sunny (13) and Golu (4). He said the couple’s third child Vaishnavi (7) has only survived the incident.

Know the latest trending news with HT. Read detailed articles here

He said Umesh Kumar, who hailed from Jaitpur area of adjoining Barabanki district, used to do tiles and clay work and lived in the hut alongside the highway for the past 13 months. He said Umesh Kumar’s nephew Dharam Singh, who also stayed nearby in another hut and worked as a labourer, informed that the incident took place around 1 am and he came out rushing after hearing the thud, but could not save them.

Station in-charge Singh said the dumper driver Pankaj was also injured in the incident and undergoing treatment at Ram Manohar Lohia hospital. He said the primary investigation suggested that the dumper was overloaded following which the driver failed to control it and toppled on the hut. He said the bodies of the deceased have been sent for postmortem examination while the girl, who survived the incident, has been handed over to her relatives.",2024-07-21T00:48:07+05:30,Times of India,1
0c39ad711218c61d3b673b584b8f1c1c,Five soldiers injured as truck hits army vehicle in Jalandhar,"Five soldiers were injured when a truck hit an army vehicle from behind on the Jalandhar-Amritsar national highway on Saturday morning. Police said the accident occurred around 6 am when the army vehicle was going from Jalandhar to Amritsar. A truck driver headed for the same direction lost control of his vehicle, ramming into the army vehicle from the rear side. A policeman at the mishap site in Jalandhar on Saturday. (PTI)

The impact of the collision was such that the army vehicle was flung in the air and landed upside down a few metres away. The vehicle was completely damaged. The jawans are under medical observation at the army hospital in Jalandhar cantonment.

Know the latest trending news with HT. Read detailed articles here

Rama Mandi station house officer (SHO) Gurpreet Singh said the driver managed to flee after abandoning his truck. Police have registered a case against Shankar Kumar under Sections 281 (rash driving) and 125-A (endangering life or personal safety of others) of the Bharatiya Nyaya Sanhita.

A CCTV footage of the incident went viral on social media.",2024-07-20T21:54:00+05:30,Times of India,1
d0235c9ab45bee45ad000e0d2bab077d,10 kanwariyas injured after truck overturns in UP's Muzaffarnagar,"At least 10 kanwariyas were left injured after a truck overturned near a village in Uttar Pradesh's Muzaffarpur on Saturday morning, said police officials. The truck overturned near the Satheri village in the district after a tire of the vehicle burst, the police said. Kanwar Yatri's returning from Haridwar carrying water from the Ganga river ahead of the Shivratri Festival, at Seelampur (HT File) (Representational)

Circle Officer (crime) Ramashish Yadav said the injured were rushed to a nearby hospital. The accident took place when they were on their way to Haridwar from Agra to collect water from Ganga.

Know the latest trending news with HT. Read detailed articles here

The truck accident took place on Saturday shortly after the Kanwar Yatra began in Uttar Pradesh's Muzaffarnagar, with kanwariyas commencing their on-foot journey to seek blessing from Lord Shiva ahead of the beginning of Sawan month from July 22.

Read more: Noida traffic police charts out traffic plan for Kanwar pilgrims

Security remains tight in both Uttar Pradesh and Uttarakhand, with police personnel and barricades placed at every district border to ensure law and order situation, and a hassle-free passage for the kanwariyas.

The Uttarakhand police administration has made tight security arrangements ahead of the holy month of Sawan. At the same time, in view of the 'Kanwar Yatra', the administration has also made tight arrangements for the security of the Kanwariyas.

The Uttar Pradesh administration mandated all eateries along the Kanwar Yatra route to display their owners' names on their stalls, triggering a public outrage. However, soon after this order, the Haridwar Police Administration on Friday issued an order to restaurant owners to display names on the Kanwar Yatra route.

Read more: Yogi digs in on Kanwar order despite backlash

The Kanwar Yatra is a significant ritual during this period. People gather water from sacred rivers for this rite and place it in little mud pots known as kanwars. Devotees don saffron-coloured clothes while carrying the holy water and walk on foot to visit temples dedicated to Lord Shiva.

Devotees who are termed Kanwariyas visit places like Haridwar, Gaumukh and Gangotri in Uttarakhand, and Sultanganj in Bihar to fetch the holy water of River Ganga and then worship God with that water.

(With inputs from ANI)",2024-07-20T13:40:21+05:30,Times of India,1
de27b013ea99e64cbdc01c5abf2ec196,Video shows Bengaluru cops arguing over who will take accident victim to hospital as man lies on road bleeding,"A video on social media showing two Bengaluru policemen arguing over who should take an injured accident victim to the hospital has sparked public outrage. One official is from the Bengaluru Traffic Police, while the other is from the Law and Order Department, a report said.(X)

In the footage, a man clad in a blue kurta is seen lying on the road with severe bleeding from his ear. Two police officers are seen debating which one of them should be responsible for transporting the victim in their respective vehicles, thereby delaying urgent medical care.

Know the latest trending news with HT. Read detailed articles here

READ | 26 flights cancelled, many more delayed at Bengaluru airport following CrowdStrike outage: Report

The video, shared widely on social media, also shows an argument between the officers and the man recording the footage, who questions the delay in taking the accident victim to the hospital.

Watch the video at your discretion as it contains blood which may be disturbing to some viewers:

The policemen refused to use their Hoysala patrol vehicle to take the injured man to the hospital despite pleas from bystanders for immediate action, a News 18 report said. Eventually, local residents stepped in and transported him to a private hospital, it added.

The injured individual has identified as Rahul, a resident of Srinagar. Rahul reportedly lost control of his vehicle while navigating a road hump on his way home after visiting a friend. He is now receiving treatment at a private hospital in Sheshadripuram and is said to be on the mend.

Win exciting prizes daily View T&C Back Q. Which Indian city has the best quality of living? Delhi Mumbai Bengaluru Please wait a moment.

READ | How the skydeck project might affect plans for a second airport in south Bengaluru: Report

The incident took place around midnight on July 15, according to the report.

Following the incident, the Bengaluru North Deputy Commissioner of Police (DCP) has taken disciplinary measures against the officers involved, as reported by the publication.

“The incident occurred at midnight on July 15. It was a self-skid accident. Traffic personnel attended to it and called an ambulance. We have initiated an inquiry into the Hoysala staff and will take appropriate action. An FIR is lodged in the traffic police station, and the victim is recovering in the hospital,” a statement from the DCP’s office said, as quoted in the report.",2024-07-19T21:01:54+05:30,Times of India,1
8f8329709f40538ddbadfc17c0098467,58-year-old mowed down by bus in Bhayandar,"MUMBAI: A 58-year-old woman was mowed down by a Mira-Bhayandar municipal transport bus on Thursday evening when she was waiting for the bus along with her husband. Durga Devi Bhisht, 58.

The incident occurred around 6pm in the Bandarwadi area, when Durga Devi Bhisht, was waiting at the Bandarwadi junction with her husband when a bus mowed her down after hitting two autorickshaws. Bhisht was rushed to the civic hospital where she was declared dead on arrival.

Know the latest trending news with HT. Read detailed articles here

“We have arrested the bus driver and are in the process of registering an FIR,” said Dheeraj Koli, senior police inspector of Navghar police station.

The bus driver informed the police that he lost control of the vehicle immediately after turning the ignition key. Following the incident, residents threw stones at the bus, causing damage to its windshield and windows. Only then did the driver stop and reverse the bus, said Kohli.",2024-07-19T00:38:28+05:30,Times of India,1
92aae65ccea6b6f57883149899da3f86,"Ludhiana woman dies, daughter hurt after bus hits scooter","Strap: Speeding bus’ driver escapes after leaving vehicle behind, booked The victim was identified as Gurpreet Kaur of Mandi Mullanpur. Her daughter, Jaskaranjit Kaur, was rushed to a hospital, where her condition has been stated as stable. (HT File)

A 48-year-old woman was killed and her daughter suffered injuries after an allegedly speeding bus rammed into their scooter near Mandiani village cut. After the mishap, the bus driver managed to escape after leaving the vehicle on the spot.

Know the latest trending news with HT. Read detailed articles here

The Dakha police reached the spot and initiated an investigation. The police seized the bus and registered a first-information report (FIR) against the driver, identified as Balkaran Singh of Rajasthan’s Hanumangarh.

The victim was identified as Gurpreet Kaur of Mandi Mullanpur. Her daughter, Jaskaranjit Kaur, was rushed to a hospital, where her condition has been stated as stable.

The FIR was registered following a statement by one Sukhwinder Singh, the victim’s husband. The complainant said that he, along with his wife and daughter, went to Raqba village to pay obeisance at a gurdwara. While he was riding a bike, his wife and daughter were on a scooter.

Sukhwinder added that when they reached Mandiani cut, a speeding bus of a private company hit the scooter. As a result, his wife and daughter suffered injuries. Soon after the mishap, the driver of the bus escaped, he said.

The complainant added that he rushed his wife and daughter to a hospital. His wife succumbed to the injuries on the way to the hospital and his daughter’s condition is stable, he added.

Win exciting prizes daily View T&C Back Q. Which Indian city has the best quality of living? Delhi Mumbai Bengaluru Please wait a moment.

Assistant sub-inspector (ASI) Narinder Kumar, who is investigating the case, said that an FIR under sections 106 (1), 281 and 324 (4) of the Bharatiya Nyaya Sanhita (BNS) has been registered against the accused. A hunt is on for his arrest, he added.",2024-07-18T23:58:27+05:30,Times of India,1
061bacbd6ba572b84fb16e43ff307273,"School bus with 50 kids topples into fields, 9-year-old sustains head injuries, others minor bruises","A nine-year-old boy sustained head injuries and others escaped with bruises after a private school bus carrying 50 children ran off the single-lane road in Greater Noida’s Rabupura locality and fell onto the agricultural fields on Wednesday afternoon, senior police officers said, adding that the bus driver abandoned the children and the vehicle at the spot and fled the scene. The driver lost control of the vehicle and it ran off the single-lane road in Greater Noida’s Rabupura locality and fell into the agricultural fields on Wednesday afternoon. (HT Photo)

Multiple videos of the incident were widely shared on social media on Wednesday and they showed a school bus lying in the fields while locals worked on rescuing the children. A few children, including girls, were seen crying. HT could not independently verify the authenticity of these videos.

Know the latest trending news with HT. Read detailed articles here

Greater Noida police said all children escaped with bruises, except for a nine-year-old boy who sustained head injuries.

“The injured child is a resident of Rabupura. He sustained head injuries but is said to be out of danger,” said Sarthak Sengar, assistant commissioner of police, Greater Noida.

“On Wednesday around 12.30pm, the private school bus, carrying 50 children and a woman teacher, was heading towards Karauli Bangar village from Falaida village in Rabupura, Greater Noida, to drop children home when the left wheel of the bus ran off the single-lane road and the bus toppled onto the fields,” said Senghar.

He said due to the wet mud, the driver lost control of the bus and it toppled on to the fields on the left. “Locals who heard the loud noise and children’s cries, rushed to the spot and alerted the police,” said Senghar.

“We received information from locals and rushed to the spot and rescued the children and teacher with the help of villagers after breaking the bus windows,” said Jouhar Singh, sub-inspector, Rabupura police station.

Win exciting prizes daily View T&C Back Q. Which Indian city has the best quality of living? Delhi Mumbai Bengaluru Please wait a moment.

The injured were rushed to a nearby hospital, where the nine-year-old boy was admitted for treatment. He is stable, said police.

“Later, parents were alerted. A few children sustained bruises,” said Singh.

Subsequently, police called in a hydraulic crane and towed away the bus to Rabupura police station. No case has been registered in the matter as no complaint has been received yet, said police.

The ACP said, “We will send a notice to the school urging them to ensure that bus drivers drive slowly and carefully during the rainy season. The school must sensitise drivers to ensure the safety of children.”

On July 15, a private school bus rammed into a railing of the elevated road in Noida after its steering wheel allegedly developed a snag. There were no injuries or casualties in the incident, said police.",2024-07-17T23:13:04+05:30,Times of India,1
952dc89025f2c833d1d41a91ed95e8a2,{Phagwara} 5-yr-old boy among 2 killed in road mishap,"A man and his five-year-old nephew died when the motorcycle they were riding rammed into a stationary truck on a highway here on Wednesday, police said. A man and his five-year-old nephew died when the motorcycle they were riding rammed into a stationary truck on a highway here on Wednesday, police said. (HT File)

Two members of the same family who were travelling with them suffered injuries in the accident that took place near a food outlet on the national highway here, they said.

Know the latest trending news with HT. Read detailed articles here

The deceased were identified as Mani Rattu (35) and his nephew Vinay Rattu (5), the police said.

Rattu’s two other relatives, including a minor girl, suffered serious injuries and were admitted to a hospital here, said Lehmber Ram, senior medical officer of the local civil hospital. The victims hailed from Kariana village near Phillaur, he said.

The police said further investigation in the matter was underway.",2024-07-17T21:55:02+05:30,Times of India,1
16dfc719c9b3deb5f1b697de76d7edbe,"4 students, driver injured as school van overturns in P’kula","Four students of a private school and the driver were injured when their van hit a divider before overturning in Sector 25, Panchkula, on a rainy Wednesday morning. Four students of a private school and the driver were injured when their van hit a divider before overturning in Sector 25, Panchkula, on Wednesday morning. (HT file photo)

The accident comes nine days after 42 children were injured when an overloaded Haryana Roadways mini-bus going from Kalka to the hill areas of Pinjore block in the district overturned near Nolta village.

Know the latest trending news with HT. Read detailed articles here

Police said three of the students injured in Wednesday’s accident were admitted to a private hospital – Nityam Singh, 4, Parikshit, 4, and Hejal Madaan, 5, while one child was administered treatment at a dispensary. The injured driver, identified as Saurab, was taken to the civil hospital in Sector 6, Panchkula. The condition of all four students is stated to be stable.

There were eight children—of Bhavan Vidyalaya, Sector 15, Panchkula, in the van when the accident occurred near the police post of Sector 25, Panchkula. As per information, the van while maneuvering a turn had hit the divider and overturned. Four students escaped unhurt.

The shrieks of children filled the air as soon as the van overturned. Hearing the cries, residents rushed to help children trapped in the van. The trapped children were pulled out after breaking the window glasses.

Police are yet to record the statement of the driver. The damaged vehicle was impounded. Now, a team from the Regional Transport Authority (RTA) will inspect the vehicle for any violations. Police have already informed the RTA office.

Win exciting prizes daily View T&C Back Q. Which Indian city has the best quality of living? Delhi Mumbai Bengaluru Please wait a moment.

“No case has been registered so far as no formal complaint has come to us,” said a senior police officer.

Van hired by parents

The private van was hired by the parents for picking and dropping children from Sector 25 and Sector 26. The parents told the police that Saurab has been driving the van for the last 18 months.

The parents have told the police that the driver was using the mobile phone while driving while he had gone to pick children in Sector 25, Panchkula. The school management said they had reached out to all the parents and that the children are safe.",2024-07-17T15:27:56+05:30,Times of India,1
90ba01d4db56929f2c2a4d2e65e01f3e,"Barwala mishap: Hit by speeding tractor, 4-year-old girl succumbs to injuries","A four-year-old girl, who was hit by a speeding tractor on the old bypass Panchkula Road, Barwala on Monday evening, succumbed to her injuries hours later. A four-year-old girl, who was hit by a speeding tractor on the old bypass Panchkula Road, Barwala on Monday evening, succumbed to her injuries hours later. (Representational image)

The driver, identified as Shraba of Chandimandir’s Bunga village, had tried to flee after the mishap but was caught by passersby and handed over to the police. His medical examination revealed that he was drunk at the time of the accident.

Know the latest trending news with HT. Read detailed articles here

The victim, whose father is a painter and mother suffers from visual and hearing disability, was a resident of HMT Colony, Pinjore.

Eyewitness Ankit Mittal, who runs a shop near the accident spot, said that on Monday, around 5.30pm, he was getting an electricity meter outside his shop repaired. He said he saw the four-year-old and her mother walking home after buying vegetables. Suddenly, a tractor came in speed and hit the four-year-old, leaving her critically injured, said the eyewitness.

The child was rushed to the Civil Hospital in Sector 6, Panchkula, where she succumbed to her injuries during treatment.

A case under Sections 281 (rash driving) and 106 (causing death by rash or negligent act) of the Bharatiya Nyaya Sanhita and 185 (driving under the influence of alcohol or drugs) of the Motor Vehicle Act has been registered at the Chandimandir police station.",2024-07-17T00:37:37+05:30,Times of India,1
5db238b4642d84c0e7590d46d5195d14,"Bus carrying 51 rams into tractor on Mumbai-Pune expressway; 5 dead, 43 injured","Navi Mumbai: An accident on the Mumbai-Pune expressway claimed five lives and left 43 injured, with five in critical condition, when a bus carrying 51 people collided with a tractor and plunged into a ditch shortly after midnight on Tuesday. A bus carrying 51 people collided with a tractor and plunged into a ditch shortly after midnight on Tuesday. HT Photo/Bachchan Kumar

The bus passengers, devotees of Lord Vitthal known as Warkaris, were en route to Pandharpur for the Ashadhi Ekadashi festival. The incident occurred approximately 5.5 kilometres along the Pune-bound lane of the expressway in the Panvel area.

Know the latest trending news with HT. Read detailed articles here

According to police reports, a tractor driven by Tarvez Salauddin Ahmed, 28, from Uttar Pradesh, was travelling at high speed in the expressway's first lane when a Jayashree Travels bus, operated by Sanjay Patil, 54, approached from behind. Tractors are prohibited on the expressway.

The speeding bus driver attempted to overtake the tractor but lost control, resulting in a collision. The impact caused the tractor to skid 100 feet and split in two. The bus crashed through the left-side railing and toppled into a 10-15 foot ditch.

Ahmed and an unidentified tractor passenger were killed instantly. Three bus passengers—Gurunath Babu Patil, 70, Ramdas Narayan Mukadam, 70, and Hansabai Hari Patil—also died at the scene.

Five passengers sustained critical injuries: Baburao Dharma Bhoir, 70, Mama Pogya Bhoir, 70, Ganpat Salunkhe, 60, Sanjay Bapurao Patil, 63, and Suman Salunkhe, 60. An additional 38 passengers suffered minor injuries, while five emerged unscathed.

Win exciting prizes daily View T&C Back Q. Which Indian city has the best quality of living? Delhi Mumbai Bengaluru Please wait a moment.

Navi Mumbai Deputy Commissioner of Police (Zone II) Vivek Pansare stated, ""Five persons died in the accident, including two travelling in the tractor and three in the bus. There were 51 people in the bus from Dombivli towards Pandharpur. Forty injured passengers were sent to MGM hospital in Kamothe, and three to a government hospital. Five bus passengers escaped without any injury.""

Chief Minister Eknath Shinde visited the injured passengers at MGM hospital in Kamothe.

Authorities removed the vehicles using a crane, restoring traffic on the expressway after a three-hour delay. Various agencies, including the Highway Traffic Police, IRB Patrolling, CIDCO Fire Brigade, and local police forces, assisted at the scene.

Rajaram Patil, son of the deceased Hansabai Hari, 65, shared that villagers from Nilje, near Dombivali city, have maintained a 20-year tradition of participating in the Pandharpur pilgrimage during Wari. Preparations begin a week in advance, with the ₹1,200 cost covering food and transport—a subsidised rate for the Warkaris.

""All residents from our village go for Wari every year, and this year was no different. Although I never personally visited, my mother wouldn't heed my advice to stay back. So, like every year I ensured that she was prepared for the journey,"" said Rajaram. “But at 1:30am, I received a devastating call about the accident. When I reached the hospital, I discovered she had passed away. I am overwhelmed with sorrow and find it difficult to put into words.”",2024-07-16T17:47:39+05:30,Times of India,1
d45ded289735fbf4886bd78d8243e7c5,"Ludhiana man dies, pregnant wife injured as speeding bus hits scooter","In a tragic incident, a 30-year-old man was killed and his pregnant wife suffered injuries after a speeding bus hit a scooter near Jalandhar Bypass on Monday, officials said. Rahul Sharma, the victim (HT Photo)

Officials added that while the man died on the spot, his wife was rushed to a hospital. She suffered a fracture in her leg and other injuries.

Know the latest trending news with HT. Read detailed articles here

After the mishap, onlookers nabbed the bus driver, who was reportedly under influence of liquor. A first-information report (FIR) was registered against the accused at the Salem Tabri police station.

The victim was identified as Rahul Sharma of Haibowal. His wife Priyanka is admitted to a hospital where her condition is stated as stable.

According to the onlookers, as the couple reached Eldeco colony near Jalandhar Bypass, a speeding bus hit their scooter. The impact of the collision was such that the man died on the spot. The driver of the bus tried to escape by leaving the vehicle behind but the pedestrians nabbed him. He was later handed over to the police.

The victim’s mother, Kanta, said the duo was going to the bank to fetch a passbook at the time of the incident. Minutes after they left the house, she received the information about the incident.

The victim has a three-year-old daughter and Priyanka was pregnant with their second child.

Win exciting prizes daily View T&C Back Q. Which Indian city has the best quality of living? Delhi Mumbai Bengaluru Please wait a moment.

Out on an errand, 18-year-old killed in hit-and-run

Ludhiana In yet another incident, an 18-year-old girl was killed in a hit-and run as an unidentified vehicle hit her near Dhandhari, officials said. They added that the girl was crossing the road at the time of the incident.

The victim was identified as Rinku of Dhandhari. She was going to get a block of ice for her home and was crossing the road when an unidentified vehicle hit her.

The Kanganwal police initiated an investigation after reaching the spot. The police registered a first-information report (FIR) against the unidentified driver of the vehicle.",2024-07-15T22:48:36+05:30,Times of India,1
628c865fcc9c2227d7e0dd0b30a460f2,"6 killed, 6 injured as truck collides with bus on Ahmedabad-Vadodara Expressway","Six people were killed and at least six others were injured after a truck collided with a stationary private luxury bus on the Ahmedabad-Vadodara Expressway near Anand town in Gujarat early Monday morning, police said. The deceased, yet to be identified, include three women and three men.

The accident occurred around 4.30am near Chikhodra village when the bus heading to Ahmedabad had stopped due to a tire burst.

Know the latest trending news with HT. Read detailed articles here

An official from Anand Rural police station said that the passengers had exited the bus while the tire was being changed. Some were standing in front of the vehicle when the truck hit the rear of the bus.

Five individuals, including the bus driver, were pronounced dead on the spot, while another died at a nearby hospital. The deceased, yet to be identified, include three women and three men.

The injured have been taken to a local hospital for treatment.",2024-07-15T15:24:33+05:30,Times of India,1
8d2c7da5895e7e8a776ba320fa944a9b,Road crash in Haryana leaves three dead,"Three friends were killed when their car rammed into a tree in Gagan Kheri village here, police said on Sunday. HT Image

Pawan alias Pony, Nishu and Jaideep, who were aged around 25, were returning home after buying new clothes for a wedding when the accident took place on Saturday evening, police said.

Know the latest trending news with HT. Read detailed articles here

The three were pulled out of the car by passersby and rushed to Hansi Civil Hospital where doctors declared them dead, police said.

The bodies were handed over to their families after postmortem on Sunday.",2024-07-15T00:05:21+05:30,Times of India,1
de3f2dcfbfec771f0072bf0e5f717f1e,Five-year-old girl crushed to death by school bus in Gkp dist,"A five-year-old girl died after she came under the wheels of her school bus in Gorakhpur district’s Campierganj, police said. The incident took place on Thursday evening when she was getting off the bus. (For representation)

She was a class 1 student at RS International School in Daulatpur and daughter of one Akhilesh Yadav from Rasu Khor area. Superintendent of police Jitendra Kumar confirmed that 20 students were on the bus when the incident took place, and a search was underway for the bus driver.

Know the latest trending news with HT. Read detailed articles here

Officials said the driver was negligent as he didn’t wait for the girl to alight completely and started moving. As a result, the girl lost her balance and fell. Though other students in the bus sounded an alarm, the driver did not pay attention and ran over the girl.

After the incident, bystanders rushed to the spot, but the driver escaped, leaving other children in the bus, the police added. Abdur Rahman",2024-07-14T00:28:03+05:30,Times of India,1
e268abd11afe5cde8553200d9b227161,"Mumbai's potholes claim another life, Virar teacher falls off scooter, dies","A 57-year-old teacher died on Thursday after falling off her two-wheeler while riding through a pothole-ridden patch at Jakat Naka in Virar West. 57-year-old Virar teacher falls off scooter due to potholes, dies

The police said the accident occurred on Thursday morning when the woman was on her way to the school where she worked. She succumbed to her injuries late on Thursday. The victim, identified as Teressa Lopez, was a resident of the Agashi neighbourhood in Virar West.

Know the latest trending news with HT. Read detailed articles here

According to witness John Parera, as soon as Lopez reached the foot of the bridge connecting Virar East and Virar West, her Activa scooter hit a pothole, causing her to lose balance and fall off the two-wheeler.

Lopez, who was not wearing a helmet, hit her head on the road, due to which she suffered severe head injuries, said Parera. Some passersby, mostly commuters and shopkeepers, rushed Lopez to the civic-run Bolinj General Hospital in Virar. They also informed the Arnala Sagri police station about the incident. The police then reached the spot and conducted a panchnama. They have registered an accidental death report for now.

“The entire stretch is filled with potholes, and someone or the other keeps losing their life at this junction time and again,” said Parera, who is also the Palghar district head of the Aam Aadmi Party. “The road contractor is responsible for these deaths, and yet he is never booked by the police.” The police said they would investigate if the road contractor’s negligence caused the accident.

This wasn’t the first pothole-related death in the Mira-Bhayander, Vasai-Virar region due to potholes and bad condition of roads. In August 2023, a 27-year-old woman riding pillion on a two-wheeler fell on the road after it hit a pothole at Bapane. She sustained severe head injuries and was admitted to a nearby private hospital, where she died a week later. A case of accidental death was registered by the Naigaon police. Following investigations, the police booked the road contractor for causing death due to negligence.

Win exciting prizes daily View T&C Back Q. Which Indian city has the best quality of living? Delhi Mumbai Bengaluru Please wait a moment.

In April 2024, a 64-year-old woman riding pillion fell from the bike and hit her head on the road after the vehicle hit a pothole. The woman sustained grievous injuries to her head and was declared dead. The police had registered a case of accidental death.

This was also not the first fatal accident at the Jakat Naka junction. In April, a speeding water tanker hit a motorcycle, killing 35-year-old woman, who was riding pillion, on the spot. The Arnala police had arrested the tanker’s driver.",2024-07-13T00:45:46+05:30,Times of India,1
993c693f2b0febdaddb8c6a78adae4dc,"Uttar Pradesh: 2 killed, 16 injured as double-decker sleeper bus collides with truck in Hathras","At least two people were killed and 16 other injured after a double-decker sleeper bus collided with a truck near Toli village of Thana Sikandrarao in Uttar Pradesh's Hathras on Thursday morning, district magistrate Ashish Kumar said. The incident took place near Toli village of Thana Sikandrarao in Uttar Pradesh's Hathras on Thursday morning, (ANI)

Chief minister Yogi Adityanath took cognizance of the Hathras incident and directed the officials to ensure proper treatment for injured, an official statement from the Chief Minister's Office (CMO) said.

Know the latest trending news with HT. Read detailed articles here

The bus rammed into a truck parked on the roadside due to the negligence of the bus driver which claimed two lives, leaving around 16 injured, said Ashish Kumar.

Upon receiving the information, Hathras Superintendent of Police (SP) Nipun Aggarwal along with the police officials rushed to the spot and carried out a rescue operation.

The injured were admitted to a hospital. Yogi Adityanath has expressed grief over the loss of lives. He has directed the officials to accelerate the rescue task of the injured, the statement from the CMO mentioned.

The incident comes a day after a similar accident took place in Uttar Pradesh's Unnao in which 18 people were killed and 19 injured when a double-decker sleeper bus headed for Delhi hit a milk tanker on the Agra-Lucknow Expressway. The accident occurred around 5am near Jojikot village in Behta Mujhawar police station area.

District magistrate Gaurang Rathi said it appeared that the bus, which was coming from Motihari in Bihar, was speeding and hit the milk tanker from behind. A probe has been launched into the matter, he said.

Rathi said 20 passengers who sustained minor injuries were sent to Delhi in another bus, which was carrying 60 people.

Additional director general of police, Lucknow, SB Shiradkar told news agency PTI that 14 men, three women and a child were killed in the accident.

Bangarmau Circle Officer (CO) Arvind Kumar said due to the collision, both the bus and milk tanker overturned. Drivers of the two vehicles were among the dead. He said the injured were rushed to a hospital and their condition was stated to be stable.

Glass shards and people's belongings lay scattered on the highway next to the overturned bus and milk tanker. Cranes were used to put the two vehicles back on their wheels and they were later towed away.

The impact of the collision left the front portion of the bus badly mangled with one side ripped open.

Police had earlier said 14 bodies had been identified. However, they later said that only 10 had been identified so far.

Another injured, Chandni, said there were around 60 passengers in the bus and officials reached the accident spot an hour after the incident.

She thanked the local administration for facilitating a video call with her husband.

Uttar Pradesh chief minister Yogi Adityanath said officials have been instructed to ensure the best treatment for the injured.

Prime Minister Narendra Modi announced an ex gratia of ₹2 lakh for the families of the deceased.",2024-07-11T10:24:53+05:30,Times of India,1
4e1dc7a37ba6e5f0feb08ff74158c4a3,"Man killed, parents hurt after vehicle hits 3-wheeler near Iffco Chowk","Gurugram: A 26-year-old man was killed and his parents were severely injured after the auto rickshaw in which they were travelling was hit by a speeding heavy vehicle near Iffco Chowk, police said on Wednesday. Investigators identified the deceased as Mukhtar Ansari while the injured people were his father Nasir Ansari, 50, and mother Kamrun, 48. The family have been living at Sirhaul in Sector-17 for the last two decades. (Representational Image.)

They identified the deceased as Mukhtar Ansari while the injured people were his father Nasir Ansari, 50, and mother Kamrun, 48. The family have been living at Sirhaul in Sector-17 for the last two decades.

Know the latest trending news with HT. Read detailed articles here

The accident took place at about 5am on Saturday, they said.

According to the police, a commuter took the trio to the Civil Hospital in Sector-10 without waiting for the police. Doctors, however, referred Mukhtar to Delhi’s Safdarjung Hospital where he succumbed to his injuries on Tuesday.

Gurugram Police public relations officer, Sandeep Kumar, said that it was Mukhtar who was driving the auto rickshaw. “They had started from their house in Sector 17 and were near the U-turn flyover over the National Highway 48 to reach Khandsa, when a heavy vehicle hit the auto rickshaw from behind leaving the trio badly injured,” he said.

Kumar added that a few commuters informed the police control room after which an emergency response vehicle reached the spot but by then another person had already helped them and taken them to hospital.

“Mukhtar had sustained severe head injuries. Investigators suspected that a heavy vehicle might have hit them judging from the tyre marks at the spot,” he said adding that they were scanning CCTV camera footage to trace the vehicle.

Win exciting prizes daily View T&C Back Q. Which Indian city has the best quality of living? Delhi Mumbai Bengaluru Please wait a moment.

Based on the injured father’s complaint, an FIR was registered against an unidentified driver under sections 106 (causing death by negligence), 125(a) (causing hurt by act endangering life or personal safety of others) and 281 (rash driving or riding on public way) of the Bharatiya Nyaya Sanhita (BNS) at Sector 18 police station on Tuesday night.",2024-07-10T23:18:29+05:30,Times of India,1
737911807e5d37759cb08bec1fd1b230,‘Negligence of BJP govt’: Akhilesh Yadav on Agar-Lucknow Expressway accident,"Samajwadi Party president Akhilesh Yadav on Wednesday said that the Bharatiya Janata Party-led government in Uttar Pradesh was responsible for the death of 18 people in the accident on the Agra-Lucknow Expressway. Mangled remains of a bus being towed after an accident, in Unnao district. (PTI)

Yadav questioned the safety measures on the expressway and said the incident should be investigated.

Know the latest trending news with HT. Read detailed articles here

Officials reported that 18 people died and 19 were injured early Wednesday when a double-decker sleeper bus collided with a milk tanker on the Agra-Lucknow Expressway in Unnao district. The bus was travelling to Delhi from Motihari in Bihar.

He said in a post on X, “The reason for the death of 18 people in the accident on Lucknow-Agra Expressway is the negligence of the BJP government. It is a matter of investigation that despite there being a dedicated parking zone on the expressway, why was a vehicle parked in the middle of the road? How did the monitoring of the parked vehicle go wrong despite the presence of CCTV cameras? Were the CCTV cameras not working?”

“Where was the highway police, was regular patrolling not being done? How long did the Highway Ambulance Service take to arrive after the accident and what was its role in relation to the casualties?”

“Crores of rupees are spent every day on the expressway. Instead of being spent on the management and administration of the expressway, is that money going somewhere else? The BJP government should answer these questions systematically,” he further questioned.

Also read | Akhilesh backs govt teachers opposing online attendance

The Agra-Lucknow Expressway was built when Yadav was the chief minister during the Samajwadi Party's rule, PTI reported.

Contrary to Yadav's claim that the accident was caused by a parked vehicle, Unnao District Magistrate Gaurang Rathi said it appeared that the bus was speeding and hit the milk tanker from behind, causing the deaths of 18 people.

Bahujan Samaj Party (BSP) chief Mayawati expressed her condolences for the loss of lives in the accident. “My heartfelt condolences. Measures must be taken to prevent such accidents and save lives,” she said on X in Hindi.",2024-07-10T16:10:26+05:30,Times of India,1
6c03a3da07cc0b1cf37ed1c75f124f31,"UP: 18 killed, 19 injured as bus from Bihar to Delhi rams into milk tanker on Lucknow-Agra Expressway in Unnao","At least 18 people died, and 19 were injured as a sleeper bus rammed into a milk tanker on the Lucknow-Agra expressway in Uttar Pradesh's Unnao district on Wednesday morning. UP: 18 killed, 17 injured as bus from Bihar to Delhi rams into milk tanker on Lucknow-Agra Expressway in Unnao(Haidar Naqvi )

The incident took place near Gadha village when the bus travelling from Bihar to Delhi collided with the tanker while attempting to overtake. The impact of the collision caused the bus to overturn.

Know the latest trending news with HT. Read detailed articles here

According to officials, the bus was carrying mostly migrant workers.

All the injured persons have been rushed to nearby hospitals for treatment. Out of the 19 people, three are said to be in a critical condition.

The authorities have identified two deceased victims - Rajnish Kumar (26) and Mohd Shamim (28), both hailing from Bihar. The process of identification of other victims is underway.

The local authorities have launched a rescue operation. The Unnao administration has also issued helpline numbers - (0515-2970767, 9651432703, 9454417447, 8887713617, 8081211289).

Meanwhile, Prime Minister Narendra Modi condoled the loss of lives in the incident and announced an ex-gratia of ₹two lakh from PMNRF for the next of kin of each deceased and ₹50,000 to the injured.

“The road accident in Unnao, Uttar Pradesh is extremely painful. My condolences to those who have lost their loved ones in this. May God give them strength in this difficult time. Along with this, I wish for the speedy recovery of the injured. Under the supervision of the state government, the local administration is engaged in helping the victims in every possible way,” he wrote on X.

Congress leader Mallikarjun Kharge also condoled the loss of lives in the incident and wished for a speedy recovery of the injured people. He also appealed to all the workers of the INDIA bloc parties to provide all possible help to the victims.

“The news of the death of 18 people in a tragic road accident on the Lucknow-Agra Expressway in Unnao, UP is very sad. We express our deepest condolences to the bereaved families of the victims. We wish for the speedy recovery of all those injured in the accident. The administration is requested not to leave any stone unturned in helping the victims,” Kharge wrote on X.

In another incident earlier this year, eight people were killed and over 20 others were injured when a speeding truck collided head-on with a bus, ripping through one of its sides, in Unnao in April. The accident took place near Jamaldipur village on Hardoi-Unnao Road in Safipur. The injured were admitted to the Unnao district hospital and LLR Hospital in Kanpur.

According to the police, the bus was carrying 35 passengers, eight of whom were killed and 20 others got injured in the accident.

While the bus driver fled after the accident, the truck driver was arrested.

Meanwhile, in another incident, at least 40 people, including several school children, were injured after a bus in which they were travelling overturned in Haryana's Panchkula district on Monday morning. The incident took place near Naulata village of Pinjore town. According to the police, the accident was caused due to overspeeding by the bus driver. Along with this, since the bus was filled beyond its capacity with passengers, overloading and poor road conditions have also been attributed as additional reasons for the accident.",2024-07-10T07:55:16+05:30,Times of India,1
0921c9f8c5c856f29448a283b0772bab,Three charred to death in Kurukshetra accident,"Three people died, while one was seriously injured when their car caught fire after allegedly hitting a truck near Pehowa town of Kurukshetra district, police said on Tuesday. Officials said that the accident occurred on Monday night when as Gaurav, 20, and Aditya, 21, both residents of Rothak and Nitesh, 18, of Sonepat died. (iStock)

Officials said that the accident occurred on Monday night when as Gaurav, 20, and Aditya, 21, both residents of Rothak and Nitesh, 18, of Sonepat died, while Ashish, of Jhajjar received injuries and is undergoing treatment at a private hospital.

Know the latest trending news with HT. Read detailed articles here

Their friend Vinod Kumar, who was following them in their own vehicle, said that they all were travelling to Mussoorie district in Uttrakhand and the accident took place near Sandholi village on NH-152D.

Kumar told the police the truck bearing Dausa, Rajasthan registration number applied breaks in between the road and Gaurav, who was driving the car, hit the truck from behind and it caught fire.

Police said that the truck driver fled the spot, leaving behind his truck and a case was registered against him under Sections 125 (A), 281 and 106 of the BNS at Pehowa police station.",2024-07-10T01:32:32+05:30,Times of India,1
515dfb6284cdd3216144ecb361d8d1e2,"Three of family killed, as many injured in car crash in Kishtwar","Three members of a family were killed and three others injured when their car veered off the road and plunged into a gorge in Dachhan area of Kishtwar district on Tuesday. The injured are undergoing treatment at the Kishtwar district hospital. (File)

Dachhan SHO inspector Nazir Ahmed said, “The accident took place near Hori Nallah in Dachhan in which three members of a family were killed and three others injured.”

Know the latest trending news with HT. Read detailed articles here

The accident occurred around 5.45 pm when their Maruti Suzuki Alto car on way from Srinagar to Dachhan, skidded off the road and plunged into a deep gorge near Hori nallah.

The deceased were identified as Fatima Begum, Madiha Wani, and five-month-old Altmash Wani, all residents of Sounder in Dachhan.

The injured, Iflal Wani, his two daughters Khatija Banoo and Radia Banoo, are undergoing treatment at the Kishtwar district hospital.

The car was being driven by Iflal Wani and police have taken cognizance and initiated a probe.",2024-07-10T00:17:29+05:30,Times of India,1
92816dd511ad125dddb510a06f03dac4,"Mumbai BMW hit-and-run: Woman dragged for 1.5 km by Mihir Shah, then… | What police reveal chilling details","Mumbai BMW hit-and-run case updates: In the Mumbai BMW hit-and-run case, victim Kaveri Nakhwa was run over by accused Rajrishi Bidawat just before Bandra-Worli Sea Link after being dragged there by main accused Mihir Shah as the two fled, the police investigation has found, news agency PTI reported. Mihir Shah's father and Palghar Shiv Sena leader Rajesh Shah took active part in ensuring his son's escape.

An official told PTI that Mihir Shah's father and Palghar Shiv Sena leader Rajesh Shah took active part in ensuring his son's escape and also had plans to tow away the offending vehicle.

Know the latest trending news with HT. Read detailed articles here

Mihir Shah (24), who is currently absconding, was allegedly driving the BMW luxury car which fatally knocked down Kaveri Nakhwa (45) and injured her husband Pradeep while the couple was on their two-wheeler in Mumbai’s Worli area Sunday morning, police said. Rajrishi Bidawat, who has been arrested, was the other occupant in the BMW car.

Also Read | Mumbai BMW hit-and-run: CCTV footage shows absconding Mihir Shah; look out circular issued | Top updates

Mumbai BMW hit-and-run case: What investigation found

CCTV camera footage produced by Mumbai Police in court during on Monday showed Kaveri Nakhwa being dragged by the BMW car for 1.5 kilometres.

Footage showed Mihir Shah and Rajrishi Bidawat pulling the woman off the bonnet, placing her on the road and then mowing her down again while reversing the luxury vehicle.

After she was dragged from Worli, Mihir Shah and Rajrishi Bidawat stopped the car just before BWSL and removed the woman who had got entangled in the vehicle's tyre.

Rajrishi Bidawat then took the driver's seat and ran the car over the victim while reversing. They then fled, an official said.

""They sped towards Kala Nagar where the vehicle's engine stalled. Mihir Shah then called his father Rajesh Shah from Rajrishi Bidawat's phone and told him about the accident as well as the car stalling. Rajesh Shah arrived at the spot in a Mercedes, spoke to Mihir Shah and asked him to escape. Later, Rajesh Shah planned to tow the BMW from there,"" PTI quoted the unnamed official as saying.

However, since Kaveri Nakhwa's husband Pradip and an eyewitness had alerted police, a patrolling team reached Kalanagar and apprehended Rajesh and Bidawat, the official said.

Meanwhile, Mumbai police formed 11 teams and also roped in the Crime Branch to nab Mihir Shah.

A Look Out Circular (LOC) has also been put out against him, the official said.

(With inputs from PTI)",2024-07-09T07:42:05+05:30,Times of India,1
f7f777f5ba1b35232b0f76fea3c725c5,"Rajasthan: State roadways bus rams into trailer, 3 members of a family killed","Three members of a family from Delhi were killed, while 11 other sustained critical injuries after a Rajasthan Roadways bus rammed into a trailer in the wee hours of the day in Jaipur. The damaged bus and trailer after the accident on Monday in Shahpura, Rajasthan. (HT Photo)

The accident took place early in the morning around 4am on Monday on the Delhi-Jaipur national highway in Shahpura police station limits.

Know the latest trending news with HT. Read detailed articles here

The bus, which was carrying passengers from Delhi to Jaipur, rammed into the cement-laden trailer when the bus driver was trying to overtake. Police rushed to the spot and organised a crane to pull out the bus from the trailer.

All injured were rushed to the Shahpura hospital where 11 were referred to the Sawai Man Singh hospital in Jaipur. Around 20 passengers were injured in total.

The deceased were identified as Vijay Agrawal (40), his wife Teena Agrawal (35) and their 16-year-old son.

The kin of the deceased have been informed about the accident.",2024-07-08T10:37:02+05:30,Times of India,1
78ec4a8b66484f8498e7c5bf90e5b25d,"Mumbai BMW crash: Mihir Shah still at large; father, companion arrested | Top updates","Hours after a speeding BMW mowed down a woman in Mumbai's Worli, the police have arrested the second person who was in the car during the accident. The alleged driver Mihir Shah, is still at large. Worli hit and run case BMW car standing at premises of worli police station and police official inspecting car at parking stand of worli police station, at Worli, in Mumbai, India, on Sunday, July 07, 2024. (Photo by Bhushan Koyande/HT Photo)

A woman died on Sunday morning in Mumbai's Worli area when her two-wheeler was hit by a BMW, according to the police. The car was allegedly being driven by Mihir Shah, the son of a leader from CM Eknath Shinde's Shiv Sena.

Know the latest trending news with HT. Read detailed articles here

ALSO READ- BMW accident in Mumbai: Who is Mihir Shah, Shiv Sena leader's absconding son?

Today's Poll 1k Participants 1k Participants Will Mumbai BMW crash victims get justice? Yes No Can't say Submit Sorry! The Poll is now unavailable.

Mumbai BMW accident updates

• Mihir Shah remains at large, and six police teams have been deployed to locate him, according to the Worli Police.

• Worli Police recovered and confiscated the BMW car from the Bandra area of Mumbai.

• Preliminary investigation indicates Mihir Shah was driving the car at the time of the incident.

• According to the investigation, Shah and Bidawat were returning home from a long drive at Marine Drive.

• The police are yet to determine if the driver was drunk and plan to conduct medical tests and collect blood samples.

ALSO READ- Pune Porsche case: Teen walks out as HC ends custody in hit-and-run case

• A case has been registered based on the victim's husband Pradeep Nakhawa's statement under various sections of the BNS and the Motor Vehicle Act, including Sections 105, 281, 125(b), 238, 324(4), 184, 134(a), 134(b), and 187.

• Maharashtra chief minister Eknath Shinde said that the law will be applied equally in the accident involving a BMW car in which a woman was killed.

• Shiv Sena (UBT) leader and local MLA Aaditya Thackeray said he would not address the ""political leanings"" of Shah but hoped ""there will be no political refuge by the regime"".

ALSO READ- The Pune between the Porsche and Pulsar

How BMW killed woman in Worli

Kaveri Nakhwa, 45, was riding with her husband Pradip on Annie Besant Road when the driver of the luxury car lost control around 5:30 am, according to Worli police.

Kaveri fell onto the road and was declared dead when brought to hospital. Her husband was discharged after treatment.",2024-07-07T22:59:26+05:30,Times of India,1
b739046347f65f4db5a7719e07f82553,"Woman killed, 1 hurt after being run over by tractor","A woman died and a motorcyclist from whom she had possibly taken lift was injured after being run over by a tractor carrying construction and demolition waste at Rajiv Nagar in Sector 12 on the evening of July 1, police reported on Saturday, adding that the driver was trying to overtake the motorcycle. Efforts to identify the deceased woman are ongoing. The motorcyclist fled the scene with her belongings. (File Photo)

According to police, the incident took place at about 8.30pm on July 1. The identity of the deceased woman was yet to be ascertained as the motorcyclist panicked after the incident and fled from the spot, a senior police officer aware of the matter added.

Know the latest trending news with HT. Read detailed articles here

“The tractor driver had tried to overtake them. The motorcyclist lost control and tumbled. While the motorcyclist fell towards the footpath sustaining minor injuries, the woman fell onto the road and was run over by the tractor’s trolley, resulting in her death,” he said.

Efforts to identify the deceased woman are ongoing. The motorcyclist fled the scene with her belongings, including a bag and mobile phone handed to him by locals who assumed he was her relative.

Station house officer of Sector 14 police station, inspector Anil Kumar, said that the 38-year-old tractor driver Pappu Kumar was arrested on Saturday.

“He hails from Alwar, Rajasthan and was living at Sheetla Colony, Sector 5 in Gurugram. The tractor was seized from the spot soon after the accident,” he said.

Win exciting prizes daily View T&C Back Q. Which Indian city has the best quality of living? Delhi Mumbai Bengaluru Please wait a moment.

Kumar mentioned that they are examining CCTV footage to trace the motorcyclist and ascertain the woman’s identity. The footage revealed the faces of both the woman and the motorcyclist but did not capture the motorcycle’s registration number. “The woman had probably taken a lift from him to reach somewhere,” the SHO said, adding that even the eye witnesses did not note the motorcycle’s registration number.

An FIR was lodged against the tractor driver at the Sector 14 police station on Friday based on a complaint by an eyewitness, Mahesh Das. The charges include sections 106 (causing death by negligence) and 281 (rash driving or riding on public way) of the Bharatiya Nyaya Sanhita.",2024-07-06T23:55:38+05:30,Times of India,1
7964b4a43df84e40748308e2f355b158,48-yr-old motorcyclist run over by truck in Noida road crash,"A 48-year-old motorcyclist was killed after being run over by a truck in Noida’s Sector 8 on Friday afternoon, said senior police officers, adding that the errant vehicle that hit the man fled the scene without stopping to help the man. The ITMS [intelligent traffic management system] cameras have captured the incident wherein the truck can be seen hitting the bike, efforts are being made to find the unidentified errant truck driver. (Representative image)

According to Amit Kumar Bhadana, station house officer, Phase-1 police station, a passerby called up the police helpline around 3pm to report the incident that occurred on an intersection in Sector 8, which is locally known as Jaypee Outlet exit.

Know the latest trending news with HT. Read detailed articles here

“When police reached the spot, the man was found dead, and his bike damaged. The biker was identified as Sarvesh Singh, who hailed from Mau district and resided in Sorkha village of Noida. His documents showed that he worked at an iron bar shop in Block D, Sector 8,” the officer said.

“According to eyewitnesses, the biker was turning towards the main road when the truck hit him from behind, ran him over, fled the spot,” the SHO said, adding that the biker was wearing a helmet and got killed as the truck ran over him.

The ITMS [intelligent traffic management system] cameras have captured the incident wherein the truck can be seen hitting the bike.

Efforts are being made to find the unidentified errant truck driver, he informed.

Win exciting prizes daily View T&C Back Q. Which Indian city has the best quality of living? Delhi Mumbai Bengaluru Please wait a moment.

“Police sent the body to the mortuary. The family members of the deceased are being contacted and once they submit a written complaint, an FIR will be registered after an autopsy,” the SHO said.",2024-07-05T23:54:22+05:30,Times of India,1
e320176f93fccd55810836c7559efe75,Pune Porsche accident: Teen driver submits road safety essay as part of bail conditions,"The 17-year-old driver involved in a crash that claimed the lives of two software engineers in Pune on May 19, submitted a 300-word essay on road safety on Wednesday to the Juvenile Justice Board fulfilling part of his bail conditions. The minor, three months short of his 18th birthday, had been driving his father’s unregistered Porsche while under the influence of alcohol when he knocked down. (PTI)

In the hand-written essay the boy speaks of the intense fear that drove him to try and escape the scene of the accident, said sources in the Juvenile Justice Board who have read the piece. “He wrote that fear prompted him to escape before he was apprehended by passers-by instead of going to the police straightway and informing them of the accident.”

Know the latest trending news with HT. Read detailed articles here

The minor, three months short of his 18th birthday, had been driving his father’s unregistered Porsche while under the influence of alcohol when he knocked down.

a man and a woman who were on a bike at Kalyaninagar. He was granted bail by the Juvenile Justice Board within hours of the accident on seemingly lenient conditions that included him writing an essay on road safety and pledging to spend 15 days with the traffic police observing different traffic rules. These conditions lead to a public outcry and suspicion that the teenager had been treated leniently on account of his social cachet and political connections.

Porsche crash: Father, grandfather of Pune teen granted bail in kidnapping case

The essay, which shies from mentioning his victims, reportedly urges readers to approach the nearest police station in the event of an accident, and cautions that failure to do so could lead to further complications. The teen also emphasised the importance of offering assistance to accident victims.

Win exciting prizes daily View T&C Back Q. Which Indian city has the best quality of living? Delhi Mumbai Bengaluru Please wait a moment.

Following the initial outcry, the JJB briefly remanded the teen to an observation home on May 22. However, on June 25, the High Court ruled this detention illegal, stressing the importance of adhering to juvenile justice laws.

Sources note that while the essay touches on general road safety principles, it lacks specific details about the accident or its victims. “The essay is very generic, making it difficult to gauge the juvenile’s emotional state,” source in the Juvenile Justice Board commented.

The teenager’s father and grandfather are still in jail for manipulating the blood samples of the juvenile. On Wednesday, neither his lawyer Prashant Patil, nor JJB member Laxman Dhanawade were available for comment. Deputy Commissioner of Police Rohidas Pawar confirmed that the police are prepared to comply with the court order regarding the teen’s traffic monitoring duty, though they have yet to be approached by him.",2024-07-05T23:21:21+05:30,Times of India,1
59f3896b57901b6c2eeecf7488f6b593,Major mishap averted in Pimpri-Chinchwad; locals rescue 70 students from school bus,"As many as seventy students travelling in a school bus had a close shave after the vehicle veered off road towards Indrayani River at Dabhade Sarkar Chowk in Pimpri Chinchwad at 3.45 pm on Thursday. However, alert citizens rushed to the rescue of the students trapped inside the school and evacuated them to safety. (REPRESENTATIVE PIC)

According to the local police, the driver at the wheels lost control of the school bus belonging to Lokseva English Medium School and Junior College. However, alert citizens rushed to the rescue of the students trapped inside the school and evacuated them to safety.

Know the latest trending news with HT. Read detailed articles here

The bus veered off and landed onto one of the iron railings of the bridge over Indrayani River and almost hung off the bridge structure.

Localites Tushar Dabhade, Sushil Nigde, Vishnu Tapkir, Sanket Tapkir, Sagar Dabhade, Suraj Dabhade, Omkar Bhujbal, Sunil Gawde broke the windows of the school bus and took out the students.

Traffic jams were reported on the Alandi-Markal route after the accident.

Pimpri-Chinchwad police said that due to the timely alertness of the locals, a major accident was averted.

The bus was removed with the help of a crane and an investigation has been ordered into the accident, the police stated in a statement.",2024-07-04T23:21:07+05:30,Times of India,1
73ff7c896dbfb905cb4f38e749679f22,Hathras stampede: UP to compensate devotees from three other states too,"Devotees killed in the accident in Hathras on Tuesday include those from Uttar Pradesh as well as three other states. These include devotees from Madhya Pradesh, Haryana and Rajasthan. The state government will provide financial assistance to the families of all the deceased, a government spokesperson said. UP CM Yogi Adityanath meeting people injured in the Hathras incident in hospital . (CM’s office X handle)

Among those from Uttar Pradesh who died in the stampede incident, 22 are from Hathras, while 17 from Agra, 15 from Aligarh, 10 from Etah, eight each from Kasganj and Mathura, six from Badaun, five each from Shahjahanpur and Bulandshahr, two each from Auraiya and Sambhal, while one devotee each has died from Lalitpur, Firozabad, Gautam Buddha Nagar, Pilibhit, Lakhimpur Kheri and Unnao.

Know the latest trending news with HT. Read detailed articles here

In the list of the dead released by the district administration, six deceased are from other states. These include one devotee from Gwalior in Madhya Pradesh, one from Palwal in Haryana and three from Faridabad, while one devotee was from Deeg in Rajasthan.

Overall, 6 deaths from outside UP and 106 from Uttar Pradesh have been confirmed. Out of a total of 121 people killed, 112 have been identified so far. Of the dead, 113 are women, six children (5 boys and 1 girl) and 2 men.

Control room/helpline numbers 05722-227041, 42, 43, 45 have also been issued by the administration.",2024-07-03T22:25:32+05:30,Times of India,2
d702e27d5e23484893eb5b17426091e4,Five killed in road mishap on Pune Solapur highway,"Five person were killed, and one was seriously injured after a speeding car they were travelling in plunged into a roadside drainage pit as the driver lost control amid rains. As per police information, a group of six people from NarayanKhed in Telangana were travelling to Hyderabad when they met with an accident. (HT PHOTO)

The accident occurred on Pune-Solapur highway at around 3 pm near Dalaj No 2 village in Indapur tehsil. As per police information, a group of six people from NarayanKhed in Telangana were travelling to Hyderabad when they met with an accident.

Know the latest trending news with HT. Read detailed articles here

As per eyewitnesses, the speeding car toppled at least three to four times after the driver lost control of the vehicle. Sudarshan Rathod, sub-divisional police officer (Baramati Division) said, “As of now it is difficult to say the exact reason behind the accident. But the driver lost control and the car overturned and went into a trench along the roadside before hitting a pillar.’’

A team of highway traffic police and local police rushed to the spot and shifted an injured person to the Government hospital in Bhigwan. His condition is serious, and he was further referred to a private hospital.

Police said that the process to contact the parents of the deceased is underway and after a detailed investigation case will be filed.",2024-07-02T23:59:04+05:30,Times of India,1
2eea07ff79ffc71d287d122f484b85e4,"Warning board on Karnataka highway spills laughs on the internet. ‘Wrongly translated,’ say users","An emergency sign board installed on a highway near Karnataka’s Kodagu has caught the attention of the internet. The sign board's true translation from Kannada to English left everyone in splits. Warning board on Karnataka highway spills laughs on the internet

Also Read - Dash camera saves car owner from road rage incident in Bengaluru, police responds. VIDEO

Know the latest trending news with HT. Read detailed articles here

An X handle called ‘Kodagu connects’ shared an image of a signboard where it was written, “Urgent make an accident.” While people are wondering why there is an irrelevant signboard on the road, it is loosely translated from the Kannada sentence which was written above. In Kannada it is written, “Avasarave Apaghatakke Karana” which means “Over speeding is the reason for accidents.”

However, the ‘Urgent makes an accident” mistranslation left the internet divided. While some people questioned the effort of the government in translating sign boards in English, others took it on a lighter note. A user said, “One comma after urgent and the meaning will completely change.”

Another user funnily said, “Better tag insurance agents. They will get it fixed fast.”

Win exciting prizes daily View T&C Back Q. Which Indian city has the best quality of living? Delhi Mumbai Bengaluru Please wait a moment.

A user compared it with countries like France and Germany and said that the translation to English is better than in many European countries. “Still better than ridiculous boards I have seen in France and Germany. Kindly don’t judge people by their language knowledge,” said a user named Sharath.J.Bhushi Prajakeeya",2024-07-02T15:31:23+05:30,Times of India,3
0a4c64a4c9975e111229f770ea6f1ea3,"24-year-old dies, friend injured after truck hits their scooter in Ludhiana","A 24-year-old man died while his friend suffered injuries after an over-speeding truck hit their scooter near Lajpat Nagar of Basti Jodhewal on Saturday evening. The victim was riding pillion on a scooter while his friend was driving. The driver managed to escape from the spot leaving the vehicle there. The passersby gave him a chase, but he fled. (iStock)

The driver managed to escape from the spot leaving the vehicle there. The passersby gave him a chase, but he fled.

Know the latest trending news with HT. Read detailed articles here

The victim has been identified as Vasu Kumar, 24, of New Amar Nagar. The Jodhewal police have lodged an FIR on the statements of Vasu’s father, Manoj Kumar.

In his statements to police, Kumar stated that his son worked in a private firm. On Saturday evening, his son left the house with his friend Rahul Pal on his scooter stating that they were going towards Shivpuri for some tasks and would return in a few minutes. As they reached near Lajpat Nagar, a speeding truck hit their scooter. Both Rahul and Vasu fell on the road. The truck mowed down Vasu, while Rahul suffered minor injuries.

The eyewitnesses said that after the mishap, they stopped the truck and caught hold of the driver. The driver identified himself as Gurjant Singh, who escaped by taking advantage of the crowd leaving his truck on the road.

The passersby alerted the police and informed the families. Head constable Gurpreet Singh, who is investigating the case, an FIR under sections 279 (rash driving) and 304 A (causing death by negligence) of the IPC has been registered against the accused driver. The police have confiscated the truck and are trying to trace the accused.",2024-07-01T00:32:36+05:30,Times of India,1
bfa0d2c4fd537dcfece471ab604ccfcb,"7 killed, 3 injured as two vehicles collide on Samruddhi Expressway near Jalna","Nagpur: At least seven people were killed and three suffered serious injuries in a collision between two vehicles on the Nagpur-Mumbai Expressway, also known as the Samruddhi Expressway near Maharashtra’s Jalna district, late Friday night, police said. The injured were shifted to the government-run district hospital in Jalna, where three persons are reported to be in critical condition (Twitter Photo)

According to the Jalna Police, the accident involved a multi-utility vehicle (MUV) travelling from Nagpur to Mumbai and a car heading in the opposite direction. The incident took place around 11:30pm on Friday near Kadvanchi village.

Know the latest trending news with HT. Read detailed articles here

Police said that while six people were killed on the spot, another person succumbed to injuries at a hospital later.

Local villagers and police responded swiftly to rescue those trapped in the wreckage. The police patrol team that reached the accident spot reported that the speeding Swift Dzire came in from the wrong direction and collided with the MUV, leading to the fatal crash.

According to the police, there were ten occupants in both vehicles. The injured were shifted to the government-run district hospital in Jalna, where three persons are reported to be in critical condition, said police.

Dr Umesh Jadhav, a medical officer at the district hospital in Jalna said that six bodies were brought to the hospital for post-mortem.

“Three injured persons are being treated here, while one critically injured person who was shifted to the Government Medical College and Hospital (GMCH) in Chhatrapati Sambhajinagar (Aurangabad) district died later,” he added.

The deceased were identified as Faizal S. Mansuri, Faiyaz Mansuri, and A L Mansuri, all residents of Malad in Mumbai and Laxman Misal, Sandip Budhwant, and Vilas Kayande, all residents of Buldhana. One of the dead persons is yet to be identified, said police.

Friday night’s mishap is not the first accident. Several major accidents have taken place in the past on one of India’s longest highways.

In July last year, 25 people, including three children, were killed and eight others were injured after a private sleeper coach bus they were travelling in caught fire on the Nagpur-Mumbai Expressway near Buldhana.

Around 160 people have so far been killed on the Expressway in accidents since its first phase from Nagpur to Shirdi was inaugurated in December 2022 by Prime Minister Narendra Modi.

The Samruddhi Highway, a six-lane expressway spanning 701 km, connects Mumbai and Nagpur. The first phase was inaugurated on December 11, 2022, by Prime Minister Modi in Nagpur, connecting Nagpur to the temple town of Shirdi in Ahmednagar district, covering a distance of 520 km.",2024-06-29T16:16:09+05:30,Times of India,1
adc5ca13f2e1311bfd62287b3fde6fe5,Class 8 student crushed to death by trailer in Palghar,"PALGHAR: A 14-year-old student was crushed by a speeding trailer in Palghar district when he was on his way to school on Friday. The deceased, Nikhil Kaluram Girhane, is a class 8 student of Gramin Shramik Sikshan Vibhag High School at Lalonde village. Nikhil Kaluram Girhane.

The incident occurred at around 10.30am when Girhane, along with other students, was walking to the school located at Nagzari Naka, which is a few kilometres away from his residence in Chari village.

Know the latest trending news with HT. Read detailed articles here

Sonali Dandekar, a Class 10 student who was also walking with Nikhil, was injured in the accident. She suffered injuries to her shoulder and eye and is being treated in a private hospital, said a police officer.

The eyewitness told the police that the accident occurred as the trailer overtook a pickup tempo which was moving towards Boisar and, in the process, hit the children.

According to the police, there are three Ready Mix Concrete (RMC) plants adjacent to the accident site. Spills from the vehicles carrying RMC to the plants have resulted in the accumulation of mud and dirt on the road.

The mud on the road forces pedestrians to walk on the road instead of the roadside. The students were walking on the dry portion of the road and, that could be the reason behind the accident, said police inspector Satish Shivkar.

After hitting the children, the trailer driver fled, but a few locals apprehended him and handed him to the police. A case has been registered with the Manor Police. District Collector Govind Bodke visited the accident spot and instructed the concerned persons to clean the road to prevent any further accidents.",2024-06-29T00:29:49+05:30,Times of India,1
f11b966ab26d10be477a7c41fade6270,53-year-old traffic cop run over by dumper,"Navi Mumbai: A 53-year-old traffic constable was killed by a speeding dumper in Panvel on Friday morning. The incident occurred when Arun Shamrao Karle travelled to Panvel City on his two-wheeler with his wife, Anita Arun Karle, 52. Karle’s wife also sustained serious injuries. Arun Shamrao Karle, 53.

A case has been registered with Khandeshwar police against dumper driver Ravi Prakash Chaudhary, 24.

Know the latest trending news with HT. Read detailed articles here

As per the first information report (FIR), the duo was returning home when crossing the Temode village beneath the Mumbai-Pune expressway when the dumper rammed into his bike. “Following the accident, the driver of the dumper, along with the help of the locals took the deceased and his wife to the hospital. While undergoing treatment, the traffic constable succumbed to his injury,” said Bankar.

Karle, a former serviceman, had just a year to retire from the police service. “Post his retirement from the rank of Major in the army, Karle enrolled with the police force in March 2012. He had completed 12 years of service and was going to retire next year,” said Haribhau Bankar, Kalamboli traffic in-charge.

The accused has been booked under sections 304 (A) (Causing death by negligence), 279 (rash driving), 337 (Causing hurt by act endangering life or personal safety of others) of the Indian Penal Code along with sections 106 (1) and (2), 289, 125(A), 125 (b), 324 (4) (5) under the Bharatiya Nyaya Sanhita.

Karle has two sons. The elder son is married, and the younger one works in a private firm.",2024-06-29T00:23:49+05:30,Times of India,1
d38364349ce75c4e2ae8aebabe3054a4,"15 killed as van rams into truck in Karnataka, police suspect driver dozed off","Fifteen people, including three members of a family, were killed and two were injured after a van they were travelling in collided with a truck in Haveri district of Karnataka early on Friday, police officials said. The van was ferrying 17 people when the accident occurred.

While police suspect that the driver of the van, which was travelling at high speed, dozed off at the wheel, a detailed probe is underway, the officials said. The truck driver has also been taken into custody, they added.

According to Haveri superintendent of police (SP) Anshu Kumar, the van was ferrying 17 people when it collided with the truck, which was parked on the side of National Highway 4, near Gundenahalli Cross in Byadagi Taluk, at around 3.30am.

“The vehicle was travelling at high speed and rammed into the rear of a parked truck. The victims were visiting pilgrimage sites in Maharashtra and Karnataka. The 23-year-old driver, Aadarsh, was among those killed in the accident,” Kumar said.

“A preliminary probe suggested that the Aadarsh was driving continuously for more than 13 hours and must have fallen asleep at the wheel. The vehicle was also running at high speed, leading to the accident,” he added.

While 13 people died on the spot, two succumbed to injuries at Haveri Government Hospital. Police said the bodies were stuck in the mangled remains of the van and the fire brigade and police personnel had a difficult time in extricating them.

A case was later registered against the truck driver, who was later taken into custody, for parking his vehicle on the highway against rules. “We have filed a case against him,” Kumar said.

According to the SP, 24-year-old Arpita, who was injured in the accident, said the driver had not slept for more than 24 hours. “This must have led to the accident,” he said.

Aadarsh’s cousin brother, Sumanth, said the former had purchased the van a fortnight ago. “His father Nagesh and mother Vishalaakshi, an Anganwadi worker, had recently bought the van after taking a bank loan. The family had embarked on a pilgrimage along with friends and relatives. All three members of the family died in the accident,” he said.

President Droupadi Murmu offered her condolences to the deceased’s families. “It is saddening to learn of the death of several pilgrims, including women and children, in a bus accident in Karnataka’s Haveri district. I offer my condolences to the families of the victims and pray for the speedy recovery of the injured,” her office posted on X.

Karnataka chief minister Siddaramaiah announced a compensation of ₹2 lakh each to the kin of the deceased. “A compensation of ₹2 lakh each will be given by the government to the kin of those who died in the horrific accident in Haveri today. I pray that the souls of the deceased may rest in peace and my God bless their families with strength to bear the pain,” he wrote on the micro-blogging site.

Union minister Pralhad Joshi, MP Basavaraj Bommai, and BJP state president MP Vijayendra also expressed their condolences to the bereaved families.",2024-06-29T00:10:52+05:30,Times of India,1
416e3fe46e576328d9a342064ccac131,13 killed after vehicle rams into stationary truck in Pune-Bengaluru highway,"Thirteen people, including two children, were killed while four others got injured after their vehicle rammed into a stationary truck on the Pune-Bengaluru National Highway No. 4 in Karnataka’s Haveri district. They were returning home after visiting several pilgrimage sites in Maharashtra and Karnataka. (Representative file photo)

Haveri superintendent of police (SP), Anshukumar said that all the deceased and injured were residents of Badravati taluk in Shivamogga district.

Know the latest trending news with HT. Read detailed articles here

They were returning home after visiting several pilgrimage sites in Maharashtra and Karnataka.

“The mishap occurred near Gundenahalli cross in Byadagi taluk at around 3:30am. The vehicle rammed into a parked truck at high speed, completely smashing it,” the officer said.

Also Read:Panchkula: 67-year-old man out for walk killed in hit-and-run mishap

The police have identified the deceased as Parushram, 45; Bhagya, 40; Nagesh, 50; Vishalaakshi, 50; Subhadrabayi, 65; Punya, 50; Manjulabayi, 57; Aadarsh, 23 (the driver); Manasa, 24; Roopa, 49; Manjula, 50; and two children aged 4 and 6. The injured have been admitted to the government hospital in Haveri.

The family of Nagesh and Vishalaakshi had recently purchased a new Tempo Traveller (TT) passenger carrier vehicle for their son Aadarsh. They had performed a pooja at the Mayakkadevi temple in Chincholli, Kalaburagi district, on Monday and later visited the Tulaja Bhavani temple in Maharashtra.

On Thursday, after visiting the Yallamma temple in Savadatti taluk, Belagavi, they were on their way back home.

Nagesh, a farmer, and his wife Vishalaakshi, an Anganwadi worker, had borrowed a loan from a bank to buy the vehicle for their son Aadarsh. Tragically, all three died in the accident.

The Byadagi police have registered a complaint against the truck driver for parking the vehicle on the highway.

“Since parking large vehicles on the road is an offence, we have also booked a case against the truck driver,” SP Anshukumar said.",2024-06-28T13:22:37+05:30,Times of India,1
9aacc75c32ddf3e85f02560cfaf56117,Kidnap attempt in Chandigarh falls flat as accused’s bike crashes on road,"A kidnapper’s notorious plans fell flat after he met with an accident while trying to escape with a seven-year-old girl whom he had lured on the pretext of buying her a box of sweets in Kaimbwala village on Tuesday evening. The accused, Rohit, a native of Uttar Pradesh, has been living in Chandigarh for the past few days and faces multiple cases. (HT Photos)

Police have arrested the accused, identified as Rohit, 35, a taxi driver, residing in Dadumajra.

As per information, some children were playing near a temple in Kaimbwala when the accused approached the seven-year-old and offered to buy her sweets. Falling for the trick, the girl agreed to go with him on his bike. As they reached the Tata Project area near Khuda Alisher on PGI Road, the bike’s wheels got entangled in a barbed wire on the way, causing the two-wheeler to crash. Both fell on the road and sustained injuries following which the minor started crying.

Seeing the girl crying, the man panicked and fled the spot.

The girl managed to reach home and narrated the incident to her family members, following which they lodged a complaint at the Sector-3 police station.

The case was registered under Section 363 (kidnapping) of the Indian Penal Code (IPC) and Section 8 of the Protection of Children from Sexual Offences (POCSO) Act. Closed-circuit television (CCTV) camera footage from Lala Wala Peer was obtained and circulated among the village youth, leading to the identification of the suspect, who was eventually traced to Dadu Majra Colony and arrested on Wednesday morning.

Accused, a repeat offender

As per the police, Rohit, a native of Uttar Pradesh, has been living in Chandigarh for the last four-five days. His parents reside in Abohar of Punjab. He works as a taxi driver and faces multiple cases. He is also facing court cases filed by seven to eight women, with whom he was reportedly in a relationship. Additionally, a theft case was registered against him at the Zirakpur police station.",2024-06-27T01:35:05+05:30,Times of India,3
cff0e155f634cbd65b32c99d04ab82b5,12-year-old injured as school bus hits flyover railing,"MUMBAI: A 12-year-old boy along with two other students sustained injuries after the school bus they were travelling in met with an accident on JJ Flyover on Wednesday morning. According to Pydhonie police, the driver lost control while overtaking another vehicle and crashed into bridge railing. The injured boys received treatment at JJ Hospital and were discharged shortly thereafter. HT Image

The incident occurred as the school bus, collecting students from Byculla and Agripada, was en route to Anjuman-E-Islam Allana English School on DB Marg. The bus driver, Lalukumar Santu, 24, lost control while overtaking on the 2.4-km flyover, which starts from JJ Hospital and proceeds towards CSMT and is known for its sharp, accident-prone curves.

Know the latest trending news with HT. Read detailed articles here

The cleaner of the vehicle was also injured and taken to JJ Hospital. He was later discharged. The driver faces charges under IPC sections 279, 337, and 338 for rash and dangerous driving, and under Motor Vehicle Act sections 183 and 184 for speeding and reckless driving.

“The driver was speeding, which caused him to lose control of bus. We issued him a 41 A CrPC notice to appear before the agency and allowed him to go,” a police officer said.",2024-06-27T00:42:07+05:30,Times of India,1
8c41a40d277f51739cfb019128627775,Kerala train passenger dies after upper berth seat allegedly 'falls' on him,"In a bizarre accident, a 60-year-old male passenger from Kerala died of injuries, after an upper berth allegedly ‘fell’ on him due to improper chaining by a fellow passenger, news agency PTI reported. The Railways clarified that the upper berth seat fell due to improper placement of chain. (Representative image)(AFP File Photo)

The victim Ali Khan CK was travelling to Agra with his friend in the sleeper coach of Ernakulam-Hazrat Nizamuddin Millennium Superfast Express with train number 12645, the Government Railway Police (GRP) said on Wednesday.

Know the latest trending news with HT. Read detailed articles here

The incident happened on June 16 when the train was passing through Telangana's Warangal district. Khan suffered neck injuries and was initially taken to a hospital in Ramagundam. Later, he was shifted to a hospital in Hyderabad where he died while undergoing treatment.

A case has been registered in relation to the accident.

In a post on social media platform X, the Congress in Kerala blamed the accident to condition of railways under the Narendra Modi government.

The Railway Ministry spokesperson clarified in a post on X that the claim of seat crashing on the passenger is misleading.

It added that the seat was checked at the Nizamuddin station and was not in a damaged condition. Hence ""the upper berth seat fell due to improper placement of chain of the upper berth,"" the post clarified.

“Railway staff on other hand after getting message at around 18:34 hrs (15.6.2024) at Ramagundam station. on-duty station master, immediately arranged for assistance by 108 Ambulance and made unscheduled stoppage of the train at Ramagundam. The passenger was shifted from the coach to the ambulance and admitted in the nearby hospital,” the post added.

(With PTI inputs)",2024-06-26T17:52:23+05:30,Times of India,3
287ba705299cb97fa814e466348a1882,"Pune Porsche accident: HC orders release of accused teen, to be in custody of aunt","Pune Porsche accident: The Bombay high court on Tuesday ordered the release of the accused juvenile from the observation home. Porsche crash incident has raised concerns among youngsters in Pune, creating an atmosphere of shock and caution, especially among those who frequent pubs and bars to exercise caution on roads. (HT FILE)(HT_PRINT)

A Porsche, allegedly driven by a 17-year-old boy under the influence of alcohol, fatally struck two motorbike-riding software engineers in Kalyani Nagar, Pune, in the early hours of May 19.

Know the latest trending news with HT. Read detailed articles here

""We allow the petition and order his release. The Child in Conflict with Law (CCL) shall be in the care and custody of the petitioner (paternal aunt),"" the court stated.

The bench said that the Juvenile Justice Board's (JJB) remand orders were illegal and issued without proper jurisdiction.

Teen was drunk: Police

The teenager, son of real estate developer Vishal Agarwal, was initially granted bail by the Juvenile Justice Board (JJB) with a condition to write a 300-word essay. This decision sparked significant public outrage. Subsequently, the police requested a review, and the JJB remanded the boy to an observation home. Authorities are working to have the minor tried as an adult.

ALSO READ- Pune Porsche crash: How doctors ‘changed’ teen driver's blood sample | Sequence of events

Police got CCTV footage showing the teenager drinking at a pub before the accident. Police commissioner Amitesh Kumar confirmed the footage, stating the boy was fully aware of his actions. Additionally, the police arrested his father, Vishal Agarwal, for “exposing a child to danger”, and the owners and employees of two bars for serving alcohol to a minor.

ALSO READ- Pune Porsche accident: Teen's mother requested driver to take blame for crash

‘Teen’s age needs to be considered': Bombay HC

Amid the immediate reaction to the accident and the public outcry, the court said, ""The CCL's age was not considered. The CCL is under 18 years old. His age needs to be considered,"" the bench added.

""CCLs are to be considered differently,"" Bombay HC said.

The court said that the accused is already undergoing rehabilitation, which is the primary objective, and that he is currently under the care of a psychologist, a practice that will be continued.

ALSO READ- Pune Porsche horror: Teen driver spent ₹48,000 in 90 minutes at first pub, says police commissioner

The order was passed in a plea filed by the 17-year-old boy's paternal aunt, who claimed he was illegally detained and sought his immediate release.",2024-06-25T15:05:11+05:30,Times of India,1
a5874d1954f406ee49eb40190461067b,11-year-old boy from Punjab dies after toy train overturns at Chandigarh mall,"Shahbaz Singh, an 11-year-old boy from Punjab’s Shaheed Bhagat Singh Nagar district, died when a compartment of the toy train he was riding overturned at Elante Mall in Chandigarh on Saturday, police said. Shahbaz Singh, an 11-year-old boy from Punjab’s Shaheed Bhagat Singh Nagar district, died when a compartment of the toy train he was riding overturned at Elante Mall in Chandigarh on Saturday. (HT file photo)

In his statement to the police, Jatinder Pal Singh, the boy’s uncle, said Shahbaz was seated in the third and last compartment of the toy train when it suddenly overturned in the plaza area, trapping him underneath. The boy suffered severe head injuries and was rushed to the Government Medical College and Hospital in Sector 32, where he died during treatment.

Know the latest trending news with HT. Read detailed articles here

A toddler and a four-year-old boy were also playing in the compartment when the accident occurred. The compartment did not have any grills, which led to the victim falling out and getting trapped under the compartment.

Earlier in the evening, the family had travelled from Siana village in SBS Nagar (formerly Nawanshahr district) to spend the weekend at the mall, Jatinder Pal Singh said, adding that he was accompanied by his wife, sister-in-law and nephew Shahbaz. The family had bought tickets for the toy train ride at 9.15pm in the mall’s plaza area.

The complainant alleged that the incident occurred due to the negligence of toy train driver Sourav, a resident of Sector 26.

Win exciting prizes daily View T&C Back Q. Which Indian city has the best quality of living? Delhi Mumbai Bengaluru Please wait a moment.

The toy train that has three compartments. Shahbaz was riding the third coach.

Personnel from the Industrial Area police station arrived at the hospital and after initial investigation confirmed the family’s account and identified potential negligence on the part of the toy train driver and the management of Pixy Land Company, which operates the amusement area.

A case was registered under Section 304A (causing death by negligence) of the Indian Penal Code (IPC).

The complaint implicates both the driver, Sourav, and the management of Pixi Land and Elante Mall for failing to ensure the safety of the amusement ride.

The driver was arrested on Sunday and later bailed out.

A spokesperson for Nexus Elante Mall said: “We were informed about the unfortunate incident involving one of the service providers working on our premises on the night of June 22, 2024. Our emergency response team rushed the victim to a hospital who succumbed to his injuries and the local police station was informed immediately. We are fully cooperating with the local authorities in this regard and deeply sympathise with the family.”",2024-06-24T14:52:58+05:30,Times of India,1
f86e7ee01fa1f981e6941d346d8ec9f1,Family alleges negligence after PMPML bus mows down 21-yr-old,"The police filed a first information report (FIR) on Saturday after a 21-year-old man died after coming under the wheels of a Pune Mahanagar Parivahan Mahamandal Ltd (PMPML) bus at the Mahatma Gandhi Bus Stand in Pulgate on June 13. The incident took place at around 9.30 pm when the deceased, identified as Yash Vishnu Kasbekar, came under the wheels of the public transport utility bus when its driver was reversing the vehicle. (Getty Images/iStockphoto)

According to the police, the family of the deceased was in a state of shock to file the police complaint after a week.

Know the latest trending news with HT. Read detailed articles here

The incident took place at around 9.30 pm when the deceased, identified as Yash Vishnu Kasbekar, came under the wheels of the public transport utility bus when its driver was reversing the vehicle.

According to the family members, Yash was under the wheels of the bus for thirty minutes as no one came forward to rescue him. The driver of AC electric bus (MH-12 TV3814), identified as Swapnil Kaluram Jagtap, 32, of Purandar has been booked for rash and negligent driving.

“The victim remained under the wheels of the bus as the driver did not move the vehicle,” an eyewitness told the police, adding that even PMPML staff and security guards were missing at the bus stand.

“The PMPML administration is responsible for the death of our son. Strict action should be taken against PMPML drivers, management and security guards,” said Poornima Bhosale, a relative of the deceased.",2024-06-23T23:10:41+05:30,Times of India,1
4df2c678b667a65762a9ec06247a8033,Driver Killed as truck hits auto in Mankhurd,"MUMBAI: A 22-year-old autorickshaw driver was killed in an accident when a truck crashed into his three-wheeler near the Vashi check post in Mankhurd. The incident occurred as the truck driver, heading towards Navi Mumbai at high speed, lost control. Following the accident, the driver fled the scene but was later apprehended by the Mankhurd police for rash and negligent driving. The deceased has been identified as Laxman Kumar Yadav. HT Image

According to the police, the complainant, Ajay Yadav, 30, is the brother of the deceased. Ajay, who lives in Vile Parle with his family and three brothers—Vinod, Gautam, and the deceased Laxman—said they all drive auto rickshaws.

Know the latest trending news with HT. Read detailed articles here

“My younger brother Laxman is married. As our elder brother Vinod had gone to our native place in Bihar, Laxman was driving his auto-rickshaw,” said Ajay. The incident came to light around 6 p.m. on Thursday when a friend, Vinod Shah, informed him that Laxman had met with an accident and a truck had hit his auto rickshaw.

Ajay called Laxman’s mobile, and a passerby who answered informed him that Laxman had been taken to Rajawadi Hospital. Ajay and Gautam rushed to the hospital, where they learned that Laxman had been declared dead before admission.

The Mankhurd police were informed about the incident and visited the scene. The truck driver fled immediately after the accident. Based on the truck’s registration number, the police managed to arrest the driver, Vishnu Mane, and his assistant, Ananda Homane. The vehicle was also seized.

“Truck driver Vishnu Mane, 42, was arrested under section 304A for causing death due to rash and negligent driving. He was driving without paying attention to the road conditions and crashed his truck into the rickshaw from behind, causing the death of the driver,” said a police officer.",2024-06-22T01:08:00+05:30,Times of India,1
f6b536c0a07c4c23a4778a9c4100c940,Himachal: 4 killed in HRTC bus accident in Shimla’s Jubbal sub division,"Four people, including the driver and the conductor of a Himachal Pradesh Road Transport Corporation (HRTC) bus, died when it met with an accident in Jubbal sub division of Shimla district on Friday. The Himachal Pradesh Road Transport Corporation (HRTC) bus that met with an accident in Jubbal sub division of Shimla district on Friday. (X)

“The accident took place at 6.45am after the bus overturned on the road. In all, there were five passengers besides the driver and the conductor. Three injured have been admitted to the civil hospital in Rohru,” Rohan Chand Thakur, the HRTC managing director, said.

Know the latest trending news with HT. Read detailed articles here

The bus was going from Kuddu to Giltari village in Jubbal when it veered off the road and overturned near Chaurien village.

The driver, Karam Dass, and conductor Rakesh Kumar died on the spot. The other two deceased were identified as Birma Devi and Dhan Shah from Nepal.

Three others, Jiyender Rangta, Deepika Thakur and Hast Bahadur, were critically injured and hospitalised in Rohru.

The driver and conductor of the HRTC bus were among the four people killed in the mishap near Chaurien village of Jubbal sub division on Friday morning. (X)

Deputy commissioner Anupam Kashyap rushed to the spot and directed the civil administration to disburse ex-gratia relief to the next of kin of the deceased.

Jubbal sub divisional magistrate Ranjeet Sanhkyan als reached the spot to supervise the rescue.

Win exciting prizes daily View T&C Back Q. Which Indian city has the best quality of living? Delhi Mumbai Bengaluru Please wait a moment.

State education minister Rohit Thakur, who represents the Jubbal-Kotkhai constituency in the assembly, expressed grief over the accident.",2024-06-21T12:02:43+05:30,Times of India,1
0a51340b6663efe37ad254673255998a,42-year-old pedestrian killed after being struck by speeding rickshaw in Malad West,"MUMBAI: A 42-year-old pedestrian was killed after an autorickshaw hit him at high speed in Malad West on Wednesday night. The accident occurred at 9pm near Mith Chowki junction when the man, identified as Wasim Ansari, was walking home after meeting his relatives. HT Image

The Malwani police officers said that the impact of the crash was so strong that the man was flung several feet into the air before hitting his head on the pavement.

Know the latest trending news with HT. Read detailed articles here

After the accident, the passersby intercepted the autorickshaw driver who was trying to flee and forced him to take Ansari to the hospital.

Ansari’s elder brother Tanveer, a tailor, said that he had received a phone call from the Malwani police informing him about the accident. “We immediately rushed to the Shatabdi Hospital where I saw an auto with blood on the back seat. I took a photo and went to enquire about my brother,” said Tanveer.

“When I asked about the rickshaw, the doctors told me that the driver had dropped off Ansari and fled,” added Tanveer. After the doctors declared Ansari dead, Tanveer approached the police and based on his complaint a case was registered against the unknown auto driver under sections 304A (causing death due to negligence) and 279 (rash driving) of the Indian Penal Code and section 184 (speeding) of the Motor Vehicles Act.

“We have seized the rickshaw and are trying to trace the accused,” said a police officer from Malwani police station.",2024-06-21T00:27:36+05:30,Times of India,1
bf4d9ef325a33a91bde694ac5ef062aa,Italy: Indian labourer Satnam Singh with severed arm dies after being left on road; embassy reacts,"An Indian farm labourer working in Italy's Latina died on Wednesday after being left by the road following an accident that severed his arm, a minister said, condemning an ""act of barbarity"". Satnam Singh was injured on Monday while working on a farm in Latina, a rural area south of Rome that is home to tens of thousands of Indian migrant workers, news agency AFP reported. Latina is a rural area south of Rome where thousands of Indian migrant workers are living. (File/AFP)

""The Indian agricultural worker who suffered a serious accident in the countryside of Latina and was abandoned in very serious conditions... has died,"" labour minister Marina Calderone told Parliament.

Know the latest trending news with HT. Read detailed articles here

The Indian embassy in Italy said it was working with local authorities and trying to reach the family to offer consular help.

Read Here: 68 Indian pilgrims among 600 people to die during Hajj in Saudi Arabia

The Flai CGIL trade union said Satnam Singh's arm was cut off while he was working on a farm. Instead of receiving help, he was left by the road near his house.

Latina is a rural area south of Rome where thousands of Indian migrant workers are living.

“The Embassy is aware of the very unfortunate demise of an Indian national in Latina, Italy. We are in contact with local authorities. Efforts are underway to contact the family and provide consular assistance,"" the Indian embassy said, in a statement, on X.

The Flai CGIL trade union news agency ANI that instead of getting help from his employer, “Satnam Singh was dumped like a bag of rubbish near his home.”

Marina Calderone said authorities were investigating and hoped those responsible would be punished.

AFP reported that Satnam Singh was working without proper legal papers. Police told the news agency that they were alerted by Singh's wife and friends, and an air ambulance was dispatched.

The centre-left Democratic Party condemned the treatment of Singh in a region known for worker exploitation, calling it a ""defeat for civilization"".

“As a Democratic Party, we are close to Satnam Singh’s wife and all his loved ones, aware that the deep pain of separation is associated with the dramatic awareness of the double violence that occurred. The violence of the conditions in which Singh was forced to work, certainly not suitable to protect him from the risk of accidents. The atrocious violence of those who preferred to try to hide their responsibilities in providing aid to this young worker, inevitably compromising his chances of survival. Singh's death, for which we claim truth and justice, will be an additional sprout for us, not only to fight with determination against corporal cancer, but also to demand a collective effort without a pause to counter the agromafia of the Latina province,” the party said on Facebook.",2024-06-20T09:08:20+05:30,Times of India,1
dccd401a58fc4f7195ee23596c6c8ca3,Kanchanjunga Express accident: Critical safety and tech issues that need to be addressed,"The recent accident of a freight train rear-ending the Kanchanjunga Express and the consequent fatalities have brought to light — once again — the vulnerability to unsafe events in the Indian Railways (IR). While IR is in the mode to run more and more trains and expand the network, the emphasis on safety (and other customer-facing attributes like cleanliness and hygiene, punctuality, and convenience) needs greater attention. Let us examine the various issues that this accident, and in fact a series of accidents/malfunctions and possibly many more near misses of the recent past bring out.

1. Signal and equipment failures: Signal failure is a key issue that set the context for the Kanchanjunga Express accident. IR needs to examine why all signal failures have to occur. What is required in terms of both maintenance and technology upgradation? So also, the issue of failures in track and rolling stock. Another recent accident was when the wheel of a locomotive simply broke.

2. Operations and maintenance protocols consequent to a (signal-based) disruption: While IR is known for its manuals and procedures, it appears that these are not keeping pace with newer technologies, or the training to observe the protocols is not up to standard. In the context of the recent accident, it is frightening that we have received different viewpoints from key functionaries. The first response was that the freight train loco pilot passed the signal at danger. Subsequently, there was a view that given the signal failure, the loco pilot was allowed to pass signals at danger, with a paper order. This view further said that he would have to stop at every red signal and then proceed at a low speed, while he was actually at a much higher speed causing a serious accident. Another view was that the paper order indicated that the track was clear until the next station so he could go at a higher speed. We hope that the inquiry to be conducted by the Commissioner of Railway Safety will throw a better light on this. However, it seems that the issue of differing protocols needs to be resolved. This issue also takes us back to the horrific railway accident at Bahanaga Bazar in Odisha in June 2023.

3. Urgency of top management to provide conclusions: This has been very disturbing, especially with fingers being pointed at the loco pilot, who unfortunately is no more with us to defend himself. However, the assistant loco pilot is alive though injured. Hopefully, he will be in a position to throw some light on what actually happened.

More importantly, unnecessary narratives are created when they are not required. One can wait until the picture is clearer with more information.

A loco pilot was once blamed for an accident because he was busy on his mobile phone. This theory was dismissed and retracted following an inquiry into the accident. This hurry to apportion blame is partly because of pressure from the media, which wants quick stories – and even quicker resolution — related to big events. Political opposition adds to the pressure. Top management needs to dig their feet in with conviction and say things after investigation while presenting a picture of a quick and appropriate response to the situation.

4. Rescue operations: Access to accident spots can be difficult, and lead to increased human fatalities due to delayed rescue. The railways should invest in helicopter and drone fleets that can land on the tracks with equipment and medical support, to hasten the rescue. Such a fleet should be located at key points across the network, with processes to ensure their continuous upkeep.

5. Analysis of existing information: Data loggers at various signals and stations provide a wealth of data on train movements. There could be similar opportunities for tracking related data. These can be analysed in an intelligent manner (using Artificial Intelligence (AI)), especially the many minor and ‘near-miss’ accidents for possible causes and solutions.

6. Recruitment: With greater automation, it is not unexpected that the total staff strength of IR should go down. However, critical positions which have vacancies in operations, maintenance and safety cannot be compromised.

7. New roles: There would be situations, especially where data analytics and AI can play a role in providing solutions. These would need the creation of new roles, including for technology identification, development, and adoption and similarly for systems identification, development, and adoption.

8. Training: Safety is such a function that periodic training, even if repetitive, should be undergone by key functionaries so that a sense of alertness and freshness is brought to the role. Of course, the key functionaries should learn new technologies and systems.

9. Kavach and similar technologies: This is a technology whose need in the IR has been established for many years. This accident would most likely not have occurred had the Kavach technology been deployed on the route. The deployment of this technology must be given a high priority in all the high-density routes of the IR network. It is not clear why this has not happened even though it has been under discussion for more than a decade.

Each time there is likely a delay in the procurement, a new upgrade is on the horizon - This could become a never-ending cycle. It is important to understand that upgradation will have to happen over a period of time. In this context, research-based indigenous development of such, and similar signal and control-related technologies must be given a high priority.

10. Emphasis on projects and visible events rather than routine: Over the past few years, the railways seems to be focusing more on projects and visible events, which may demonstrate that IR is on the path of modernisation and increasing market share. However, the traditional strength and culture of good processes towards ‘routine’ should not be compromised. It appears that the middle management of IR is being pushed more towards facilitating projects and events rather than ensuring good operations, maintenance, safety and increased customer service.

G Raghuram is advisor, Infravision Foundation and professor emeritus, Gujarat Maritime University and Chanakya University. The views expressed are personal",2024-06-20T08:41:08+05:30,Times of India,3
1796b187bf3ee217d3e7cb52f01d7b73,Pune police submit investigation report to JJB,"Pune city police have submitted an ‘investigation report’ to the ‘Juvenile Justice Board’ (JJB) covering details of the accident, officials said on Tuesday. Assistant Police Commissioner of Police (ACP) Sunil Tambe said the police submitted a report to the JJB on Saturday. Initially, JJB was criticised over the release of the minor on bail with certain terms and conditions like writing an essay and performing traffic duty with traffic police. (HT PHOTO)

Tambe said, “A detailed investigation report of the Porsche car accident has been submitted to the board. Reports comprised of statements of the driver, two minors who were present in the car at the time of the accident, individuals present at the accident spot, individuals present at the bar, employees of the various establishments, CCTV footage and other things have been added to the report.’’

Know the latest trending news with HT. Read detailed articles here

Initially, JJB was criticised over the release of the minor on bail with certain terms and conditions like writing an essay and performing traffic duty with traffic police. Later Pune city police filed a review application in front of the board. Considering public outcry, the board had sent the juvenile to the correction home for 14 days. Later it was again increased by 14 days.",2024-06-19T00:05:23+05:30,Times of India,1
e8ecfeff3381b17ec4c91e2c7992e2cf,"5 women killed, 2 injured after being hit by truck in Solapur","Five women were killed and two others injured after they were run over by a speeding truck in Solapur district on Tuesday. According to the Solapur rural police, the accident took place in Bandgarwadi village on the Pandharpur-Atpadi Road around 3.45 pm. According to the police, the deceased are residents of Katphal village in Baramati taluka of Pune District. Five women died on the spot, while two victims are in critical condition and currently recuperating at a hospital in Pandharpur. (REPRESENTATIVE PIC)

The victims, all farm workers, were waiting for a state transport bus when a speeding truck rammed into them. Locals present at the spot rushed to their rescue after hearing the women’s screams and informed the Sangola police station about the accident.

Know the latest trending news with HT. Read detailed articles here

Five women died on the spot, while two victims are in critical condition and currently recuperating at a hospital in Pandharpur. The villagers caught the truck driver, beat him up and handed him over to the police. A large crowd gathered at the spot and protested against the incident. The rural policemen from Sangola police station dispersed the crowd and assured them that strict legal action would be taken against the accused.

Meanwhile, the truck driver has also been admitted to hospital as he sustained injuries in the attack by the locals.

Sangola Police Station Incharge Bhimrao Khandale visited the accident spot and said, “All the deceased were farm labourers and were waiting for the state transport bus when they were suddenly hit by a speeding truck whose driver lost control over the wheels. The driver was physically assaulted by the mob and has been admitted to the hospital for treatment. So far, five women have died and two others are reported to be injured. Further investigation is on in the case,” he said.",2024-06-18T23:33:22+05:30,Times of India,1
86f44efc91bb526919944d558f403f3e,"Man killed after biker skids, luxury car runs over him","A 41-year-old man died after he came under the wheels of a Mercedes at Golf Course Chowk at Yerawada at around 1:30 pm on Tuesday, police officials said. A case has been registered against the driver of the car under Sections 279, 304 (a) of the Indian Penal Code (IPC) and other relevant sections. (VIDEO GRAB)

The deceased has been identified as Kedar Mohan Chavan associated with a logistics firm.

Know the latest trending news with HT. Read detailed articles here

According to the police, Chavan was on his way from Swargate to Yerawada to drop a parcel when the bike skidded and the luxury car following the two-wheeler ran over him despite the driver applying brakes. Mercedes driver Nandu Dhavale was detained by the Yerawada police.

Chavan was rushed to a hospital where he was declared dead on arrival.

“The CCTV camera footage of the accident shows that the motorcycle was not hit by the car (before it ran over him). We are checking how the bike skidded,” an officer said, adding that the luxury car belongs to Dr Satish Ravetkar, 72, from Prabhat Road who was returning home after playing golf when the accident took place.

A case has been registered against the driver of the car under Sections 279, 304 (a) of the Indian Penal Code (IPC) and other relevant sections.",2024-06-18T23:31:21+05:30,Times of India,1
38bb2347d3ae3a691fd1cd5806b235c0,Three killed in Kapurthala road mishap,"Three youths were killed in a road accident at Tibba village of Kapurthala district late night on Monday. The deceased have been identified as Chand Kumar and Davinder Singh of Talwandi Chaudharian village and Sahil Kumar of Bidhipur village of the district. All the deceased were in their 20s. Police said the accident took place on the Sultanpur Lodhi-Talwandi road when a motorcycle and a scooter collided with each other. They suffered head injuries and were immediately rushed to a local hospital, where the doctors declared them brought dead. Three persons were also injured in the collision and were referred to Kapurthala civil hospital for further treatment. Three youths were killed in a road accident at Tibba village of Kapurthala district late night on Monday. The deceased have been identified as Chand Kumar and Davinder Singh of Talwandi Chaudharian village and Sahil Kumar of Bidhipur village of the district. (Getty Images/iStockphoto/ Representational image)

Other short stories

Know the latest trending news with HT. Read detailed articles here

Police organise cyclothon to combat drug menace

SBS NAGAR As part of the ongoing special anti-drug awareness campaign, the SBS Nagar district Police on Tuesday organised a Cyclothon — a district-level cycle rally to sensitise people about detrimental effects of drugs and exhort them to live a healthy life. The rally, which was led by the senior superintendent of police (SSP), SBS Nagar, Dr Mehtab Singh, witnessed an impressive participation by people from all walks of life. Apart from gazetted officers and police personnel, about 600 people pedalled to give the message against drugs.

Outfit warns of protest over water shortage",2024-06-18T23:31:20+05:30,Times of India,1
e262547ae0112e892016c2382dac334b,"Woman, 23, plunges 300 feet to death while reversing car near Maharashtra valley. Horrific video emerges","A 23-year-old woman died on Monday, June 17, in Chhatrapati Sambhajinagar, Maharashtra. According to a police official, her car was in reverse gear when she accidentally pressed the accelerator, causing the vehicle to plunge into a valley. The woman was driving this car before she fell into the valley.(X/@Vijay Kumbhar)

The Khutabad police station official said that the incident took place in Sulibhanjan area in the afternoon and the woman has been identified as Shweta Survase. ""Survase tried her hand at driving while her friend Shivraj Mule was shooting a video. She accidentally pressed the accelerator while the car was in reverse gear. The vehicle slid back, broke a crash barrier and plunged into the valley. It took an hour for rescuers to reach her and the vehicle. She was declared dead on arrival at a nearby hospital,"" he said. (Also Read: Chilling video: Woman narrowly escapes death as speeding bus crashes into Tamil Nadu shop)

Know the latest trending news with HT. Read detailed articles here

A video of the woman during the time of the accident was shared on social media. It shows Survase driving the car slowly at first. While she is reversing, she doesn't realise that she has reached the edge. A man, who was recording the video, can be heard asking her to stop the car, instead Survase accidentally accelerates and falls into the valley.

Earlier, a 25-year-old Pune woman was crushed to death when she came under a state transport bus on Saturday at Katraj. The woman, who has been identified as Shweta Chandrakant Limkar was on a two-wheeler when the accident happened. (Also Read: Chinese woman, 31, falls into Indonesian volcano while trying to pose for photos, dies)

According to police officials, Limkar got in the way of two state transportation buses while she was traveling towards Pune. She died from head injuries after falling and colliding with one of the buses' back wheels as a result. She was wearing a helmet, but it was not fastened. According to officials, the helmet fell at the scene, and the wheel struck her skull.

The body was sent to the Sassoon General Hospital for a post-mortem.",2024-06-18T12:54:00+05:30,Times of India,1
9d51c3a8e93d846b48a32b1e1729f94a,"Kanchanjunga Express accident in Bengal: Several trains cancelled, diverted; repair work continues","Several trains were cancelled or diverted on Tuesday, June 18, after the Kanchanjunga Express accident that resulted in nine deaths and over 25 injuries, according to officials. A cargo train rammed into Kanchanjunga Express, a passenger train, near New Jalpaiguri station. (AP photo)

In an official release, the Northeast Frontier Railways said that five trains — (15719) Katihar-Siliguri Intercity Express, (15720) Siliguri-Katihar Intercity Express, (12042) New Jalpaiguri-Howrah Shatabdi Express, (12041) Howrah-New Jalpaiguri Shatabdi Express and (15724) Siliguri-Jogbani Intercity Express — were cancelled so far on Tuesday.

Know the latest trending news with HT. Read detailed articles here

According to a statement by Northeast Frontier Railways chief public relations officer Sabyasachi De, New Jalpaiguri to New Delhi Superfast Express (12523) was rescheduled and diverted. Whereas, New Delhi--Dibrugarh Rajdhani Express (20504) and Silchar--Sealedah Kanchanjungha Express (13176) were diverted.

Kanchanjunga Express accident: Lucky to be alive, say passengers on reaching Kolkata

At 8:55 am on Monday, a goods train crashed into the back of the Sealdah-bound Kanchanjunga Express near Rangapani, about 10 km south of New Jalpaiguri (NJP) in the Phansidewa area of Darjeeling district.

Divisional Railway Manager (DRM), Katihar Northeast Frontier Railway, Surendra Kumar said to ANI, “Restoration work has been going on since night. The trail of an engine was carried out upline along with two goods trains and one Shatabdi train towards NJP (New Jalpaiguri Junction) yesterday. Since it is an accident site, the trial was done with some caution. Within half an hour, the line beside it will also be restored.”

The Kanchanjunga Express reached its destination, Kolkata's Sealdah, at around 3:15am on Tuesday after the restoration work was completed. The passengers on the train expressed their ordeal saying they were scared to travel in trains again. Some also thanked God for saving their lives.

The train services in the Phansidewa area resumed on Tuesday. Kumar told ANI, “For the last 24 hours, all the railway workers have been working very diligently. There was incessant rainfall last night, yet they were working to restore the line...Almost 90% work has been done...All causes that could have contributed to this incident are being examined by CCRS”

Four coaches of the Kanchanjunga Express were affected, including a general compartment, two parcel coaches, and the guard van. Five coaches of the goods train were derailed. The train, with 19 unaffected coaches, continued its journey towards Kolkata with 1,293 passengers around noon on Monday.

Railway officials said that while the up line is already running again, the down line has also been cleared.",2024-06-18T12:39:02+05:30,Times of India,1
d990a55be33539a3460f3e3eb019b0aa,Bengal train accident: Teams faced desperate scramble to rescue trapped victims,"​ Early on a rainy morning in north Bengal’s Rangapani, Mohammad Hamid was walking home after offering namaz at the local mosque, excited by the prospect of Eid with his family. But at 8:55 am, just as he was about to enter home, Hamid heard an almighty crash—the sound of a goods train careening into the rear end of the Kanchanjunga Express, leaving nine people dead and 41 injured. Hamid, and several other villagers from Rangapani, ran to help. Rescue operations at the accident site on Monday. (ANI)

“The accident happened not far from my home. I froze for a few seconds and then realised the passengers needed help. Some of my neighbours I dashed to help. When we got close to the site, all we could hear were people crying for help from inside a mangled coach of the express train,” Hamid said.

Know the latest trending news with HT. Read detailed articles here

In the minutes that followed, Hamid and other villagers from Rangapani cautiously clambered in and around the debris, pulling out those they could. “We rescued at least eight passengers of whom some appeared to have serious injuries. We also brought out the driver and his assistant from the mangled cabin of the goods train, as well as the guard of the passenger train. Two of them have died. The police arrived half an hour later, after which many agencies came, including railway protection force personnel,” Hamid said.

Mohammad Raju, another resident of Rangapani, said he was watching from the village as the goods train collided with the Kanchanjunga Express. “The passenger train was running at a slow speed but the goods train was moving faster. Four coaches jumped off the track after the accident. We rescued 14 injured passengers, and even I suffered an injury in my right arm while I was trying to pry open the door of a coach,” Raju said.

While village residents were the first responders, the site of the accident was soon besieged by personnel from different agencies — the state police, district administration, SDRF and the NDRF. Senior NDRF officials said that they reached the site in half an hour, and 90 rescuers from three different teams were deployed at the site.

Gurminder Singh, commandant of the NDRF’s second battalion said, “Within half an hour, rescuers were at the spot because the nearest NDRF camp is in Matigara, which is very close to New Jalpaiguri. Our rescuers found three bodies and rescued five injured who were trapped in the bogies. As of 7 pm on Monday, all passengers have been shifted to hospital or released after first aid.”

A second NDRF official who was at the spot said that though the personnel had plasma and gasoline cutters, they were forced to use basic tools to first cut through the metal.",2024-06-18T00:29:40+05:30,Times of India,3
