id,title,text_snippet,ground_truth
8ca2677e2d95175cbcbe1b0064557fe9,21-yr-old dies in second accident on Ghodbunder Rd,"THANE: A 21-year-old woman returning home from work died on the spot in an accident on Ghodbunder Road. This accident comes less than 24 hours after a 32-year-old police constable died after his bike skidded while overtaking a dumper at Cadbury Junction. Thane, India - July -13, 2025: The accident spot at Nagala Bander ,On Saturday night, a 21-year-old woman riding a two-wheeler was coming from Gaimukh to Thane when her two-wheeler skidded on the",1
6d00727a1f72c906b505a42eee3abbd7,Man dies after falling from moving bus in Delhi; driver held,"A 31-year-old daily-wage labourer died after falling from the rear gate of a moving cluster bus in southwest Delhi’s Kapashera area on Saturday afternoon, police said. The driver of the bus was arrested from the spot but later released on bail. The bus was en route to Bijwasan, and the victim, identified as Shivam Kumar, originally from Kanpur, Uttar Pradesh, was also headed to the same destination.(Representational Image)  The bus was en route t",1
47c46970e1a7828280f965189fa732d4,"5 dead, 1 critical as SUV carrying 6 falls into 600-feet gorge in Jammu and Kashmir’s Ramban","Five people were killed and another was critically injured when a private passenger vehicle skidded off the road and plunged into a 600-feet gorge in Ramban district of Jammu and Kashmir, officials said on Saturday. Jammu and Kashmir Lt Governor Manoj Sinha, chief minister Omar Abdullah and Union minister Jitendra Singh expressed grief over the accident(Representational)  The SUV met with the accident near Senabathi in Ukhral Pogal Paristan area",1
db74c9b1c6c67023a1c9ceb2580a0708,Truck topples during road inspection in Maharashtra's Beed | On video,"A Public Works Department engineer along with some other people narrowly escaped an accident as a truck that came during a road inspection toppled while crossing a muddy path in Maharashtra’s Beed. Some even jumped into the pit dug for construction so as to not get crushed under the truck, shows video. (Screengrab/X/@PTI_News)  The incident happened in Beed’s Khadki area when a team was at the spot assessing an alternative route amid ongoing brid",1
bf49a5ba773e4a2a333dcf340c98f057,4 dead as truck falls into gorge in Madhya Pradesh's Agrapani Chata,"A truck carrying borewell machinery and labourers met with an accident, reportedly killing at least four people near Madhya Pradesh's Agrapani Chata area on Friday. Additional police personnel and ambulances have been deployed to the spot to assist the search and rescue operations.(Unsplash/ representational)  According to the police, the truck, after losing balance, went out of control and fell into a 60-foot-deep gorge, TOI reported.  Know the",1
e1a9360f7eec8a08b9266359c8fae9e0,Eight seriously injured after bus collided with stationary truck in Goregaon,"Mumbai: At least eight people were seriously injured after a bus collided with a stationary truck on Sewri-Dindoshi route early on Friday. The BEST bus and truck accident on Western Express Highway near Vanrai Police Station, five passengers injured in Mumbai.(Satish Bate/ HT Photo)  The injured included the driver and conductor of the bus, which belonged to Brihanmumbai Electric Supply and Transport (BEST),  Know the latest trending news with HT",1
f5b7fab289ea9f674d48aad351b62a53,"Car plunges off mountain near Rohtang Pass in Himachal's Kullu amid rain, 4 killed, 1 seriously injured","Four people died and one was seriously injured as their car plunged into a gorge near the Rohtang Pass in Himachal Pradesh's Kullu district amid heavy rain on Sunday. Heavy and incessant rains across Himachal Pradesh have led to many roads being blocked.(Hindustan Times)  The vehicle, which had five passengers, slipped off the road before falling down the mountain near Rahninala, deputy superintendent of police, Manali, KD Sharma said.  Know the",1
dd00823e0a48263388a4d70c6fad4bb8,Karnataka man dies after falling into fire pit during Muharram ritual,"A Karnataka man tragically died after falling into a fire pit on Sunday during Muharram celebrations in Raichur district. He was rushed to the hospital but could not be saved, said Lingasur Police. A man tragically died in Karnataka after falling into a ritual fire pit during Muharram celebrations.(HT Photo)  The 40-year-old victim, identified as Hanumanth, was preparing for the festival when he accidentally fell into the fire pit used in a key r",2
280bbc40d79bd3f9a5d2f175af591493,"Groom among 8 killed as SUV rams into college wall in UP’s Sambhal; PM, CM express grief","Eight people, including a groom and two children, were killed after the SUV they were travelling in crashed into a college’s wall in Uttar Pradesh’s Sambhal district on Friday evening, police said on Saturday. The mangled remains of the vehicle that met with an accident in Uttar Pradesh’s Sambhal. (Sourced)  The accident occurred when the groom and nine others, who were accompanying him, were en route from Har Govindpur village to Sirtoul in Buda",1
304d0b902ed510c99d556e3947ac23a1,"4 killed as driver loses control, car hits divider on expressway in Maharashtra","Four persons, including two women, were killed after the car they were travelling in hit a divider on the Samruddhi Expressway in Maharashtra’s Washim district, an official said on Friday. While on the highway, the driver felt sleepy and briefly stopped the car to answer nature's call.(Representative image)  The incident occurred around 8 pm on Thursday between Wanoja and Karanja on the high-speed carriageway, he said.  Know the latest trending n",1
7f06e6fa0122f57ce7a1d6fe1394a13c,4 killed after oil-drilling ship overturns in Gulf of Suez,"An oil-drilling ship capsized in the Gulf of Suez, killing at least four crewmen and leaving four others missing, authorities said Wednesday. There were 30 workers on board when the drilling ship capsized.(AFP file)  The drilling ship overturned Tuesday evening off the city of Ras Ghareb, on the African side of the Gulf of Suez, the Red Sea’s northwestern arm and a crucial shipping route, the Petroleum Ministry said in a statement.  Know the late",2
ba4319bb1dfcd411c631d430883064d4,Bengaluru police officer killed in hit-and-run accident while transporting drug suspects,"In a shocking incident, a police sub-inspector (PSI) from the Talaghattapura station was killed in a hit-and-run accident while transporting two drug case accused on the night of June 24, 2025. The deceased has been identified as Mahboob Guddahalli, aged 40, who passed away in the early morning hours of June 29, Sunday, after a week-long battle for survival. Bengaluru hit-and-run accident: CCTV footage showed that a truck rear ended the PSI's car",1
183de4e7b05b8c77b90d457c35a61529,Family of four dies in car accident in Karnataka's Tumakuru,"Four members of a family, including a 13-year-old boy, have died after the car they were travelling in allegedly collided head-on with a speeding mini truck on the bypass near Kunigal in Tumakuru district, police said on Monday. The car was also speeding, and the impact of the accident was so severe that all four passengers in the car died on the spot(iStockphoto/Representational Image)  The deceased have been identified as Seebe Gowda (50), his",1
2f25b769765f85c4e24547159f9e5b80,"UP toddler dies in chickpeas pot, 2 yrs after sister fell, died in hot vessel","A toddler died after falling inside a hot kaddhai (vessel) in which chhole (chickpeas) was being cooked, two years after her sister's death in a similar incident. The incident took place in Uttar Pradesh's Sonbhadra district, after the 18-month-old girl's father kept a pot of chickpeas on the stove for boiling. The toddler, who was playing at the time, fell inside the vessel in which the chickpeas were being cooked.(Representative image)  Accordi",2
ee4b3adaeb1cc26335a8c47e271a4a50,Two people die in separate road accidents in Parel and Malad,"MUMBAI: Two people lost their lives in separate accidents in Parel and Malad on Friday. The tempo driver in the first incident and a car driver in the second were both booked for causing death by negligence. Two people die in separate road accidents in Parel and Malad  According to the police, the first accident took place on the Hindmata Bridge in Parel. Harsh Yadav, 21, a college student and resident of Hari Om Nagar in Powai, picked up his fri",1
9c4e8e22eeaff12de7c56b323f4ed6a6,"Gurugram man rams car into law student after dozing off while driving, held","A 31-year-old civil engineer based in Gurugram was arrested on Thursday for ramming his car into two people after he fell asleep while driving. The CCTV footage of the incident, which took place on June 24, has gone viral.(Video screengrab)  The accused, identified as Mohit, hit two friends with his car on the Delhi-Jaipur Highway, police told PTI news agency.  Know the latest trending news with HT. Read detailed articles here  While one of the f",1
114cfcfd96d8bc1420368d0de1c1d55e,"1 dead, 3 injured as sleepy driver rams car into trailer","NAVI MUMBAI: A 38-year-old died in an accident on Mumbai-Goa highway when the deceased’s friend, who was driving the car, was sleepy and rammed into a parked trailer. The driver has been booked for negligent and rash driving. 1 dead, 3 injured as sleepy driver rams car into trailer  According to the police, the incident occurred at 1:30 am on Tuesday on the Mumbai-Goa highway in Raigad district when the speeding car rammed into a trailer parked i",1
d546b39daeb032cb0a44e9cd4eec0804,"Tragedy in Malihabad:Teen dies in mishap, friend ends life hours later",": In a deeply tragic incident in Malihabad on Wednesday morning, two teenage friends lost their lives within hours of each other—one in an accident, the other, unable to cope with the loss, by suicide. Both bodies have been sent for post-mortem examination. As of now, no formal complaint has been lodged by the families (For representation only)  According to police, Manish Kumar (18) and Sagar (19), both residents of Sarawan village, were walking",3
7e3ec3aa48814794e169ac8bb5a271c4,"Four, including infant, killed as car plunges into canal amid heavy rain in Haldwani","Haldwani: Four people, including an infant, were killed and three others were injured when the vehicle they were travelling in skidded off the Rampur road and plunged into a canal in Nainital district’s Haldwani on Wednesday morning, police said. The car had skidded off the Rampur road and plunged into a canal in Nainital district’s Haldwani on Wednesday morning. (Sourced/HT)  The accident occurred amid heavy rainfall, trapping seven people. A po",1
d49e0237a71292b336808f3f94cd4fa7,Army havildar dies after dummy bomb dropped from drone falls on him during training,"BHOPAL: A 37-year-old havildar in the Indian Army died due to an accident during a training exercise at Bhopal’s Sukhi Sevaniya range, police said on Tuesday. A senior police officer said Vijay Singh, 37, died on the spot after a dummy bomb dropped from a drone struck him on the head. (FILE)  A senior police officer said Vijay Singh, 37, died on the spot after a dummy bomb dropped from a drone struck him on the head.  Know the latest trending new",2
b0ea751f948d1da8b5c4cee8b44fb075,"Woman killed, family injured as landslide hits Uttarakhand's Badrinath highway","A woman pilgrim from Haryana died, while her husband and 10-year-old daughter were injured on Monday when their car was hit by a landslide near Patalganga, between Joshimath and Pipalkoti on the Badrinath national highway in Uttarakhand's Chamoli district. Police and State Disaster Response Force (SDRF) teams reached the spot and launched relief-and-rescue operations.(ANI)  District Magistrate Sandeep Tiwari said the injured girl and his father h",1
6af8822ccf7e363c034afc5be039b1d7,"One killed, 5 injured as SUV hits tempo in Himachal's Una","Una , A person was killed while five others, including three of a family, were injured in a collision between an SUV and a tempo in Himachal Pradesh's Una district, police said on Monday. One killed, 5 injured as SUV hits tempo in Himachal's Una  The accident occurred in Barnoh village on Sunday when a couple along with their two children were en route to their home in Lamlaihari from Una in the tempo.  Know the latest trending news with HT. Read",1
7abe925cb5a8fa5ddeb85a5ba40380c5,Chandigarh: 35-year-old man dies of electrocution,"A 35-year-old man, Surendra Kumar, died after being electrocuted near a park in Vikas Nagar, near Nayagaon, late Friday night. The incident occurred around 11 pm when he accidentally came in contact with an electric pole while returning home. Victim is survived by his wife and two daughters, aged 5 and 7. (HT File)  Surendra had just dropped off some friends and was walking home after parking his vehicle when the mishap took place. Emergency serv",2
25309bed8565b1818e374e3eff6c61fe,Man killed by speeding metro feeder bus in Delhi's Shastri Park,"A man died after being run over by a speeding metro feeder e-bus on GT Road near the Shastri Park area in northeast Delhi, an official on Saturday said. A case has been registered and further investigation is underway, police said.(ANI)  The victim, identified as Aamir, was on his way to Seemapuri when the accident occurred near the GT Road bus terminal, he said.  Know the latest trending news with HT. Read detailed articles here  According to pr",1
f5f6bf04a89e4a6f3fd8174cb145de97,Who is Amanda Kempton? Virginia woman charged in fatal hit-and-run that killed Netflix star Sara Burack,"Amanda Kempton, a 32-year-old woman from Virginia, has been arrested in connection with the fatal hit-and-run that killed real estate agent and Netflix personality Sara Burack, the Daily Mail reported. Netflix star Sara Burack was killed in a hit-and-run crash on Friday. (X)  Burack, known for her appearance on Netflix’s Million Dollar Beach House, was struck by a vehicle shortly before 3:00 a.m. on Friday along Montauk Highway, near Villa Paul R",1
cc9945dedf17fbf50a66c44fb25a674c,"9 killed after SUV, truck collide heads-on in Bengal","Nine people were killed in a head-on collision between a truck and a car in West Bengal's Purulia district on Friday morning, police said. The West Bengal police said that the matter is under investigation.(Representational Photo)  The accident occurred around 6.30 am on NH-18 in Namshol village within the Balarampur Police Station limits in the district, an officer said.  Know the latest trending news with HT. Read detailed articles here  ""The h",1
ef34062b9f05f551dcd788b846bd590d,Fire breaks out in Noida Sector 36 due to AC explosion,"A massive fire broke out in Noida Sector 36 of Uttar Pradesh due to a blast in the air conditioner. As of now, no casualties have been reported due to the accident. The fire, which was triggered by an AC blast, was extinguished by two fire engines.(Unsplash/representational)  Fire tenders had rushed to the accident spot, and with the help of two fire engines, they were able to douse the fire.  Know the latest trending news with HT. Read detailed",2
0d5930f718270866896299b7bf7c5823,Air India Ahmedabad plane crash: ‘Worst’ seat rechristened as Miracle Seat 11A after Vishwash Kumar Ramesh survives,"June 12, 2025 will go down as one of the darkest days of this year in the pages of history. On this day, 30 seconds after departure, Air India Flight 171, a Boeing 787-8 Dreamliner headed to London crashed into the hostel of Ahmedabad's BJ Medical College. This tragic accident took the lives of 241 people onboard, including 12 crew members, apart from 28 people on the ground who were killed. The lone survivor was a passenger named Vishwash Kumar",2
b5a7f20911eef0f79e21bf16b7771cf2,"Patna police woman constable killed, 3 other cops injured as speeding car hits them: Report","A speeding SUV rammed police personnel at a checkpoint on Atal Path in Patna, killing a 25-year-old woman constable and critically injuring three others. The incident occurred around 12:30 am in the SK Puri police station area of Bihar's capital. The speeding vehicle also suffered damage to its bonnet and had a BJP flag on it. However, the police have not yet confirmed any political link to the car or its occupants. The incident happened on the i",1
437f7e1feb2f180911a5dcfd4533ddf3,Pune: Woman riding pillion on scooter crushed to death by truck at traffic junction,"A 29-year-old woman riding pillion on a scooter was killed and her relative injured after their two-wheeler was hit by a truck at a busy traffic junction in Pune city on Wednesday morning, police said. Woman riding pillion killed as truck runs over scooter in Pune(Representative image/Unsplash)  The woman, Dipali Yuvraj Soni, died on the spot, while Jagdish Soni (61), who was riding the scooter, sustained injuries in the accident which took place",1
7abcf5982cd780bbd9430d272a9bc2f7,"Country musician Conner Smith fatally hit pedestrian with truck. No charges now, but probe ongoing","NASHVILLE, Tenn. — Country musician Conner Smith fatally hit a pedestrian while driving his truck in Nashville over the weekend, and he currently faces no charges as an investigation continues, police said. Country musician Conner Smith fatally hit pedestrian with truck. No charges now, but probe ongoing  Metro Nashville Police said Smith, 24, hit Dorothy Dobbins, 77, Sunday evening while she was crossing the road inside a marked crosswalk. Dobbi",1
ac56b338a6157ddbf3e622b8dcd9f9b4,Three decomposing bodies found in car fallen in nullah in Shahapur,"MUMBAI: Three decomposing bodies were found on Thursday in a car that had fallen into a nullah near Umbermali village along the Mumbai-Nashik highway. Police suspect an accident took place five days ago but went unnoticed as the car was concealed by dense vegetation. Representative image of a car accident (HT Photo)  On Thursday, when a woman from the village was grazing her cattle, she noticed the half-submerged car and a foul smell emanating fr",1
1f2dbd4554c277aa9d2d8c45319a9802,Narrow escape for Odisha minister after his vehicle collides with truck,"Bhubaneswar, Jun 6 (PTI) Odisha Food, Supplies and Consumer Welfare Minister K C Patra had a narrow escape on Friday after his car collided head-on with a truck at Barang in Cuttack district, police said. Though no one was injured in the accident, Patra’s car suffered damages on the front portion. (X)  The incident took place at Sandhapur Square on the Banki Main Road when Patra was on his way to Bhubaneswar, they said.  Know the latest trending",1
1a98ff59e53da7f82558cd04658d5896,Two trucks catch fire after collision on expressway near Ahmedabad,"Vehicular movement was disrupted on National Expressway 1 on Thursday morning after two trucks caught fire following a collision, around 10 km before Ahmedabad, officials said. Station Fire Officer Mata Prasad Pandey said the incident occurred at approximately 4:15 am when a parked truck was hit from behind by another vehicle. One truck driver was injured in the truck fire that broke out on National Expressway 1 in Ahmedabad.(Representational Ima",1
3f446f986f08ddcf2cf366bd1265ef7d,"Ajmer: Three of a family die of electrocution, fourth member critical","At least three people died of electrocution after they came in contact with a high-tension wire while plastering a wall at their under-construction house in Kekadi area of Ajmer in Rajasthan, officials said. Representational image.  “The incident took place at 7am on Wednesday. Four of the family members were working on the roof when it happened. Three died on the spot, while the fourth is critical,” Savar station house officer Banwari Lal said.",2
29e87342a6dd5447a9a57f18b23c1dd1,"Nine killed, two injured as truck overturns on van in Madhya Pradesh's Jhabua","Nine persons were killed and two others injured after a cement-laden trailer truck overturned on a van in Madhya Pradesh's Jhabua district in the wee hours of Wednesday, police said. The accident took place at around 2.30 am when the victims, belonging to the same family, were returning from a marriage function.(AI generated image)  The accident took place at around 2.30 am when the victims, belonging to the same family, were returning from a mar",1
ea31da1b036ca86028d424a9bf4ddeae,UP couple returning after distributing son's wedding card dies in road crash,"A couple, who were returning on a motorcycle after distributing their son's wedding cards, died in a road accident in Uttar Pradesh's Bijnor district, police said on Monday. Their motorcycle was hit by an unidentified vehicle on the Nagina-Dhampur road(Pixabay/Representative)  The accident occurred on late Sunday when 62-year-old Khub Singh and his wife Lali Devi, 56-year-old, were returning home after distributing cards among relatives for their",1
69b2af0a5546d287161b092a16755ee9,Man cheats death in bridge accident that looks straight out of a movie: ‘Tom Cruise’s stunt double’,"In a scene that feels straight out of a high-octane action thriller, a man’s death-defying leap from a moving motorcycle has left the internet stunned. The viral video, which surfaced on the social media platform X, captures a moment of extraordinary reflex and sheer luck, as the man narrowly escapes a potentially fatal fall during a harrowing accident on a bridge. A viral video showed a man narrowly escaping a bridge accident by leaping off a cr",3
82e7eac343943bc8dbed97f859879e86,Five drown in two separate incidents in Pune,"Four teenage boys drowned while swimming in a percolation tank in Kadachiwadi near Chakan on Saturday. The deceased have been identified as Omkar Babasaheb Hange,13, Shlok Jagdish Mankar, 11, Prasad Shankar Deshmukh, 11, and Naitik Gopal More, 12, all residents of Medankarwadi. Preliminary investigations suggest that the boys were not familiar with the water body’s depth, resulting in the fatal accident. (REPRESENTATIVE PHOTO)  Pramod Wagh, senio",2
b9baa94066fafe505950684cc5d2855c,Six police personnel injured as vehicle falls into gorge,"Six police personnel were injured after their vehicle skidded off the road at Uroosa near the Line of Control in Uri. The injured personal were shifted to sub district hospital Uri for treatment were doctors declared their conditions stable, said police spokesperson. (File)  Police said that an accident took place at weak bridge Uroosa Uri when a vehicle from Uroosa police post bearing number JKo5AA 5620 skidded off road and fell in a gorge resul",1
457fd9e3806563d75260275987dac797,Chandigarh: Scooterist dies 12 days after being hit by SUV,"Police have booked the driver of an SUV that hit a scooterist near the Sector 39/40 light point, claiming her life. The victim, 22-year-old Neha, a resident of Sector 39-D, Chandigarh, succumbed to her injuries on May 22, 12 days after the accident, while undergoing treatment at Government Medical College and Hospital in Sector 32. (HT Photo)  The victim, 22-year-old Neha, a resident of Sector 39-D, succumbed to her injuries on May 22, 12 days af",1
0e7bea843e4bb11c79b9ff38871637c7,Theatre ceiling falls on woman during Final Destination Bloodlines screening; Internet calls it 5D experience,"The American supernatural horror film Final Destination: Bloodlines has been giving fans plenty of reasons to jump from their seats. But during a recent screening in Argentina, fiction blurred with reality when a cinema-goer was nearly crushed by a falling ceiling. (Also Read: Final Destination Bloodlines box office day 4: Film weathers Mission Impossible 8 storm in India, mints $102M globally) Tony Todd's final appearance on screen in Final Dest",2
ab13690f899de585d9a7f807d908a938,"‘I am not dead yet’: Woman in China falls from 12th floor, calls husband for help from ground","In a shocking incident in southeastern China, a 44-year-old woman survived a fall from the 12th floor and even managed to call out to her husband for help after hitting the ground. The extraordinary story of Peng Huifang, a factory cleaner from Leping in Jiangxi province, has captured nationwide attention for her miraculous survival, reported the South China Morning Post. The incident occurred when she was assisting her husband, who runs a window",2
831c1f347a96bf681fb96f4bd7c2a025,Two lives snuffed out in separate road mishaps in Panchkula and Mohali,"Two persons lost their lives in separate road mishaps in Panchkula and Mohali on Wednesday. In the second case, a 59-year-old man riding a Honda Activa scooter succumbed to his injuries while undergoing treatment after being hit by a speeding Hyundai Verna car in Sector 77, Mohali. (HT Photo)  In the first case, a 31-year-old IT professional died in a hit-and-run near a park in Sector 24 in Panchkula. The victim, Amit Sheoran of Sector 27, who wo",1
332e57eecf924e7c23d6f2de932167d5,Driver killed as taxi falls into Mandi gorge,"A 20-year-old taxi driver was killed after his vehicle fell into a 200-metre gorge near Sarachi in Seraj area of Himachal’s Mandi district on Tuesday, police said. Mangled remains of the car after the accident in Mandi on Tuesday. (Birbal Sharma/HT)  The deceased was identified as Bhupendra Kumar, a resident of Dhar Jarol village in Janjheli, Thunag tehsil in Mandi. According to reports, the incident occurred around 1 am when Singh was returning",1
331cae05f510f905a8a0559d39b3da36,ASI killed in high-speed car collision in Panchkula,"A speeding car snuffed out the life of an assistant sub-inspector of the Haryana Police after ramming into his four-wheeler on the dividing road of Sectors 26 and 27 on Sunday night. Victim’s car flipped multiple times before hitting roadside berm near Sector 26 in Panchkula. The driver of other car fled the scene. (HT)  The victim, identified as Anil Kumar, 44, was posted at the police lines in Panchkula and resided with his family, originally h",1
603cbd8b511579c2deae57ffc043ba64,Five dead as car plunges into dry riverbed near Khed,"Mumbai: Five persons were killed and two others were injured when their speeding car plunged into a dry riverbed in Ratnagiri district in the early hours on Monday. The group was on its way to Devrukh in Ratnagiri to attend a funeral. Local residents and the police rescued the passengers from the mangled vehicle (Screengrab from video)  According to the police, the group of seven passengers from two families left for Ratnagiri from the Indraprast",1
5f3b2228532c12023582436b1323338b,Three killed after bike collides with parked truck in Kaushambi,"Three persons, including a father-son duo, were killed in an accident after their bike collided with a truck parked on the side of the highway near Ajuha Kaini area under Saini Kotwali police station of Kaushambi district on Sunday morning. (Pic for representation only)  Police have sent the bodies for postmortem examination. The victims were going from Prayagraj to Kanpur Dehat on the bike when the accident took place.  Know the latest trending",1
8b54128a6f1dad760555aed834451608,Speeding truck mows down people assisting accident victims in Rajasthan,"Four people assisting victims of a road accident were killed and eight others injured when a speeding truck hit them in Dungarpur district of Rajasthan, police said on Sunday. The injured were rushed to a hospital at Sagwara in Dungarpur, where four people were declared dead.(Representative Image)  The incident occurred under Sabla police station limits at around 11.30 pm on Saturday, they said.  Know the latest trending news with HT. Read detail",1
6409ee8deae0c13c5249a7138f44f20b,"Caught on cam: Man runs SUV over security guard in Delhi, arrested","The Delhi Police has arrested a 24-year-old man for allegedly attempting to murder a security guard by crushing him with his SUV near Mahipalpur flyover in southwest Delhi. The police said that the accused has been identified as Vijay, also known as Lale. (PTI)  According to PTI news agency, the incident took place on Sunday evening when the victim, Rajiv Kumar, was ""intentionally"" hit by the vehicle.  Know the latest trending news with HT. Read",1
713bebbe0297d9e75fd62736c44f7e07,UP: Road death victim found killed for ₹50 lakh insurance in Sambhal; 4 nabbed,"What initially appeared to be a simple road accident turned out to be a cold-blooded murder, as police here uncovered a plot to kill a Dalit man with disability for a ₹51 lakh life insurance claim. On August 1, 2024, an FIR was registered at Chandausi Police Station, stating that Dariyab was killed in a hit-and-run near Sainik Chauraha. (File)  A sibling pair, a convicted criminal, and an insurance agent, behind the conspiracy, are now behind bar",3
6da2e3ceb647bd6b5107b3c476e3e5c9,John Elway was drunk before golf cart accident? New party photos spark fresh concerns,"NFL legend John Elway was spotted partying alongside several celebrities hours before the golf cart accident that killed his good friend and agent, Jeff Sperbeck. In one picture published by TMZ, the former Denver Broncos quarterback could be seen drinking from a styrofoam cup, causing social media users to believe that the 64-year-old might have been drunk. John Elway was spotted partying hours before the golf cart accident last week(Instagram/J",2
4dac07a0f9c38f0ef8fffa530e468d4f,"Jeff Sperbeck, John Elway’s longtime agent, dies after tragic golf cart accident","Jeff Sperbeck, longtime agent and friend of NFL legend John Elway, has died after a tragic golf-cart accident that left him on life support, TMZ reported on Wednesday, citing officials. The former quarterback's agent fell off the back of the cart, which was being driven by Elway. He was 62 years old. Jeff Sperbeck (R), agent of NFL legend John Elway, has died(Facebook)  The Riverside County coroner confirmed Sperbeck's death in a press release. T",2
4b7f045bf4eee11e60c46c8543d0e7e6,Accident near University of Delaware shuts down East Main Street in Newark,"An accident near University of Delaware in Newark shut down the busy East Main Street, starting at the South Chapel Street intersection, on Tuesday. In response, drivers have been asked to avoid the area and seek alternate routes. An accident near University of Delaware in Newark shut down the busy East Main Street.(UnSplash)  “The City of Newark is advising motorists of a road closure in the area of East Main Street starting at South Chapel Stre",1
c28239af6be4cdb5c7f7654302395b99,Kai-Ji Adam Lo: Vancouver car-ramming suspect called police a day prior; details revealed,"Kai-Ji Adam Lo, the 30-year-old Vancouver man who plowed into a crowd at the Lapu Lapu festival on Saturday, contacted the police a day before the car-ramming. At least 11 people were killed and several others were injured in the incident. Officials revealed that Lo had multiple previous interactions with police and mental health professionals. Kai-Ji Adam Lo contacted police a day before the Lapu Lapu car-ramming(Reuters)  On Monday, Sgt. Steve",1
3b28c7ed7cd5ed78eacdb2a4eab54ac6,Jagmeet Singh ‘horrified’ after Lapu Lapu car-ramming incident days before Canada election,"National Democratic Party candidate Jagmeet Singh, who greeted Lapu Lapu festival-goers on Saturday, said that he was ‘horrified’ to learn about the car-ramming incident at the Vancouver event. The accident took place two days before Canada goes to the polls. Jagmeet Singh was at the Lapu Lapu festival hours before the car-ramming incident on Saturday(AP)  Several people were killed after a driver plowed into a crowd at the street festival. ""A nu",1
f8e154f4c686a9de35bb6134e1b438ba,"Private bus hits flyover pillar in Maharashtra's Bhiwandi, 1 killed","A private bus carrying picnic goers crashed into a divider at the Mumbai-Nashik highway in Bhiwandi, Maharashtra, on Friday, resulting in the death of a young girl and leaving 10 others injured. As per the medical officer, the accident occurred due to the brake failure.(Getty Images/iStockphoto)  Speaking to ANI, Medical Officer of IGM Hospital, Dr Mohammad Izhar Ansari said, ""A bus met with an accident due to brake failure... So far, 10 people h",1
06cfdcc636f346b1a01bf2222a259787,"Pickup van mows down 6 sanitation workers on Delhi-Mumbai Expressway, 5 injured","Nuh: Six sanitation workers were killed and five others critically injured on Saturday morning after a speeding pickup van ploughed into them while they were cleaning the Delhi-Mumbai Expressway near Ibrahim Bas village in Firozpur Jhirka, police said. The driver of the pickup van fled leaving the vehicle at the spot on the Delhi-Mumbai Expressway near Ibrahim Bas village in Firozpur Jhirka, police said.  The incident took place around 10 am when",1
80081eeee8edf146c99ed90598e6d718,27-year-old man dies after his car gets crushed between two trucks on Mumbra bypass road,"Mumbai: A 27-year-old man died in an accident on the Mumbra Bypass Road in the early hours of Tuesday when a truck driver lost control and rammed into his car, crushing it into a container truck ahead. A case has been registered against the unidentified truck driver, who is absconding, under section 106 (causing death by negligence) of Bharatiya Nyaya Sanhita. The deceased was identified as Vishnu Pal, a resident of Mahape in Navi Mumbai. Thane,",1
4606b7d328144d9a1f7da3599dbd45c1,"8 dead, 6 injured as SUV plunges off bridge in Madhya Pradesh","Eight persons were killed, and six others sustained injuries after an SUV fell off a bridge onto a dry river bed in Madhya Pradesh's Damoh district on Tuesday, police said. In the Damoh district of Madhya Pradesh, an SUV crashed from a bridge onto a dry riverbed, killing eight people and injuring six more. (PTI/representative )  The accident occurred near Simri village under the Nohata police station area around 11 am, an official said.  Know the",1
c4e24ac619617df94cfa4393909e003c,"Punjab: 3-year-old mowed down by speeding SUV in Jalandhar, accused arrested","A 25-year-old accused Himanshu has been arrested for mowing down a three-year-old boy near Jalandhar’s Kishanpura chowk on Monday, police said. The video of the incident went viral on social media. As per the FIR, the SUV driver crushed a stray dog before running over the victim in Jalandhar. (Representational image)  The deceased has been identified as Tripur, who was playing outside his residence when the incident happened. The accused fled fro",1
b9c59fae9aced699a1af20df07df05ab,"3 killed, 12 hurt as truck hits multiple vehicles on highway in Pune","Three persons were killed and 12 others injured after a truck crashed into five vehicles on the old Pune-Mumbai highway near Lonavla hill station here in Maharashtra, police said on Monday. The truck apparently suffered a brake failure while descending a slope.(Representational)  The incident took place at 10.20 pm on Sunday at Battery Hill near Bor Ghat.  Know the latest trending news with HT. Read detailed articles here  The truck apparently su",1
cadaf2df349dfc9ab7da3a88714182a8,Family of four killed after their car rams into stationery truck in UP's Fatehpur,"Kanpur , Four persons, including an elderly couple, were killed and two others were seriously injured when their speedy car rammed into a stationary truck on Saturday in Uttar Pradesh's Fatehpur district, police said. Family of four killed after their car rams into stationery truck in UP's Fatehpur  The accident took place on National Highway-2 near Sujanipur crossing in Khaga, Fatehpur, when the elderly couple, along with their family members, w",1
f05d6b7aa6abd0eda508f57aa18cbc3a,Four dead in ‘unimaginable’ cable car crash near Italy's Naples,"Four people died and one suffered life-threatening injuries after a cable car crashed to the ground near Naples in southern Italy on Thursday, mountain rescue services and firefighters said. A cable broke on the link taking tourists from the town of Castellammare di Stabia, on the Gulf of Naples, to Mount Faito, about three kilometers (1.8 miles) away, reports said.(AFP/Corpo Nazionale Soccorso Alpino e Speleologico (CNSAS))  The accident happene",2
52429b836ef4707185dcff7a9dc4d0e8,"Bengaluru civic body truck driver, thrashed after boy’s death, dies in hospital weeks later: Report","A BBMP garbage truck driver, who was brutally assaulted by a mob after his vehicle fatally knocked down an eight-year-old boy, succumbed to his injuries on Thursday, according to the Sampigehalli police. The driver, identified as 59-year-old Kondaiah, had been under treatment at a hospital since March 29.  According to a Deccan Herald report, the driver, identified as 59-year-old Kondaiah, had been under treatment at a hospital since March 29, th",3
a26225bbdd81044bc1c5cf0db964d502,"All on Joey Broom, John Clark and Jeffrey Little, Major League Fishing boat crash victims","Officials in Cullman County identified the three men who died in a boating accident on Smith Lake Wednesday. The crash took place as the Major League Fishing tournament was being held. The Alabama Law Enforcement Agency confirmed that Joey Broom, John Clark, and Jeffrey Little were the three men who died. Flint Davis, a pro-bass fisherman, was also involved the accident. Joey Broom (r) died in the Major League Fishing boat crash (X)  ALEA said th",2
ea64af6aae2f9634eaad19edafa22710,Cab driver dies after mob thrashes him over string of accidents in Ahmedabad,"Ahmedabad, A taxi driver was found dead after allegedly being beaten up by an angry mob as his cab crashed into several vehicles in Ahmedabad city, police said on Wednesday. Cab driver dies after mob thrashes him over string of accidents in Ahmedabad  The incident took place in Juhapura area on Tuesday night, they said, adding the driver was suspected to be inebriated when his vehicle caused a series of accidents.  Know the latest trending news w",3
1b3faed73b8a5e16a3b41468cc30a1e6,Three injured in multiple vehicle collision in Lucknow,"Three people got injured after three vehicles collided with each other in an accident that took place on the Lucknow-Sitapur National Highway under BKT and Sairpur police station area of the city on Tuesday. (Pic for representation)  According to police, the accident took place when an SUV driver suddenly applied emergency brakes due to which the car behind it collided with it. A pickup van behind the car also hit the vehicle strongly.  Know the",1
20696b384a7a3ba8a311c72751ae5cef,Pakistan: Truck-coach collision in Khyber Pakhtunkhwa leaves 10 dead and 8 injured,"At least 10 people died, and eight others sustained injuries in a truck-coach collision in Karak, Khyber Pakhtunkhwa, ARY News reported on Tuesday, citing rescue sources. The road accident occurred near Meetha Khel on the Indus Highway. (ANI/representative )  As per details, the road accident occurred near Meetha Khel on the Indus Highway where a passenger coach collided with a truck, resulting in the deaths of ten people and injuries to eight ot",1
0c69d2ecdd1dc68d21ad0a3e87b7f00e,One killed after MSRTC hits bike at Hindmata Bridge,"MUMBAI: A 20-year-old pillion rider died, and his friend who was riding their bike was seriously injured, after a Maharashtra State Road Transport Corporation (MSRTC) bus ran over them at Hindmata Bridge early on Sunday. The bus driver was booked for causing death by negligence on Sunday. Mumbai, India. Apr 14, 2025: 20-year-old Mazgaon resident Mohammad Shaikh lost his life after a speeding State transport (ST) bus collided with his bike in the",1
28c2db28218d6263c81377a06115f4e4,Chinese car owner accepts 15 pancakes as compensation after food cart scratches his Range Rover,"In a heart-warming and unusual turn of events in the northeastern Chinese city of Shenyang, a Range Rover owner chose kindness over conflict after his SUV was accidentally scratched by a breakfast cart. Instead of demanding full monetary compensation, he settled the matter with just 15 egg pancakes, according to a report by the South China Morning Post. A man in China forgave a breakfast cart owner for scratching his luxury car, accepting 15 egg",3
4954124e3adee6e77c3c93b949b46dd5,What caused the Dominican Republic nightclub's roof collapse that killed 200? Experts weigh in,"The sudden collapse of the roof at the Jet Set nightclub in the Dominican Republic, which tragically killed more than 200 people during a concert, has left the country searching for answers. More than 300 rescuers, aided by sniffer dogs, had worked tirelessly since disaster struck early Tuesday.(AFP)  More than 300 rescuers, aided by sniffer dogs, had worked tirelessly since disaster struck early Tuesday to pull survivors from the rubble of the c",2
caeaba038a46350d194d939158204859,Death toll in Dominican nightclub roof collapse rises to 79,"Rescuers raced to find survivors Tuesday among the rubble of a Dominican Republic nightclub where at least 79 people, including a former Major League Baseball star, were killed when the roof collapsed. Personnel from civil defense and firefighters work at the Jet Set nightclub following the collapse of its roof in Santo Domingo on April 8, 2025.(AFP)  Renowned Dominican merengue singer Rubby Perez, who was on stage at the popular Jet Set nightclu",2
aaea75a33d90f63d594c9ce654dae563,"Bengaluru girl, 9, dies after father’s tractor overturns and falls into lake, sister injured: Report","A routine ride home turned tragic for a family in East Bengaluru’s Whitefield area when a tractor flipped and fell into a lake, killing a nine-year-old girl and injuring her younger sister and father. The incident occurred on the banks of the Pattanadur Agrahara lake. (Representational Image)(Shutterstock)  According to a report by Deccan Herald, the incident occurred on the banks of the Pattanadur Agrahara lake when the tractor, allegedly being",1
3b62bb8ea48487f34869e5126c2cea62,Two students killed in bike crash at Paud Phata flyover,"A tragic accident at the Swatantryaveer Savarkar flyover near Paud Phata in Kothurd claimed the lives of two management college students when their speeding two-wheeler crashed into the bridge’s railing at around 3:15 am on Monday. Police investigation revealed that both deceased were not wearing helmets. (REPRESENTATIVE PHOTO)  The deceased have been identified as Sarvesh Gopal Patil (20) and Pushkar Sudhakar Choudhary (19), both residents of Tu",1
0bcf65448dad64e7bec1a74fdb9f4d7f,Panjab University scholar among 3 killed in late-night Mohali crash,"A Panjab University scholar and his two friends, including a woman, were killed after their speeding Maruti Ertiga met with an accident near Boothgarh light-point on Siswan road in Mohali district on Sunday night. The mangled remains of the Maruti Suzuki Ertiga that met with an accident near Boothgarh light point on Siswan road in Mohali on Sunday night. (HT Photo)  Police said the impact of the crash, which took place around 10.30 pm, left the s",1
fbab042cab08e372ac94aaa60756e2a8,Woman dies after being run over by JCB at Thane dumping ground,"Thane: A 48-year-old woman died after being struck by a JCB machine while collecting waste at the CP Talav dumping ground in Wagle Estate, Thane, on Sunday. The victim, identified as Rajshree Balu Jadhav, was a resident of Jay Bhim Nagar, CP Talav Road. Woman dies after being run over by JCB at Thane dumping ground  The accident triggered panic among bystanders, who rushed to her aid. Police and civic officials promptly arrived at the scene upon",2
5fc3b8afa72ad155aa62c4d3832e6262,Noida police explains why it delayed adding Lamborghini crash driver's name to FIR,"Noida police has registered an FIR and arrested Deepak, the driver of the Lamborghini that hit two labourers resting on a footpath near an under-construction building in Sector 94 on Sunday. The Lamborghini car that hit two labourers, causing them serious injuries, near Noida Sector 94, Monday, March 31, 2025. (PTI)  Deepak, a resident of Ajmer, was driving a Lamborghini registered in Puducherry. The police have also seized the luxury vehicle as",1
0c9b02f57fd2bc8f9e264818cade5bf5,Was Noida Lamborghini speeding at 300 kmph? What initial investigation found in car crash,"One of the labourers injured in a Lamborghini car crash in Noida Sector 94 reportedly claimed that the luxury vehicle was overspeeding. Two labourers from Chhattisgarh were injured in the crash and have been admitted to a nearby hospital and are said to be out of danger. They have suffered a fracture in their legs, police said. People gather around a Lamborghini car after it allegedly hit people in Noida on Sunday. (PTI)  Citing the police, Repub",1
a5003f116b852cc03f1ff0f4cb004535,"3 Gujarat policemen killed, cop injured in Haryana road accident","Rohtak/Bathinda: Three Gujarat Police personnel were killed and an assistant sub-inspector was injured when their SUV collided with another vehicle on the Dabwali-Chautala road in Sirsa district on Wednesday, police said. Three Gujarat Police personnel were killed and a cop was injured when their SUV collided with a vehicle on the Dabwali-Chautala road in Sirsa district on Wednesday. (HT Photo)  The victims were identified as assistant prosecutio",1
65224dad191049f3e2313585140aa044,Delivery person killed by car driving on on wrong side of the road in LBS Road,"MUMBAI: A 21-year-old delivery person was killed in an accident after a car speeding on the wrong side on LBS Road collided against him on Sunday. The accused driver, Siddharth Gorakh Banpatte, was arrested on Sunday for causing death due to rash and negligent driving. The damaged scooter which Prince Arjun Chaudhar, the deceased, was driving  The deceased is identified as Prince Arjun Chaudhary. Prince lived with his brother Premprakash Chaudhar",1
66b79efda895ad9a4083d84b3ac47e4c,"Thane govt official drowns at Raigad beach, accidental death report filed","A 37-year-old district administration employee of Maharashtra's Thane drowned during a picnic at a beach in Raigad on Sunday, March 24. Her colleagues promptly informed a rescue team on the beach, who helped her escape from the water and administered CPR to er. However, she passed away before reaching the hospital.(Representative image/ Pexel)  Pallavi Sarode, served as an assistant revenue officer and personal assistant to collector Ashok Shinga",2
736d388c65d7b12f1b06d51e7f973b85,"1 dead, another injured as 100-feet chariot falls during festival in Bengaluru's Anekal","A tragic incident occurred during a festival in Anekal, Bengaluru rural, when a 100-feet chariot fell, resulting in one fatality and leaving another person injured, police said on Saturday. Further investigation into the incident are underway. (Representative Image/Shutterstock)  The incident took place around 6 pm on Saturday, as reported by CK Baba, Superintendent of Police (SP), Bengaluru Rural.  Know the latest trending news with HT. Read det",2
f5b2191a4c36f4dfd72bc86f69cca849,Telangana DSP killed as speeding bus runs over him in Rangareddy,"A Deputy Superintendent of Police (DSP) was killed in the early hours of Saturday after being hit by a speeding bus in the Hayathnagar area of Telangana's Rangareddy district. The accident took place near a Hanuman temple in Laxma Reddy Pallem of the Rangareddy district. (File Image/Representative)  Police said that the accident took place around 4:40 am near a Hanuman temple in Laxma Reddy Pallem when the top cop was out for a morning walk, a ne",1
e5a15e01210554c09c03ee9aa7439234,Chandigarh: Porsche driver charged with culpable homicide,"The UT police have added Section 105 (culpable homicide not amounting to murder) of the BNS against the Porsche driver who rammed the car into a man and two women on scooters, resulting in the death of the man. After the enquiry it came to light that the accident happened when the driver was attempting to overtake at high-speed on a single-lane road, leading to collision. (HT Photo)  The accident took place on the road dividing Sector 4 and 9 on",1
4f418c79c73e9d9f4c811482cd5e3b93,Vadodara car crash accused seen drinking from bottle minutes before accident,"Three days after a tragic car accident in Vadodara claimed the life of a woman and left four others seriously injured, CCTV footage has surfaced, shedding light on the moments leading up to the incident. The accused, 20-year-old law student Rakshit Chaurasia, was caught on camera along with his friend Pranshu at the residence of another friend before the crash. Rakshit Chaurasia, a 20-year-old law student, was arrested by police after the Vadodar",1
d9d0b87815fb1badc47431351518c4c6,"10 IIT students injured as vehicle falls into gorge in Sikkim, condition of three serious","Ten students of IIT (ISM) Dhanbad were injured after their vehicle plunged into a 100-foot-deep gorge in Sikkim's Mangan district, police said on Sunday. As per police, the accident happened near Pakshep in Forest Dara around 9:30 pm on Saturday when the students were travelling from Lachung to Gangtok. (Representative image)  The accident happened near Pakshep in Forest Dara around 9:30 pm on Saturday when the students were travelling from Lachu",1
d4a6d72e554e3430bfdfc022e71f0f5b,"Jodhpur: Former BJP MLA’s son dies in high-speed car crash, friend hurt","Jodhpur: The 26-year-old son of former Barmer district president of Bharatiya Janata Party (BJP), Jalam Singh Rawalot, was killed on Friday night after his car met with an accident near the Nahar circle on Pal Road in Rajasthan’s Jodhpur, police said. The car that was heading towards Chopasni in Rajasthan was severely damaged due to the collision (Pic for representational purpose only)  Also Read: Dehradun hit-and-run: 4 labourers crushed to deat",1
09ead00d4989accf494b601c0130171f,"Vadodara car crash: Accused Rakshit Chaurasia denies drunk driving, claims ‘lost control due to potholes’","Vadodara car crash: Rakshit Ravish Chaurasia, the 23-year-old man who allegedly crashed a car into multiple vehicles in Gujarat’s Vadodara, killing a woman and leaving four others injured, claimed on Friday that he was not drunk at the time of the incident late Thursday night. Vadodara car crash: Rakshit Chaurasia told the media that he was not drunk at the time of the incident. (ANI)  The accident occurred around 12.30am near Muktanand cross roa",1
a57b6939da8fff06e714f51a6d26e3bf,"Woman killed, four injured as law student rams car into two-wheelers in Vadodara","Vadodara, A woman was killed on the spot and four others sustained injuries when a speeding car driven by a 20-year-old law student crashed into their two-wheelers in Gujarat’s Vadodara city in the early hours of Friday, police said. Woman killed, four injured as law student rams car into two-wheelers in Vadodara  The accident occurred around 12.30 am near Muktanand cross roads in the Karelibaug area following which the driver, Rakshit Chaurasiya",1
1519199c9ec5a230bd711f30a8806d10,"Leaning out of moving train for photos, 35-year-old tourist sustain critical injuries","A Chinese tourist in Sri Lanka was critically injured after she leaned out of a moving train to take photos and hit her head against a tunnel wall. The incident took place on March 9 on the Nanu Oya–Badulla route, reported the South China Morning Post. The incident took place in Sri Lanka on March 9.(Representational Image/Pexel)  The 35-year-old woman sustained serious head and leg injuries and was rushed to Haputale Regional Hospital before bei",2
1788311d3c2cf374e43919d8d632bd94,"Three killed, three Injured in head-on collision of bikes in Shahjahanpur","A major accident took place late Wednesday night near the toll plaza near Mahanandpur village on the Puwanya-Sindhauli road in Shahjahanpur district, where two motorcycles collided head-on. The crash claimed the lives of three young men, including a D-Pharma student, while three others, including a woman and her four-year-old daughter, sustained serious injuries. (Pic for representation)  According to police, one of the motorcycles was being ridd",1
a4c55397d337b1a06ccc5b7cab92b9c3,6 injured in road crash involving 3 vehicles in Thane,"Thane, Six persons, including a toddler, were injured in an accident involving three vehicles in Thane city of Maharashtra in the wee hours of Sunday, officials said. 6 injured in road crash involving 3 vehicles in Thane  The incident took place at 1.26 am at Cadbury junction bridge on the Eastern Express Highway, which is also the Mumbai-Nashik route, Thane Municipal Corporation's disaster management cell chief Yasin Tadvi said.  Know the latest",1
63d19f1e7363c914906cdb474120480d,"Three dead, 20 injured in bus-lorry collision in Andhra Pradesh's Eluru","At least three people died, and 20 others were injured after a private travel bus collided with a lorry and overturned near Chodimellu village in Eluru. The accident occurred in the early hours of Thursday, officials confirmed. The bus, which was traveling from Hyderabad to Kakinada, reportedly lost control due to overspeeding.(Representational photo)  The bus, which was traveling from Hyderabad to Kakinada, reportedly lost control due to overspe",1
2e4e782bebb91ee3ee3d442a17d41008,3 killed as three lorries crash in Chitradurga,"Three people died on Wednesday in a crash between tree lorries on the outskirts of Chitradurga, police said. 3 killed as three lorries crash in Chitradurga  “The accident occurred at around 5.30 am on NH-4, just outside Chitradurga. A lorry transporting paddy from Chitradurga to Davanagere was parked beside the road due to a burst tire. The driver and cleaner of the parked lorry were attempting to change the tire when a lorry carrying LPG cylinde",1
78a91780bfb35ad89c96c43cc3715efc,"Car rams barricade at Singhu border, 1 dead","A 35-year-old man, who had gone to Indira Gandhi International (IGI) airport to pick up his mother and was travelling with her to their hometown of Jalandhar in Punjab, was killed in a freak accident near Singhu – the border between the Capital and Haryana -- after a tyre of the car they were travelling in burst, causing the driver to veer into a cement jersey barricade, police said on Thursday. Police registered a case under section 281 (rash dr",1
0f1d0229cb6f2f5c560b80a8fdce2b03,"California judge charged with murder of wife, testifies ‘it was an accident’","A Southern California judge charged with the murder of his wife took the stand Monday to testify in his own defense, telling the courtroom he accidentally shot her with the gun he carried in an ankle holster. A judge from Southern California who is accused of killing his wife spoke in his own defence on Monday, claiming that he unintentionally shot her with the revolver he was carrying in an ankle holster.(AP)  Orange County Superior Court Judge",3
0d681de8caca8621a6dd5c5c645adf57,"Rajasthan: 5-year-old boy, who fell into borewell in Jhalawar, dies","The five-year-old boy who fell into a borewell in the Jhalawar district of Rajasthan on Sunday and was stuck at 32-feet depth was brought out dead on early Monday morning after around 16-hour-long operation by the NDRF and SDRF. After an approximately 16-hour operation, the five-year-old kid who fell down a borewell in the Jhalawar region of Rajasthan on Sunday and became trapped at a depth of 32 feet was pulled out dead early on Monday morning.(",2
39e6179197e7bc6f58e236b35408de0b,"MP: Six people from Karnataka, returning from Mahakumbh, killed in road accident","Six devotees from Karnataka were killed when their car hit the divider and rammed into a bus in Jabalpur district of Madhya Pradesh on Monday morning. The deceased were returning from Prayagraj after attending the Mahakumbh. Representational image.  “On Monday morning, eight people from Karnataka were returning from Prayagraj after attending Mahakumbh when they met with an accident in Pehrawa area of Jabalpur. Six died on the spot while two were",1
24cc8712e0a9b502e7f74f560f56dc4b,Kharar man killed in truck-scooter collision in Mohali,"A 50-year-old scooterist was mowed down by a speeding truck in Balongi on Friday afternoon. Mohali police arrested the accused truck driver, Maan Singh, who hails from Rajasthan. (iStock)  Police have identified the victim as Vishal Sharma, a resident of Sector 127, Kharar. According to police, Sharma was returning from Chandigarh after purchasing tiles for his house, accompanied by his acquaintances Rajinder Singh and Sumit Arora. The trio resid",1
285f251dac81f60881d4e46813939b8f,18-month-old child killed by speeding car being driven by 15-year-old in Delhi,"An 18-month-old child died allegedly after a speeding car being driven by a 15-year-old-boy hit him at Mukhmelpur village in Alipur in outer Delhi on Saturday morning, police said. The child was rushed to Satyawadi Raja Harish Chandra hospital by his uncle but was declared brought dead. (Representational photo)(Getty Images/iStockphoto)  The teenager attempted to flee the spot but was caught by locals and handed over to the police. Deputy commiss",1
cf3995d9d072a54c4e4b91ccdf0d9295,4 Bengal residents killed in Dhanbad car crash en route to Maha Kumbh in Prayagraj,"Four people from West Bengal on the way to Maha Kumbh in UP's Prayagraj were killed in Jharkhand's Dhanbad district in the early hours of Saturday as their car rammed into a truck parked on the roadside, police said. Early on Saturday morning, four West Bengalis travelling to Maha Kumbh in Prayagraj, Uttar Pradesh, were murdered after their vehicle collided with a truck stopped on the side of the road in Jharkhand's Dhanbad district, according to",1
0d563e35b758177f2528f33ef130c672,Cop probing accident on tracks hit by a train,"THANE: A Government Railway Police (GRP) sub-inspector from Kalyan was critically injured near Khardi on Friday morning while conducting panchnama of a woman who had fallen from a moving train at midnight. The officer, PSI Kailash Garje, sustained multiple fractures from the collision. Cop probing accident on tracks hit by a train  According to officials, Garje was preparing a panchnama of the accident when the collision occurred. “He was focused",2
133e37004d99cea94475a844bf2d877e,Seven killed in 2 road mishaps in Tarn Taran,"Seven persons were killed in two separate road mishaps in Tarn Taran district. Seven persons, including a couple, were killed in two separate road mishaps in Tarn Taran district. (Representational image)  Three of a family died in an accident on the Tarn Taran-Patti road near Lahuka village on Tuesday when the official vehicle of the SDM, Patti, rammed into their bike.  Know the latest trending news with HT. Read detailed articles here  The decea",1
90ea99fa87a0fa08bfd8b66e5992f6d1,Maharashtra: 3 injured after SUV rams into victims in Thane housing complex,"Three persons were injured after an SUV rammed into them in a housing complex in Maharashtra's Thane district on Tuesday, police said. On Tuesday, an SUV struck three people at a housing complex in the Thane region of Maharashtra, causing injuries.(PTI/representative )  A video of the incident that took place in the Kashimira area in the morning has surfaced on social media.  Know the latest trending news with HT. Read detailed articles here  An",1
fce04ecc3c6ff89d8ef41c756e33e79d,"Crash, fireball, flip: New video shows Delta Airlines' eventful landing","A Delta Airlines jet carrying 80 people, including 76 passengers and four crew members, was involved in a dramatic crash landing at Toronto's Pearson Airport on Monday afternoon. The plane, a Mitsubishi CRJ-900LR, flipped onto its roof while attempting to land at around 2.15 pm. All passengers survived, though 18 were hospitalized with minor injuries, according to airport officials. An aircraft from Delta Airlines sits upside down on the tarmac a",2
fee884c52c07518379ecd7d6c22a3324,"Rajasthan: 5 dead, 3 injured in road accident while returning from Maha Kumbh Mela","Five people returning from the Maha Kumbh mela died and three got injured when their car rammed into a truck in Rajasthan's Dausa district on Tuesday, police said. In Rajasthan's Dausa district on Tuesday, a car crashed into a truck, killing five people and injuring three more who were returning from the Maha Kumbh mela, according to authorities.(Getty images/representative )  The accident happened on Dausa bypass. Five of the six people, all res",1
0f3a9e5e75ca6942a0a1031a8b136bd2,UP: 4 members of family killed in Etah district road accident,"Four members of a family, including two children, were killed and five injured when their car fell into a canal near Jarera village, a police official said on Friday, According to a police officer on Friday, a family's automobile crashed into a canal close to Jarera hamlet, killing four of them—two of them children—and injuring five more.(Hindustan Times/representative )  The accident took place on Thursday night when the family was returning to",1
bc5bd66191b567f7b4e6ed4e11ec99e4,"3 women labourers, toddler killed as dumper truck falls on them in Gujarat's Banaskantha","Three women labourers and a toddler were crushed to death when a dumper truck carrying sand overturned and fell on them in Gujarat's Banaskantha district, police said on Sunday. The accident site in Gujarat's Banaskantha where a dumper truck overturned, leaving four persons dead.(PTI)  The incident occurred at Khengarpura village in the district on Saturday evening when a group of labourers was engaged in road construction work, they said.  Know",1
57d9eabf000f1b3382e8ac6eaa311bf1,"44-yr-old Bicyclist hit by car on Gurugram road, dies","Gurugram: A 44-year-old bicyclist was killed while standing along Hamilton Court road in Sector 28, Gurugram after he was allegedly hit by a Mahindra Thar, police said on Saturday. The victim worked as a chauffeur for the CEO of a leading telecom firm who lived in Sector 30. After the day’s work, he was returning on bicycle when the accident occurred. (Representational image)  The incident took place on Friday at about 9pm as the victim, Rajkumar",1
4fe79318ceb57639e39a585396b260ff,Indian-origin executive gets 25-year-jail term for drunk driving crash in New York that killed 2 teens,"A 36-year-old Indian-origin construction executive has been sentenced to up to 25 years for driving at 150 kmph while drunk and high on cocaine resulting in a crash that killed two teenagers in the US, according to media reports. A 36-year-old construction executive of Indian descent was given a term of up to 25 years in prison for driving at 150 kmph while intoxicated and under the influence of cocaine, which caused a collision that claimed the",1
d345692f6fa39617f3eb4a76a17ab916,Recent aviation disasters cause fears about the safety of flying,"The spate of recent aviation disasters and close calls have people worried about the safety of flying. People are wondering whether their flight is safe.(Pexels)  The midair collision that killed 67 near Washington, the fiery plane crash in Philadelphia and now a missing plane in Alaska are only the most high-profile disasters. There was also a Japan Airlines plane that clipped a parked Delta plane while it was taxiing at the Seattle airport earl",3
143bae232cf9849497b6571b7bb55c49,Biker crushed to death as truck topples over on Gurugram road,"A 38-year-old motorcyclist was crushed to death when a speeding container truck toppled over him at a sharp bend on the Sohna-Tauru Road on Thursday afternoon, police said, adding that the truck driver fled from the scene after the crash. Commuters alerted the police control room, and an emergency response vehicle was dispatched to the scene, officers aware of the case said (HT Photo)  According to investigators, the incident took place around 12",1
365612fab229af9d80a10e9bbff6835a,Six killed in two separate truck accidents in Madhya Pradesh,"Six persons were killed in two separate accidents involving trucks in Madhya Pradesh's Umaria and Bhind districts on Thursday, police said. Around 7.30 am, two speeding trucks collided in Umaria, killing three ladies and one man and injuring another.(PTI/representative)  In Umaria, three women and a man were killed and another person was injured in a collision between two speeding trucks at around 7.30 am, an official said.  Know the latest trend",1
546aa02bb27e2b74892aea2a9041c9e9,"Chhattisgarh: 3 teens skip school for tractor joyride, killed in accident","Three minor boys were killed and another was injured when a tractor on which they were riding after skipping school overturned in Chhattisgarh's Dhamtari district, police said on Thursday. While three of the teenagers got trapped under the tractor and died on the spot, another boy sustained serious injuries.(Getty Images/representative)  The accident took place on Wednesday near Charra village under Kurud police station limits, a police official",1
07f301df62651f4a692671019ff6e2db,"Tesla tragedy: Woman killed as car flips, goes up in flames in Manhattan","A woman driver was reportedly pronounced dead at the scene after she and her passenger were ejected from a Tesla vehicle on the FDR Drive in Manhattan, NYC. The cause of the crash has yet to be revealed. A female driver was killed after a Tesla flipped and caught flames in Manhattan on early Tuesday morning.(New York Post)  Per several US media reports, the unimaginable tragedy occurred early Tuesday as the car struck a guardrail and flipped on t",1
e78a946f0a2ad4a3d045b62af6243830,Navi Mumbai: 45-year-old man killed by 2 riders in road rage,"A 45-year-old man was attacked and killed by two unidentified two-wheeler riders in a road rage incident in Navi Mumbai, police said on Tuesday. In a road rage incident in Navi Mumbai, two unidentified two-wheeler riders assaulted and murdered a 45-year-old man.(Hindustan Times/representative)  The police have registered a murder case in connection with the attack that occurred in Kharghar on Sunday night, an official said.  Know the latest trend",3
faac0f627246812920920a276975ea10,"Five pilgrims, travelling to Dwarka, killed as bus falls into gorge in Gujarat","Five persons were killed and 17 others suffered grievous injuries after a private bus carrying pilgrims fell into a deep gorge in Gujarat's Dang district early Sunday morning, police said. The bus, carrying 48 pilgrims, fell at a depth of about 35 feet into the gorge.(Representational image)  The accident occurred at around 4.15 am when the driver of the bus lost control over the wheels near the Saputara hill station, in-charge Superintendent of",1
81c36f3ccd356fca93666805c5c112bd,Maha Kumbh: 10 injured after van carrying devotees overturns in UP's Barabanki,"Ten people were injured when a pick-up van carrying devotees returning from Prayagraj Maha Kumbh overturned in the Safdarganj area here, police said on Saturday. A pick-up van transporting devotees returning from Prayagraj Maha Kumbh crashed in the Safdarganj district here on Saturday, injuring ten persons, according to police.(Hindustan Times/representative)  According to police, the vehicle went out of control and turned on its head near Maulab",1
0d047b50ee9d39e70b08c1c91f3440bb,"1 dead, 11 missing as cruiser plunges into Bhakra canal in Haryana's Fatehabad","One person was killed while 11 others were swept away after a Force Motors Cruiser carrying 14 passengers plunged into the Bhakra canal in Haryana's Fatehabad district, police said on Saturday. According to authorities on Saturday, a Force Motors Cruiser carrying 14 people crashed into the Bhakra canal in the Fatehabad district of Haryana, killing one person and sweeping 11 others away.(Hindustan Times/Sakib Ali/representative)  A man and an 11-y",1
081342257aafc0c47c854928e7644950,12 die as pick-up van collides with truck in Punjab’s Ferozepur,"At least 12 people were killed when a pick-up van and a Canter truck collided in Ferozepur on Friday morning. Police said the pick-up was ferrying labourers from Guru Har Sahai, a sub-division in Ferozepur district, to Jalalabad in neighbouring Fazilka district when the accident took place. (HT File)  Police said the pick-up was ferrying labourers from Guru Har Sahai, a sub-division in Ferozepur district, to Jalalabad in neighbouring Fazilka dist",1
bd7a81a94177c9490d43275f33806062,"Republic Day function turns tragic in Odisha as pick-up van overturns killing a student, 20 others injured in mishap","A class 10 student died and 20 others were injured as a pick-up van that was taking them to a Republic Day function overturned in Odisha's Cuttack district on Sunday, police said. As per the police, the deceased has been identified as Soumya Ranjan Behera, a student of Class 10. (Representative image/Getty image)  The incident happened near Anshupa Lake when students of Malaviharapur High School were on the way to the Saranda Parade Ground after",1
89b3b9c2a1d3365cf0be8379a9d445a1,Man hit by car on MG Road dies; driver on the run,"Gurugram: A 34-year-old man was killed while crossing MG Road on Thursday evening after being allegedly hit by an unidentified speeding car, police said on Saturday. A 34-year-old man was killed while crossing MG Road in Gurugram on Thursday evening. (FILE PHOTO)  Police identified the victim as Nazmul Haq, originally from South Dinajpur, West Bengal, residing in a rented accommodation at Nathupur in DLF Phase-III. He worked as a painter in Gurug",1
62ec60208e708fbdd6530bb2ad40cc2e,Man miraculously escapes unscathed after getting trapped between two buses. Video,"A terrifying incident has left netizens stunned after a man narrowly escaped being crushed between two buses. According to Times Now, the event occurred in Tamil Nadu and was captured on video, which has since gone viral on social media. A man in Tamil Nadu had a miraculous escape after being trapped between two buses. (X/@Venkatesh_G1324)  (Also read: Man survives crash with miraculous landing on pickup truck bonnet after hitting divider. Video)",1
d665ccf14e0d2fd1152d91e1b3360c5f,Angelina Jolie and Brad Pitt's son Pax met with another e-bike crash after six months,"Pax Jolie-Pitt, the 21-year-old son of Angelina Jolie and Brad Pitt, has crashed his e-bike with a car after riding hands-free just six months after a similar accident sent him to the ICU with a head injury. Pax Jolie-Pitt, 21, crashed his e-bike in Hollywood after riding hands-free.(Dimitrios Kambouris/Getty)  Pax was riding his purple-and-black electric bike through Hollywood during Friday morning before he struck a white hatchback. Pax was wea",1
5d9d05b98f5d0c34a0b2d9b12e19d58f,"Bihar: Truck driver, one other killed after vehicle catches fire","A truck driver and his helper were burnt alive on Friday when the vehicle inside which they had fallen asleep after parking it on the roadside caught fire in Bhojpur district, a senior police officer said. The driver, Bhim Singh (56), and his helper Vikas Kumar (20), both local residents, were charred to death.(Hindustan Times/representative )  The incident took place in Koilwar police station area, where the 18-wheeler trailer went up in flames",2
6b8b7eabd445cc794732ef6c865ec365,"Pushpak Express mishap: ‘Mother told me to jump, couldn’t as I was scared’","A journey that began with routine expectations turned into a nightmare for passengers aboard the Pushpak Express. The train that left the Lucknow junction around 9:40 pm on Tuesday was caught in chaos as rumours of a fire led to panic, screams, and a scramble for safety. Officials at the site where 12 passengers of Pushpak Express were hit by Karnataka Express, at Pachora in Jalgaon on Wednesday. (ANI)  At least 12 passengers were killed on Wedne",2
08bd3459fd169b14bb5df5c3cc857d83,"Jalgaon accident: 12 passengers jump out fearing fire, run over by another train","Train accident today: At least 12 people were killed after they being hit by the Bengaluru Express in Maharashtra’s Jalgaon district, railway officials said. The catastrophic train accident occured near the Paranda railway station at 4.19 pm on Wednesday. Train accident today: Pushpak express was travelling from Lucknow to Mumbai when the accident occured.(ANI)  According to railway officials, the tragedy unfolded when passengers aboard the Pushp",2
19c049e32a0f12ce4822dbe405215639,Shocking CCTV video shows car plummeting from first floor of Pune apartment,"A shocking incident occurred in Viman Nagar on Sunday morning when a car fell from the first-floor parking lot of the Shubh Gateway Apartment. A viral video, recorded by a CCTV camera, captured the dramatic moment when the vehicle slid backwards and plunged to the ground after a portion of the parking structure collapsed. The incident was captured by a CCTV camera.  The footage, which has been widely circulated online, begins with a white car ent",1
d75a674a8f702c61294731c5ad38eb3a,What to do if you're involved in a car accident: Essential steps to follow,"A car accident can happen in a split second. Whether you are at fault or someone else is a car accident is a nasty thing to happen. But often, the collision itself is only the start and, to make sure you’re protected further down the line, there are some things to remember. In this article, we’re going to be looking at some of the things to remember if you are involved in a car accident in the future. Also read | World First Aid Day 2023: Essenti",3
412e16957c91ed9e02e48a3b90fe593d,"Gurugram: Retired army colonel runs over woman with his SUV in Ardee city, held","A 29-year-old woman died after being hit by a speeding SUV at Ardee City in Sector 52, Gurugram, on Sunday afternoon, police said. The SUV was driven by a 70-year-old retired army colonel, who was arrested later that night but granted bail following Supreme Court guidelines. Police saidthe SUV driver, a resident of Block B of Ardee City, claimed that he had tried to save the woman and took a sharp left turn but ended up crashing into another car",1
39a077004ba67d8e8dc9330e3137a124,Himachal Pradesh: 2 brothers dead after cement-laden truck plunges into ravine in Shimla,"Two brothers died after their cement laden truck plunged into a ravine in Himachal Pradesh's Shimla district on Monday, police said. In the Shimla area of Himachal Pradesh, a truck carrying cement crashed into a ravine on Monday, killing two brothers, according to authorities. (PTI/Bipin Nautiyal/representative)  The victims have been identified as Dinesh Kumar (29) and Vinod Kumar (37), residents of Thhera village in Solan district, officials sa",1
b7293159fdede6f2ac67a0e35b319241,Arjun Kapoor-Jackky Bhagnani accident on Mere Husband Ki Biwi set: FWICE president says shooting has been stopped,"On Saturday, an unfortunate incident happened at the shoot of Arjun Kapoor, Bhumi Pednekar and Rakul Preet Singh starrer Mere Husband Ki Biwi, as the ceiling of the set they were shooting at in Mumbai collapsed. Several people were injured in the accident including Arjun, producer Jackky Bhagnani, director Mudassar Aziz and many crew members. Arjun Kapoor and Jackky Bhagnani got injured on Mere Husband Ki Biwi set  However, Federation of Western",2
365f00e0c07193508b88983c00a7213d,"Himachal: Tourist killed, pilot hurt as paragliders collide in Kullu","A tourist from Tamil Nadu was killed and a pilot was severely injured after the paraglider they were on collided with another one in Kullu’s Gadsa paragliding site on Friday. Following violations, paragliding at the Gadsa site in Kullu was banned in January 2023 which was lifted in February 2023. (Picture only for representational purpose)  The deceased has been identified as Jayesh Ram, 28, hailing from Tamil Nadu while the injured pilot was Ash",2
a33551cdbe5d2451ac2faff0c29a7070,"Speeding truck loses control in Shimla, crashes into multiple cars in shocking video","A terrifying accident caught on camera has surfaced online, showing a speeding truck losing control on a narrow mountainous road and colliding with four cars before turning on its side. The footage, reportedly recorded in Shimla, shows the chaos that unfolded as observers rushed to help those involved. The truck driver was seen climbing out of the overturned vehicle. (Instagram/@itx_shadu_04)  In the video, shared with the caption “Live accident",1
b45fb65a39fa3fcb5fef3d8c0877e1c7,"Fire breaks out in Navi Mumbai bus, close shave for 22 passengers","Passengers onboard a civic transport service bus had a narrow escape when it caught fire in Maharashtra's Navi Mumbai township on Thursday morning, police said. On Thursday morning, passengers on a civic transport service bus narrowly avoided death when it caught fire in the Navi Mumbai district in Maharashtra.(AP/Rafiq Maqbool/representative)  All the 22 passengers were evacuated safely and no one was injured, they said.  Know the latest trendin",2
b398224bcdc84292a372d9db16dd870b,Mother-son duo run over by garbage truck in Kalyan,"THANE: A speeding truck ran over a woman and her 4-year-old child at the Sri Dakshin Maruti Temple Square on Agra Road in Kalyan West on Wednesday, crushing them under the wheels of the vehicle. A speeding truck ran over a woman and her 4-year-old child at the Sri Dakshin Maruti Temple Square on Agra Road in Kalyan West. (Getty Images/iStockphoto)  The Bazarpeth police in Kalyan West have detained the driver, who works for the Kalyan Dombivli Mun",1
bebc766bd960967db73b7aa78d08c28d,Rescue efforts underway for nine trapped coal miners in Assam flooding incident,"Indian search teams including military divers worked Tuesday to reach several coal miners trapped underground after water flooded the shaft a day earlier, rescue officials said. Divers use a pulley to enter a coal mine to rescue trapped miners in Umrangso, a remote area in the northeastern state of Assam(REUTERS)  Nine men are reported to be trapped in the mine, with a rescue report saying three bodies had been spotted.  Know the latest trending",2
7e899c32851af582e5d2d8a17e88013f,Two children among 3 killed as truck collides with motorcycle on Shikrapur-Chakan Road,"A man and his two children were killed in an accident on the Shikrapur-Chakan Road on Monday. The incident occurred when a truck collided with the motorcycle the man was riding while on his way to drop off his children at the school. Shikrapur police rushed to the scene and sent the bodies for post-mortem. (REPRESENTATIVE PIC)  The deceased have been identified as Ganesh Sanjay Khedkar, 35, Tanmay Ganesh Khedkar, 9, and Shivam Ganesh Khedkar, 5,",1
1022d34708a5faffaefd402dedd493e8,"Odisha: 2 BJP leaders killed in car-truck collision, survivor suspects ‘deliberate attack’","Two leaders of the Bharatiya Janata Party (BJP) were reportedly killed after a dumper hit the car they were travelling in in Odisha's Sambalpur district on Sunday, police said. One of the survivors alleged that someone might have tried to hit their vehicle “intentionally”. (Pixabay/Representative)  The deceased were identified as Debendra Nayak, BJP's Goshala mandal president and Muralidhar Chhuria, a former sarpanch, reported news agency PTI, ad",1
18d32dc08d43c92923fd86937f4ac7d4,"Mumbai: Trailer collides with parked vehicles in Dharavi, none injured","A black-and-yellow taxi and a tempo fell into a creek after a speeding trailer hit parked vehicles at Dharavi in central Mumbai on Friday morning, an official said. In Dharavi, central Mumbai, a speeding trailer struck parked cars on Friday morning, causing a black-and-yellow cab and a tempo to plunge into a stream(Hindustan Times/Satyabrata Tripathy/representative)  No one was injured in the accident that occurred around 4.45 am at T-junction wh",1
48419c658e0c3c0e8bb4e537c01bd454,"Caught on camera: Two women thrown off scooty, narrowly escape tragedy after hitting car","A harrowing incident involving two women on a scooty was captured on CCTV, showing the riders losing control and skidding on an empty street. The scooty then collides with an oncoming car, which comes to a stop just in time to prevent what could have been a serious accident. The two women did not sustain any serious injuries in the incident.(X/@gharkakalesh)  The footage, shared on the microblogging platform X by the handle @Gharkakalesh, has gai",1
7c00eb28ce4853e7154a71ae7cbba9ac,"4 dead, one injured in collision with parked truck on Delhi-Haridwar highway","Four passengers travelling in a car, residents of Rewari, Haryana, died in a road accident on the Delhi-Haridwar highway late at night, while one passenger was seriously injured and is undergoing treatment at Rishikesh AIIMS Hospital. The injured passenger has admitted to AIIMS Rishikesh, where he is undergoing treatment. (Unsplash/Representational)  The road accident is in the Bahadarabad police station area. The car of the passengers coming fro",1
7c49393379cf61344b60e6d58b96ca1a,45 injured in bus crash on Delhi-Mumbai expressway due to heavy fog conditions,"Around 45 passengers were injured when a private bus rammed into two trucks, which had already collided with each other on the Delhi-Mumbai Expressway in Rajasthan's Dausa district on Thursday, police said. In Rajasthan's Dausa area, a private bus struck two vehicles that had previously collided on the Delhi-Mumbai Motorway, injuring about 45 people. (PTI/representational)  Nangal-Rajawatan DSP Charul Gupta said that a bus of devotees was going f",1
bca31d44c24d896dc1be5566d43a749a,Road mishap claim three lives in Himachal’s Theog,"Three youths lost their lives on New Year Eve after the vehicle they were travelling in rolled down the hill in Theog in Shimla district, police said on Wednesday. Mangled remains of the car. (HT Photo)  The deceased have been identified as Sajan, 23, Prashant, 21 and Sahil, 22, all from Kinnaur, officials added.  Know the latest trending news with HT. Read detailed articles here  The accident occurred last night at around 11.30 pm, said police.",1
bf9ea9c1774f88fa7fd41605277fbc4d,Death toll rises to 71 in Southern Ethiopia road accident,"The death toll from a road accident in southern Ethiopia has risen to at least 71, according to a local police official. At least 71 people have died in a vehicle accident in southern Ethiopia.(Unsplash/representational)  In a Facebook post late Sunday, the Sidama Police Commission Traffic Prevention and Control Directorate said that ""68 males and three females are known to have died in the accident so far"", citing Chief Inspector Daniel Sankura.",1
8c122559e9356b5c0251575093ad9277,"Actor Urmila Kothare's car runs over labourers in Mumbai, 1 killed","One labourer was killed and another one injured after being hit by Marathi actress Urmila Kothare's car in Mumbai's Kandivali, police said. The actress and her driver were also injured in the accident. Actor Urmila Kothare was also injured in the accident.  Urmila Kothare was returning from work when the accident occurred near Poisar Metro station. The driver lost control of the car, which was traveling at high speed, and hit two metro workers. O",1
b1f965af973978e108984b3f14071fba,Delhi: 54-year-old dead in late night crash near Chanakyapuri,"A 54-year-old cab driver was killed early on Thursday when a speeding SUV ran a red light and rammed into his van at the Sardar Patel Marg-Panchsheel Marg intersection in Chanakyapuri. Police suspect dense fog reduced visibility, leading to the accident. Mangled remains of the SUV which jumped the red light and crashed into the cab early on Thursday. (Sanchit Khanna/HT Photo)  The cab driver – Sukhdev Yadav – was driving a Maruti Eeco van with tw",1
65069e6ef349b221a5f37c721a1e5b58,Caught on cam: Speeding truck driver drags two men on Agra Highway,"In a shocking incident caught on camera on the Agra highway in Uttar Pradesh, a man was dragged under a moving truck while his motorbike remained wedged beneath it. A video of the incident, which has gone viral, captures the harrowing moment as the man, identified as Zakir, screamed for help while the truck continued to accelerate. The incident took place on Agra highway.(X/@Gharkakalesh)  The incident occurred as Zakir and a companion were retur",1
00e497106be375f0f11c4754854b033a,Road rage caught on cam: Truck's reckless manoeuvre sends biker tumbling on mountain road,"A heart-stopping moment of road rage was captured on camera, showing a truck's aggressive manoeuvre forcing a biker to fall on a mountainous road. The biker narrowly escaped tragedy with no significant damage or injuries reported. The biker narrowly escaped tragedy. (X/@Gharkakalesh)  The shocking video, captioned ""road rage between bike and truck,"" quickly gained traction online, amassing over 600k views shortly after being shared on X (formerly",1
9e37e3af6b653835417802c0bdace581,Biker dies after being hit by unidentified vehicle on SCLR,"Mumbai: A 42-year-old biker was killed on Sunday morning when he was hit by an unidentified vehicle while travelling on the Santacruz-Chembur Link Road (SCLR). Police have booked the vehicle’s driver for causing death by rash and negligent driving and are trying to identify the vehicle through CCTV footage. Biker dies after being hit by unidentified vehicle on SCLR  The deceased, identified as Laxmikant Lalbihari Dubey, lived with his family in L",1
f694584b465bdbfd9476f6230552b150,"Class differences and prejudices have a role to play in road rage, says top traffic psychologist","The last six months of the year have witnessed a surge in road rage incidents in our overcrowded cities. Police in Bangalore have reportedly registered 40 cases of road rage this year. Between August and October, volatile Delhi recorded more than ten incidents, including one that led to the death of a 20-year-old man. In suburban Mumbai, a 27-year-old man was beaten to death by a group of men after an altercation on a busy road. Anagha Pullangott",3
6605d555ce67283647b4ee7e8b4655e1,"Horrific Bengaluru accident that killed CEO, his family in Volvo sparks debate on road safety","A devastating road accident near Bengaluru that claimed the lives of six members of a family on Saturday has sparked a debate on whether cars made to be safe are effective on unsafe roads. The family was traveling in a Volvo SUV when a container truck overturned and crushed their vehicle, killing everyone inside. The accident occurred on National Highway 48 near Nelamangala, on the outskirts of Bengaluru.(X/drivesmart_IN)  The accident occurred o",1
571ebc93b536f7b2de2a0998dbee53b0,How heroic 20-year-old saved 30 burn victims of Jaipur LPG tanker blast,"Jaipur gas tanker explosion: Shortly after an LPG tanker collided with a truck on Friday that led to a massive fire, around 30 burn victims sought refuge in a farmhouse near the Jaipur-Ajmer National Highway. The family residing in a temporary shelter on the farmland was jolted awake by cries for help and opened their doors to a horrifying sight, The Times of India reported. Rescue operation underway after an LPG tanker collided with multiple veh",1
498f1cec9340e8776defab2323265545,"4-year-old boy run over by speeding car in Mumbai, teen driver arrested","A four-year-old boy was killed in Mumbai after being hit by a speeding car, which officials said was being driven by a 19-year-old. The incident occurred in Wadala area, and the child was knocked down when he was playing on the road, police said. Mumbai, India. Dec 21, 2024: A 3 -year-old boy lost his life after a car hit him near Wadala depot in Wadala, Mumbai. Mumbai, India. Dec 24, 2024. (Photo by Raju Shinde/HT Photo)(Hindustan Times)  Bhusha",1
c83e9fc064f6a79b98b6006634cb266c,"Caught on CCTV: Car flips 8 times on Rajasthan highway, passengers escape unhurt, ask for tea","In a miraculous escape, five passengers walked away unscathed after their SUV flipped eight times in a freak accident on a highway in Rajasthan's Nagaur district on Friday. The dramatic incident, captured on CCTV, showed the high-speed vehicle spiralling out of control before coming to a halt in front of a car showroom. In Rajasthan, five passengers miraculously escaped unhurt after their SUV flipped 8 times(X/HateDetectors)  (Also read: Man surv",1
ec2bcbdc6821b7cb5da7ce98e7883b2e,Jaipur gas tanker crash: CCTV shows fire sweeping nearby property moments after accident | Video,CCTV video at a property near the spot where a gas tanker collided with other vehicles on Jaipur -Ajmer highway in Rajasthan showed fire engulfing the premises within seconds and leaving a trail of destruction. Firefighters at the site of the accident after a truck loaded with a chemical collided with some other vehicles and caught fire on the Jaipur-Ajmer Highway.(PTI)  Other visuals showed smoke engulfing a street after the tanker collided with,1
fa4d9c25e5ba3a3b2ab0c31e0ccd99cd,"Ludhiana: Driver charred to death as truck overturns, catches fire","A truck driver was charred to death after the vehicle hit the railing of a bridge, overturned and caught fire in Transport Nagar on the Amritsar-Delhi national highway, officials said. The gutted truck after the accident near Transport Nagar in Ludhiana on Thursday. (Manish/HT)  Police said the victim was burned beyond recognition and they are working to ascertain his identity.  Know the latest trending news with HT. Read detailed articles here",1
0f315e57aa62fb297db62e1417ea95b4,"Mumbai ferry mishap: Body of missing passenger found, death toll rises to 14","A missing passenger's body was recovered on Thursday off the coast of Mumbai where a Naval boat had collided with a ferry the day before, police officials told the news agency PTI. The death toll in the tragic accident has now risen to 14. 14 people died in the tragic ferry boat accident off the coast of Mumbai (Bhushan Koyande/HT Photo)  The 43-year-old man was among the two passengers reported to be missing after the mishap. Search operations a",2
5ee672ce4e0b10219b956f21d2e952c1,Mumbai boat accident survivor recalls ‘mutilated body’ crashing on ferry deck after collision,"A survivor of the Mumbai boat accident that claimed 13 lives has opened up about the moment of impact and its aftermath. At least 13 people died and two were critically injured after a passenger ferry capsized off the coast of Mumbai on Wednesday evening. The ferry was hit by an out-of-control Indian Navy speedboat while plying tourists to Elephanta Island. A boat carrying 85 passengers capsizes near the Gateway of India, in Mumbai on Wednesday.(",2
6b74c9e3c4ea8d9cee36ff91e668c7bc,"Gujarat: Bus accident in Bhavnagar kills 6, leaves 10 injured","Six persons were killed and nearly 10 others injured after a private bus rammed into a dumper truck on a highway in Gujarat's Bhavnagar district on Tuesday morning, police said. On Tuesday morning, a private bus collided with a dumper truck on a highway in Gujarat's Bhavnagar district, killing six people and injuring about ten more. (PTI)  The accident took place near Trapaj village at around 6 am when the bus was on way towards Mahuva from Bhavn",1
00ead3d72c3d921b9bb41c47d037fdf5,Mumbai: Death toll rises to 8 in Kurla BEST bus accident as man succumbs to injuries,"A 55-year-old man, who was among the several persons injured in the BEST bus accident in Kurla area of Maharashtra's Mumbai, died on Monday morning, taking the death toll to eight, a civic official said. Sanjay More, who was intoxicated when he drove the BEST bus that killed eight people, swerved into the busy market at an unsafely high speed and struck stopped and moving cars, including a police jeep.(PTI)  The electric bus, hired by the civic-r",1
72e1c676f7a3ac905cb6c5d7b0304843,"25-year-old biker killed after being hit by bus in Mumbai, days after deadly Kurla accident","Days after a BEST bus accident killed seven persons in Mumbai's Kurla, a 25-year-old man died after being run over by the electric busy in the Govandi area, police said. Four days after the Kurla accident, BEST bus services had just resumed on Friday. (Raju Shinde/HT Photo)  The incident took place late on Saturday at the Shivaji Nagar junction in Govandi when the victim, Dikshit Vinod Rajput, was on his motorcycle, ANI reported.  Know the latest",1
1036b2b9d6c5a85a96ddd98239487b83,"Dutee Chand stops truck after accident, police detain driver for questioning","Sprinter Dutee Chand escaped unhurt after a truck hit her car near OMP Square in Cuttack, police said on Friday. A truck struck sprinter Dutee Chand's vehicle close to Cuttack's OMP Square, but she was unharmed(PTI)  The incident took place on Thursday evening when Dutee was returning to Bhubaneswar from her native Jajpur district with a friend. Her luxury car suffered damage in the accident, they said.  Know the latest trending news with HT. Rea",1
eb7eabe4c2f20106249b184cee568349,"Indian student dies, 4 injured after horrific car crash in UK's Leicestershire","A 32-year-old Indian student, Chiranjeevi Panguluri, has died in a road accident in Leicestershire, eastern England. The incident occurred on Tuesday morning when the car Panguluri was travelling in left the road and ended up in a ditch. A 27-year-old man was arrested on suspicion of causing death by dangerous driving.(REUTERS)  According to the Leicestershire Police, Panguluri was pronounced dead at the scene. Three other passengers, including o",1
253ce44fd42abd84b589ce3c58e45e86,UP: Fluorescent strips on stray bulls to prevent fatal accidents on highways,"The highways of Uttar Pradesh, particularly at night, have become a dangerous space where speeding vehicles and stray bulls often lead to fatal accidents. To address this issue, the Pilibhit district of Uttar Pradesh has launched an innovative initiative to make stray cattle more visible on roads after dark by installing reflective fluorescent strips around their necks and horns. Last month, UP presented what appeared to be a simple solution. Neo",3
02f68b7493c82bc4944874d0f4e1e923,Teenage boy crashes Porsche car into motorcycles in Mumbai's Bandra,"A speeding Porsche car allegedly driven by a 19-year-old boy crashed into motorcycles parked along a footpath in Bandra, Mumbai in the early hours in of the morning on Saturday, police officials told news agency PTI. Nobody was injured in the accident. The Porsche driven by a teenager crashed into motorcycles parked in Bandra on Saturday morning  The police booked Dhruv Gupta for rash and negligent driving and his his blood samples were sent for",1
e08bd2b82bf958289452954a1bcc385b,IPS officer en route to join duty dies in road accident in Hassan,"A 26-year-old probationary IPS officer Harsh Bardhan, who was en route to assume his duties, died after his jeep driver lost control while driving at a high speed near Kittanegadi village in Hassan taluk, police said on Monday. Harsh Bardhan (HT Photo)  Police said the accident took place on Sunday at around 4.15pm on National Highway 373, which connects Hassan and Mysuru, when Bardhan was en route to report to the Hassan district superintendent",1
dbf7b6a8cf5883e2f2e44e5d2bed91b7,Krushna Abhishek shares wife Kashmera Shah is doing fine after her accident: She is a strong woman,"Kashmera Shah recently met with an accident while she was in the US, away from her family. The actor had informed about the incident on social media by sharing a picture of blood-stained tissues on her car seat, followed by a picture of her nose covered in bandages. While the incident got everyone worried, her husband, actor-comedian Krushna Abhishek informs that she is doing fine. Krushna Abhishek on Kashmera Shah's health after accident  Explai",2
23000635058a6232f1a282ba09a9e607,Man survives crash with miraculous landing on pickup truck bonnet after hitting divider. Video,"A chilling video has gone viral on social media, capturing a scooter rider’s astonishing escape from what could have been a tragic accident. The 10-second clip, shared by X user Mikku, has left viewers both stunned and relieved as they witness the man’s extraordinary luck and calm demeanour. A scooter rider narrowly escaped disaster, landing on a truck's bonnet after losing control. (X)  Scooter rider loses control, lands on pickup truck bonnet",1
29880ddb51cf9e63ee4a4ca1b2a4daad,Two bus routes discontinued after fatal accident are now back in Uran,"Navi Mumbai: Nine months after suspending three bus routes following a fatal accident, Navi Mumbai Municipal Transport (NMMT) has reinstated two of them in response to persistent public demand. The routes were initially discontinued after an NMMT bus accident on February 8 along the Khopta-Koproli road towards JNPT. Representative Image. (BACHCHAN KUMAR/HT PHOTO)  The routes were initially discontinued after an NMMT bus accident on February 8 alo",3
c3e2f94fd8c82439de39d344c6a65749,UP: Five doctors killed after car collides with truck in Kannauj,"Kannauj accident: Five doctors were killed after the vehicle they were travelling in crashed into a divider and got hit by a truck in n the Lucknow-Agra Expressway early Wednesday morning near Uttar Pradesh’s Kannauj city, police said. Wreckage of a car being towed away after an accident at the Agra-Lucknow Expressway, in Kannauj district.(PTI)  The vehicle they were traveling in lost control, crashed into the divider, and then veered into the op",3
76ec2503331fe0a46b43ab49538181ae,Dehradun accident: Police try to piece together what led to Innova crash that killed 6 students,"Dehradun car accident: A night out turned into a tragedy in Dehradun's ONGC Chowk on Monday night when a speeding multi-utility vehicle (MUV), Innova, collided with a container truck, claiming the lives of six students. The victims, all residents of Dehradun except for Kunal Kukreja (23) from Chamba, Himachal Pradesh, were identified as Atul Agrawal (24), Rishabh Jain (24), Navya Goel (23), Kamakshi (20), and Guneet (19). People gather around the",1
fb86c3b62f9cb654d83e5079eccb582a,Noida: Mad dash to admit sick child ends in death of 5 of family in accident,"Tragedy struck a family after their two-year-old boy, who had a low blood count and needed urgent blood transfusion, was shuttled off from one hospital to another four times on Sunday evening, all the way from Dadri to Noida, only for five members of the family to perish in a late night accident on the Noida-Greater Noida Expressway. The exact reason for the accident remains unascertained as all five occupants— Hari Mohan’s cousin Aman Singh, 27,",1
6ee838c3d859a41f7fc4650f41ce435a,"Chain accident between BMTC bus, truck and a car kills two on Bengaluru’s Airport Road: Report","A multi-vehicle accident occurred late on Monday night on the road leading to the Kempegowda International Airport (KIA) in Devanahalli, Bengaluru, resulting in the deaths of two individuals and injuries to several others. The incident took place near the Yelahanka flyover, where traffic conditions worsened due to the chain collision. The BMTC Volvo bus involved in the accident was in mangled shape on Bengaluru's Airport Road.(Reddit)  The deceas",1
ba5a014b28d9be667607327b0b871a9a,Teens on way to college die in car crash on Gurugram Expressway; 2 more wounded,"Gurugram, Mayhem struck Gurugram's Sohna Expressway on Monday when a speeding car went through the divider killing two of its three teenage occupants and seriously wounding three more commuters, according to police. Teens on way to college die in car crash on Gurugram Expressway; 2 more wounded  The Tata Altroz car, cruising out of control, uprooted a light pole and rammed into another car, a Honda City, on the other side of the road, causing a b",1
2d0fd082747941cb2d2da776b8411cff,"J&K: 3 killed, 4 critically injured as Eeco van falls into gorge in Reasi district","At least three persons, including a 10-month old baby, were killed and four others sustained critical injuries when an Eeco van skidded off the road and plunged into a deep gorge in the Chassana area of Reasi district in Jammu and Kashmir on Saturday. An Eeco van skidded off the road and plunged into a deep gorge in the Chassana area of Reasi district in Jammu and Kashmir on Saturday. (For representational purpose only)  The accident took place a",1
ee384e402413f695429dde2bcfd31e13,Video: Kerala CM Pinarayi Vijayan's convoy involved in pile-up in Thiruvananthapuram,"Kerala chief minister Pinarayi Vijayan's convoy met with an accident on Monday evening at the Vamanapuram Park junction in the Thiruvananthapuram district, reported news agency PTI. Kerala CM Pinarayi Vijayan's convoy met with an accident on Monday evening in Thiruvananthapuram(PTI)  The accident took place while the chief minister was travelling back to Thiruvananthapuram from Kottayam, accompanied by five escort vehicles and an ambulance.  Know",1
1b4da1a943cb496a8f54eff660541bf5,25-year-old pillion rider mowed down after falling from bike,"MUMBAI: A 25-year-old pillion rider was mowed down by an unknown vehicle after the two-wheeler he was travelling on skidded causing the deceased to fall on Western Express Highway (WEH) on Sunday night. 25-year-old pillion rider mowed down after falling from bike  According to the rider of the two-wheeler and the only eyewitness of the crash, the accident took place at 11.10pm on Sunday on WEH near the turn towards Mahim from Bandra east.  Know t",1
f0e92f7deecacf3bb39e1644c4d94dab,"Indore police's ‘Yamraj’, Jawahar Singh, dies in accident while tending cow","Indore Police’s ‘Yamraj,’ head constable Jawahar Singh Yadav, has died after an electric shock while caring for his cow, which also died in the incident. Police head constable Jawahar Singh Yadav, known as 'Yamraj', dies in tragic electric shock.(Facebook)  Yadav became famous during the COVID-19 pandemic for dressing as Yamraj, the Hindu god of death, to spread awareness, urging people to stay home and get vaccinated.  Know the latest trending n",2
00394820f024350d9c7e684ded929845,"Teen run over by train while crossing railway track, dies","Navi Mumbai: A 16-year-old girl died after being run over by a local train while trying to cross the railway track instead of using the stairs at Seawoods station in Navi Mumbai on Monday afternoon. The accident disrupted services on the Harbour line for around half an hour. Teen run over by train while crossing railway track, dies  The deceased, Sana Abdul Siddique, was a resident of Govandi and the daughter of a scrap dealer. She regularly trav",2
61b4f392c49331353b236060ce2681b8,"Hyderabad man accidentally falls off 3rd floor while chasing a dog, dies","A 23-year-old man died in Hyderabad when he accidentally fell from the third-floor window while playfully chasing a dog. The incident took place at the VV Pride Hotel in Chandanagar, where the victim had gone to attend his friend's birthday party on Monday, reports News18. CCTV footage shows Uday stepping out of his room and encountering a dog in the hotel corridor  CCTV Footage Reveals Tragic Events  A widely shared video on social media and CCT",2
10af054a98b97cde52a4ccaf7e66564d,"Odisha man visits hospital after being hit by truck, doctors allegedly steal his organs","A Odisha man, who died after being hit by a mini truck, went to a private hospital in Cuttack for treatment. He died at the hospital three days later. The 44-year-old's family alleges that the doctors stole his organs during the treatment. The family says they found surgery marks on the abdomen even though the victim had suffered head injuries. The hospital authorities had handed over the body to the family members of the deceased without conduct",1
8b18c99254fe42dfb2d02867f7b56930,2 dead as car hits toll staffers in Una,"Two staff members at the Ajouli toll barrier in the Una district of Himachal Pradesh were killed on Monday and another was critically injured after a ‘rashly-driven’ car rammed into them, officials said. The mangled remains of the car after the accident at Ajouli toll barrier in Una district on Monday. (HT Photo)  The accident occurred around 4 pm.  Know the latest trending news with HT. Read detailed articles here  Police said Ranjeet Singh, 45,",1
ef06d7a32cf9412bf1c96cf42a342451,"28-year-old Bengaluru woman dragged by cab for 40 feet after colliding with BMTC bus, dies: Report","An accident in Bengaluru on Tuesday morning claimed the life of a 28-year-old woman, identified as Monika S, when she was struck by a speeding Bengaluru Metropolitan Transport Corporation (BMTC) bus and then dragged by a cab for nearly 40 feet. The incident occurred at around 9:50 am near Ullal Upanagar Lake on 80 feet road, and both the bus and cab drivers have since been arrested, The Indian Express reported. Monika was riding her scooter when",1
8666593c46a2e9b4984141bb36b694e9,Two killed after being run over by speeding truck on Sohna Road,"Gurugram: Two people were killed after being run over by a speeding truck near the busy Ambedkar roundabout on Sohna Road, police said on Wednesday. Two people were killed after being run over by a speeding truck near the busy Ambedkar roundabout on Sohna Road in Gurugram. (Representational Image)  They identified the deceased as Geeta Yadav, 39, from Najafgarh, Delhi and Vinit Kumar, 34, from Nuh. The incident took place at 3pm on Tuesday. Accor",1
813ef8aaa520f950832ab9a6536f9331,2 die as car with polls officials plunges into gorge in Reasi,"A driver and a constable died while election zonal magistrate escaped unhurt when their car veered off the road and plunged into a gorge in Reasi district on Tuesday, said officials. Eleven constituencies in three districts of Reasi, Rajouri and Poonch are going to polls in second phase on Tuesday.  The deceased were identified as constable Ajaz Khan of IRP’s 19 battalion and Javeed Ahmad (driver) son of Bashir Ahmad resident of Khour.  Know the",1
298ceed2a625ce3057538f8aa044dd22,Disturbing video shows KSRTC bus run over woman in Karnataka's Tumakuru,"A woman was critically injured after being run over by a state-owned Karnataka State Road Transport Corporation (KSRTC) bus while crossing the road near the bus terminal in Tumakuru, located 70 km from Bengaluru. Eyewitnesses claimed the KSRTC bus was allegedly speeding (Representational Image)  A video posted on the social media platform X by a Karnataka portfolio could not be independently verified by HT Digital. According to the post, eyewitne",1
f092147bbc32c8003fd9849ab3fe3893,EXCLUSIVE| Preeti Jhangiani gives husband Parvin Dabas' health update: He will be out of the ICU tomorrow,"Actor Preeti Jhangiani, wife of actor-director Parvin Dabas, who is in the ICU with grievous injuries, following a car accident in the early hours of Saturday in Mumbai, has spoken out for the first time since the unfortunate incident. “It’s a shock, we’re still coping with it emotionally. He is usually very active and doesn’t stop talking about work even for a minute. To see him lying down and not his active self, is disturbing for the family,”",1
004e04a3af6ead7260b6d06ce57dd5c5,"Video: Pune civic body truck falls into sinkhole, driver escapes unhurt","A truck belonging to the civic sanitation department in Maharashtra's Pune fell into a sinkhole that opened up near the City Post Office on Friday. The driver of the jetting machine truck, used for cleaning drainage lines, was unharmed, news agency PTI reported citing fire brigade officials. The incident occurred at 4 pm in the densely populated Budhwar Peth area on Friday.(PTI)  The incident occurred at 4 pm in the densely populated Budhwar Peth",1
420d546ded8c59e8fd7ce4200b2d5387,"Gurugram accident: Biker's friend says police didn't collect video as evidence, mother questions SUV driver's bail","One of the friends of a biker, who died in an accident in Haryana's Gurugram after his bike collided with an SUV, has alleged that the police did not collect video of the accident as evidence despite seeing the footage at the scene of the accident, reported India Today. A car collided into a bike ina deadly accident on Golf Course road, Gurugram(Nabila Jamal/X)  Pradyuman Kumar, a friend of 23-year-old Akshat Garg, who died in the accident on Gol",1
cfaaa66a3d9a3923b231848dc04f01d3,"Injured in freak accident, Nawab Malik’s son-in-law still critical","Mumbai: Nationalist Congress Party (NCP) leader Nawab Malik’s son-in-law Sameer Khan, who was critically injured in an accident on Tuesday, will be kept under observation for another 48 hours. He has already undergone two surgeries to remove blood clots in his head but is still unconscious, said police. The driver who allegedly lost control of the family’s sports utility vehicle and rammed it into Khan has been booked for rash driving and endange",1
41d713b354ae4e637905b929d755f647,Electrician hit by car succumbs to injuries after a day,"Mumbai: A 25-year-old Kandivali resident who worked as an electrician died on Sunday after being hit by a four-wheeler while crossing the road at Borivali on Saturday evening. The victim, identified as Amardeep Rajendra Kumar, had suffered severe head injuries in the accident and he passed away at Shatabdi hospital as he was undergoing treatment, said police. HT Image  According to Ranjeet Kadam, a constable attached with the Borivali police stat",1
2dc800569230886dfe0423adf7249ef6,One killed after speeding tempo rams several vehicles,"One person was killed, and three others were injured after a speeding tempo rammed four vehicles including two motorcycles, a car and an autorickshaw, police said. The incident occurred near Karishma Chowk on Sunday at around 9 pm and the deceased has been identified as Gitanjali Shrikant Amrale (34) resident of Shastri Nagar Kothrud. Shrikant Amrale, Sahil Pite and Madhuri Dhotre were injured during this accident. The complainant claimed Ashish",1
dd3e8bb1d73b364d2a5f7f2268b92bbc,35 teachers including 15 women saved from getting drowned in a boat mishap in Gandak at West Champaran,"At least 35 teachers including 15 women belonging to seven government schools were rescued after a boat in which they were travelling capsized in the Gandak river in Bihar's West Champaran district on Monday morning. Condition of a woman teacher, identified as Abha Kumari of Utkramit Madhya Vidhalaya Srinagar -1 is stated to be serious following the incident on Monday. (Representative image)  Condition of a woman teacher, identified as Abha Kumar",2
104fd87fc5ecc31fd05800cb424e7971,"One dead, two injured after showroom driver out on test drive rams into them","Mumbai: A 20-year-old died, and his two cousins who were riding pillion with him on an Activa, suffered severe injuries after a speeding car rammed into them at the Lower Parel flyover on Sunday afternoon. HT Image  At the time of the accident, the electric car was being driven by Manish Singh, who works at a car showroom in Prabhadevi. He had taken a customer out for a test drive and was returning to the showroom with the vehicle after dropping",1
6e8d53005a91e7459fbe9efdc3d52cd6,Young woman’s life cut short by crazed bus passenger,"Mumbai: A 28-year-old woman, who was soon to get married and on the verge of starting a new career, lost her life in a freak accident when a drunk passenger forcibly turned the steering wheel of a BEST bus, causing mayhem on a Sion road on Sunday evening. The deceased, Nupur Maniyar, was on a scooter with her fiancée when the bus rammed into her, leaving her with fatal injuries. Mumbai, India - Sept. 2, 2024: BEST bus involved in the accident tha",1
2ba3a499fea578156a656747012571eb,Madhya Pradesh boy injured after mobile phone explodes in hand during charging,A 9-year-old boy in Madhya Pradesh suffered severe injuries to his hand and thigh after a mobile phone exploded in his hand while it was charging. A 9-year-old child in Madhya Pradesh suffered severe injuries to his hand and thigh after a mobile phone exploded in his hand (Representational Image) (AP Photo/Emilio Morenatti)(AP)  The incident took place in the village of Kalkoti Dewari in the Chaurai area of the Chhindwara district. The boy's fath,2
0edcd140c7012817d497484535cd03da,Four of a family from Belagavi killed in road accident in Oman,"Four people from the Gokak tehsil of Belagavi district were burnt alive when their electric vehicle rammed into a fuel carrier tanker in Oman, said officials familiar with the matter on Friday. Belagavi district in-charge minister Satish Jarkiholi said that the state government was in contact with Oman government through the foreign affairs ministry and have asked to handover the dead bodies to the relatives in Karnataka (File photo)  The inciden",1
18d434306845a1b7af12375354a70a90,Minor detained after SUV mows down man in Mumbai; 2 others arrested: Police,"A minor was detained while two others were arrested after the 17-year-old crashed his vehicle onto a two-wheeler killing the biker in Mumbai’s Goregaon east on Thursday, police said. The incident took place in Aarey Colony around 4am. (HT sourced photo)  According to Vanrai police, the victim identified as Navin Vaishnav (24), a milk vendor was crossing Aarey Colony after distributing milk towards Malad when an SUV car coming from the opposite di",1
ec12d92b105539dc001ec43752bd0de9,"3 killed, 10 injured as vehicle rolls down gorge in Himachal’s Chamba",Three people Three people were killed and seven injured after their vehicle veered off the Bharmani-Bharmour Mata road and rolled down a gorge in Chamba district of Himachal Pradesh on Wednesday. (Representational photo)  people were killed and 10 injured after their vehicle veered off the Bharmani-Bharmour Mata road and rolled down a gorge in Chamba district of Himachal Pradesh on Wednesday.  Know the latest trending news with HT. Read detailed,1
f76a72e7963fca4ded6824d02723d8f8,"Arunachal Pradesh: Three army personnel killed, several others injured after vehicle falls in gorge","Three army personnel died and many others were injured after a truck skidded off the road and fell into a gorge in Subansiri district, Arunachal Pradesh on Tuesday, reported ANI. The accident which took place in Subansiri, Arunachal Pradesh cost three army personnel their lives and caused many others to be injured (Representational Image)  Army sources identified the deceased as Havildar Nakhat Singh, Naik Mukesh Kumar and Grenadier Ashish Kumar.",1
c003732cbc3214484618f60d52b47523,52-year-old man killed after scooter rams into auto in Panchkula,"A 52-year-old man was killed after a scooter rammed into the autorickshaw he was travelling in, on the Kalka Highway on Friday evening around 8. HT Image  The victim has been identified as Vinod Kumar. His wife, Pal Kaur, said that the scooter rider was speeding, which led to the accident. She added that the rashly driven scooter directly hit her husband while he was seated inside the autorickshaw, as a result of which he sustained severe injurie",1
2d0024dabc99de2f7406c867e1376a4b,Pakistani woman smiles in video after crushing 2 people under SUV: ‘Mere baap ko nahi jantay’,"The Pakistani woman accused of killing two people with her reckless driving was filmed smiling and issuing threats in the aftermath of the horrific accident. In footage that has been widely shared online, the woman appeared dazed, but with a smile on her face, as she stood surrounded by a huge crowd. Karsaz accident accused Natasha Danish filmed smiling after the accident(Instagram/@trendingtodaymagazine)  The woman was identified as Natasha Dani",1
c7967492a3b7d1d7efd4ccaabc0a1a16,"Nepal bus accident: 48 pilgrims, two bodies arrive through land route","Maharajganj , A day after one of their vehicles met with an accident in Nepal, 48 pilgrims from Maharashtra arrived here on Saturday night after crossing the land border along with the bodies of a bus driver and his assistant. Nepal bus accident: 48 pilgrims, two bodies arrive through land route  The pilgrims will leave on a train from Gorakhpur for their journey back home, officials said.  Know the latest trending news with HT. Read detailed art",1
06be3e7ca1c4a7a03a84de18d8ddcd24,"After fight, son crashes into father’s car; 4 hurt","THANE: An alleged disagreement between a father and son spilled out on the road on Tuesday evening, injuring four people, two of them citizens who simply happened to come in the way by chance. The video of the incident which occurred near Chikholi, in Ambarnath, was shot by a bystander and has since been shared multiple times on social media. After fight, son crashes into father’s car; 4 hurt  At 6:30 pm Bindeshwar Sharma and his son Satish were",1
a524b18aad51de5240f63c900a1a78ee,Noida: Drunk patients create ruckus at district hospital,"NOIDA: In a bizarre incident, two inebriated men who visited the Sector-39 district hospital in Noida around Monday midnight following an accident with some vehicle, created ruckus at the hospital premises claiming that their e-rickshaw had been stolen, officials said on Tuesday. Sector 39 police intervened and managed to calm the patients down, persuading them to climb off the shed, and the patients were then taken into custody by police. (HT Ph",3
afdb674fe62af8ab57394a7007b6273a,U.P.: Three of a family die as dumper hits bike in Varanasi,"Three members of a family, including a couple and their five-year-old daughter, died on the spot after a speedy dumper hit the motorcycle they were riding in Ganjari area of Varanasi on Monday, police said. Enraged over the accident, locals reached the spot and blocked the road. (For Representation)  The dumper drive fled the scene after the mishap, they added. As per the police, the deceased were identified as Raju Patel, 35, and his wife Neelam",1
4c8d6b8f888ebb965a47cf4373054f2c,"Three killed, 15 injured as mini truck overturns in Shahjahanpur","Three people were killed while as many as 15 others were injured when a pick up mini truck overturned near old toll plaza on Bareilly highway under city Kotwali police station limits of Shahjahanpur district on Sunday morning, said senior police officials. (Pic for representation)  At least 25 people travelling from Haridwar, Uttarakhand in the mini-truck were on way to attend some religious discourse at Naimisharanya in Uttar Pradesh’s Sitapur d",1
cd4f6584b9cb138a900527720c2d9173,"Driver killed, helper injured in truck accident in Bilaspur","An apple-laden truck overturned here in the early hours of Sunday, killing its driver while his helper sustained injuries, police said.The accident happened around 3 am near Garamoda on Kiratpur-Nerchowk four-lane section of the highway in Punjab-Himachal border, they said. According to police, the truck hit the divider, overturned on the road and skid to a halt a small distance away, with the apple boxes scattering on the road. (iStock)  Both th",1
b7e1676d09505e8af89d22ca29c2b436,Two persons killed in road mishap,"Two persons were killed, and two others were injured after a speeding car rammed pedestrians in Nandurbar on Sunday, police said. Tariq Khan, who was driving the car, died after suffering a heart attack, an official said. The accident occurred on the Miraj Cinema to Konkani Hill stretch in Nandurbar city. (REPRESENTATIVE PIC)  The car, registered in Gujarat, then collided with Razaq Khan, a pedestrian and he was killed on the spot. Khan was a scr",1
aee2d686bddd3be192acfdd2eae8079a,Man killed after AC unit falls on him in Delhi,"An 18-year-old man died and his 17-year-old friend was injured after the outdoor unit of an air conditioner fell on them from the second floor of a three-storey residential building in central Delhi’s Karol Bagh area, police said on Sunday. The incident, which took place on Saturday, came to light after a video surfaced on social media, in which the two men were seen talking and hugging while standing near a two-wheeler. (Representational image/G",2
9804938d622ae29fc076c79cf046cf99,Bulandshahr: 10 labourers killed in crash while heading home for Rakhi festival,"Ten labourers were killed and 27 injured when a pickup van collided head-on with a bus in the Salempur area of Uttar Pradesh's Bulandshahr on Sunday, officials said. The accident took place on the Budaun-Meerut state highway. Bulandshahr: Injured being treated at a hospital after a collision between a pickup van and a bus, in Bulandshahr, Sunday, Aug. 18, 2024. At least ten people were killed and 27 others suffered injuries in the accident, accor",1
cdc0211850705fafa8d01b7869aea6b3,"On camera, state-run bus mows down bikers, crashes into cars on busy Bengaluru road","A scary video has emerged from Bengaluru where a BMTC bus was seen mowing down two bikers and crashing into a few cars on a busy road. The bikers who were seen in the video are said to be injured and more details about the accident are yet to be revealed. On camera, state-run bus mows down bikers, crashes into cars in busy Bengaluru road  Note - Disturbing visuals, view discretion advised.  Know the latest trending news with HT. Read detailed art",1
abe9e7d91c5670964342b048294768bb,Speeding dumper truck mows down 59-year-old woman in Kalina,"Mumbai: The police have arrested a 21-year-old dumper truck driver for mowing down a 59-year-old woman in Kalina, Santacruz East on Saturday afternoon. HT Image  The officials said the victim, identified as Lalitha Hanchate, was a househelp and was on her way to work towards the Kalina Market when the truck hit her from her left side at high speed, killing her on the spot.  Know the latest trending news with HT. Read detailed articles here  Hanch",1
476ec431a8d0161d3768a3e0a5a11d06,Truck crushes 60-year-old scooterist at Hallomajra light point in Chandigarh,"A 60-year-old scooterist was killed after he rammed his two-wheeler into a truck near the Hallomajra light point on Saturday afternoon. The victim, identified as Narinder, was a resident of Sector 21, Chandigarh, said police. (HT Photo)  The victim, identified as Narinder, was a resident of Sector 21, Chandigarh, said police.  Know the latest trending news with HT. Read detailed articles here  According to police, Narinder was travelling from Zir",1
400ef819f8e4af459fdc672a97a399bc,"1 killed, 3 hurt as car flips after another vehicle rams into it on Delhi-Jaipur e-way","Gurugram: A 23-year-old man died and three of his friends were badly injured when the car in which they were travelling overturned after being hit by a speeding vehicle on the Delhi-Jaipur expressway (NH-48) near Panchgaon in Manesar, police said on Friday. Commuters took them to a private hospital in Sector-87 where Akshat died in the course of treatment. (Representational Photo)  They identified the deceased as Akshat Kumar while the injured pe",1
b20d481dc117a08e6376b5ded98662de,"Ghaziabad police lodges FIR of theft after locals flee with 14,000 litres of milk from damaged tanker","Police on Wednesday registered an FIR of theft after unidentified persons escaped with about 14,000 litres milk from a damaged tanker parked on National Highway-9 (NH-9), after it got hit by another speeding truck on Delhi-Meerut Expressway on August 6 (Tuesday) in Ghaziabad. A video of people flocking to the milk tanker and filling up buckets, bottles and cans with milk was widely shared on social media on Tuesday. It showed people opened the ou",1
8740891fe1d23276ad0db5c2051ccbf6,Eight-month pregnant woman dies in road accident involving truck in Bengaluru: Report,"A tragic accident occurred on Wednesday morning near Yadehalli at Nelamangala on National Highway 4 in Bengaluru, where a 30-year-old pregnant woman lost her life after falling under a truck that collided with their scooter. The deceased has been identified as Sinchana, The Hindu reported. She was eight months pregnant, and was riding pillion with her husband, Manjunath, when the incident happened. The deceased’s husband, who sustained minor inju",1
49266f94a0dd85ad1408c984409c60db,"Jagraon crash: 7-year-old boy killed, 5 hurt as school van rams into tree","Ludhiana : A seven-year-old boy was killed while five others were injured after a school van rammed into a tree on Raikot Road in Jagraon subdivision of Ludhiana district on Tuesday morning. A seven-year-old boy was killed while five others were injured after a school van rammed into a tree on Raikot Road in Jagraon subdivision of Ludhiana district on Tuesday morning.  A Class-1 student, Gurnam Singh, who belongs to the nearby Akhara village, fel",1
56818fd72e616b00d1e138d85d7ba574,SUV runs over biker near Hotel Mountview in Chandigarh,"A 35-year-old motorcyclist was run over by an SUV after he rammed into a car’s open door near Mountview Hotel in Sector 10 on Tuesday evening. The victim, Raju Pandey, was a resident of Nayagaon, Mohali. (HT)  The victim, Raju Pandey, was a resident of Nayagaon.  Know the latest trending news with HT. Read detailed articles here  Police booked the drivers of both cars under Section 106 (1) (causing death by negligence) of the Bharatiya Nyaya Sanh",1
58a733b6d53d52c6eaa2036beae11669,LG recommends suspension of RC Meena for drunken car accident in Delhi,"Lieutenant governor VK Saxena recommended the suspension of Ramesh Chander Meena, deputy commissioner in the excise department, after he was allegedly found involved in an accident reported in Karol Bagh, central Delhi, in the early hours of Sunday in a drunken state. According to the official, Meena’s medical examination at Ram Manohar Lohia Hospital confirmed consumption of alcohol. (Representational image)  “Meena was driving his car in an ine",1
c194082cc791776593cad032c7cd127e,Ludhiana: Driver killed after truck rams into parked tractor,A driver died after he rammed his over-speeding truck into a stationary tractor-trailer near Ladhowal toll barrier on the national highway on Monday morning after breaking the barricades. A tyre of the truck also burst in the accident. A driver died after he rammed his over-speeding truck into a stationary tractor-trailer near Ladhowal toll barrier on the national highway on Monday morning after breaking the barricades. (HT File)  The victim has,1
8d4389cf25d29f29be74684662752858,"Woman, daughter killed in Hoshiarpur mishap","A 37-year-old woman and her daughter died after being hit by a car near the Harse Mansar area here, police said on Monday. Rekha Rani and her eight-year-old daughter, hailing from Himachal Pradesh’s Kangra, along with some other villagers were on Sunday night returning in a tractor-trailer after attending a fair at Baba Chingrawan, they said. An FIR has been registered at the Mukerian police station.  On their way, the vehicle stopped at the rail",1
97e0b3ea7a29922e041a009533446e0c,"SUV hits group of kanwariyas in Sitapur; minor died, three critical","A 17-year-old girl kanwariya lost her life after being hit by an SUV in UP’s Sitapur district, late Sunday night. Three other people were critically injured in the accident which occurred in Jairampur, under the Mehmoodabad police station area. For representation only (HT File Photo)  The driver of the SUV managed to escape. However, Sitapur police were able to arrest the driver of the car by chasing him for about 10 km, said the police, adding t",1
be0e16e7d8dcc957e71b06ef2028b070,"7 killed, 40 injured in bus-car collision on Lucknow-Agra Expressway","Seven people were killed, and at least 40 others injured after a bus fell into a ditch following a collision with a car on the Lucknow-Agra Expressway in the Usrahar area in Uttar Pradesh on Sunday morning. The incident took place around 12:45 am. 7 killed, 40 injured in bus-car collision on Lucknow-Agra Expressway  According to the police, the double-decker bus - with a Nagaland number plate on it - was on its way to Delhi from Rae Bareli, when",1
a2c063e800e37acea698371be5b0e701,Child dies after metal gate of housing society falls on her,"Pune: A three-year-old girl died after the metal gate of a housing society at Ganeshnagar area in Pimpri-Chinchwad fell on her at around 4.30 pm, a police official said on Thursday. Three-year-old girl died after metal gate of housing society at Ganeshnagar in Pimpri-Chinchwad fell on her, a police official said on Thursday. (Getty Images (PIC FOR REPRESENTATION))  The incident took place at Bopkhel on Wednesday when she was playing with other ch",2
cf6ceb8ae198e5392f2fddf1f6a8e2b4,"1 killed, 2 injured as truck hits kanwars on bike on NH-48","Gurugram: A 17-year-old kanwar was killed and two of his companions sustained serious injuries after the motorcycle they were riding was allegedly hit by a truck on the Delhi-Jaipur expressway (NH-48) near Manesar in the early hours of Wednesday, Gurugram police officers said. Gurugram Police personnel deployed at the site of the accident on Wednesday morning. (Parveen Kumar/HT PHOTO)  The accident triggered protests by other kanwars, who blocked",1
61d0423ee307e4d269db576de3eb3ab2,"Kanwariya killed, 2 others injured after truck rams into motorcycle near Manesar","A 17-year-old kanwariya was killed and two others sustained severe injuries when a speeding truck allegedly hit a motorcycle on the Delhi-Jaipur Expressway on Wednesday near Manesar. The accident triggered protests by other pilgrims, who blocked both sides of the NH-48 resulting in traffic congestion for two hours on the expressway. Kanwariyas carrying holy water from River Ganga going back to their hometown in Gurugram. (Parveen Kumar/ HT Photo)",1
16453f6e580b1095cf842a0f803f373d,Howrah-Mumbai mail derailed | Here's a list of 5 major train accidents this year,"The Howrah-Mumbai Mail is the recent addition to a growing list of train derailments and accidents this year. On Tueday, the passenger train collided with another derailed goods carrier, leading to two deaths and over 20 people injured. This is the third train accident in in the country in the last two months alone and sixth this year. Rescue and relief work underway after the Howrah-Mumbai Mail derailed near Badabamboo in Seraikela-Kharsawan dis",2
54c71ee73812da56c5e5d813bf733888,Auto driver crushed to death as learner crashes Innova into auto,"NAVI MUMBAI: A 43-year-old man’s attempt to learn to drive on a busy road in Navi Mumbai led to the death of a 63-year-old auto driver on Saturday afternoon, after the Innova he was driving crashed onto an auto rickshaw, dragging the three-wheeler a few feet away. CCTV cameras captured how the driver could not bring the car to a halt on time, leading to three more vehicles parked ahead of the auto getting wrecked. Auto driver crushed to death as",1
d71626a1f7e1a7476bdf8cfb87b8b626,Duo on bike killed after being hit by PMPML bus,"Mahesh Bhausaheb Narwade (25) and Sagar Arun Kadam (19), were killed after the two-wheeler they were riding was hit by a speeding PMPML bus on the bridge between Chapekar Chowk to Mahavir Chowk in Chinchwad at around 9.45 on Saturday night. The bus driver, identified as Sambhaji Shankar Rashinkar (33), a resident of Bhima Koregaon has been arrested by the police and charged under BNS sections 106 (1) and 281 and relevant sections of the Motor Veh",1
e99a6722efeeb28fac7d3b79800f65cb,"Man dragged 200 metres+ by heavy vehicle, dies","Gurugram: A 26-year-old man driving a scooter died and was dragged for around 200 metres after his two-wheeler was struck from behind by a truck on Golf Course Extension Road in the early hours of Monday, Gurugram police said, adding that two others riding pillion were critically injured in the incident. A 26-year-old man driving a scooter died and was dragged for around 200 metres after his two-wheeler was hit from behind by a truck on Golf Cour",1
9e506452fd29d8188240b8c8cca41621,"Russia: Two dead, 100 injured after train collides with truck","At least two people were killed and up to 100 people injured on Monday when a passenger train carrying 800 people collided with a Kamaz truck, derailing eight carriages, Russian media outlets reported. The train had been travelling from Kazan in Tatarstan to Adler on the Black Sea when it derailed in the southern Volgograd region near the Kotelnikovo station about 1,200 km. (For Representation)  Some of the carriages lay twisted and battered besi",2
2c33c1f150556ae9c9662be0b91bef1f,12 injured after bus falls into Beas near Manali,"As many as 12 passengers sustained injuries when a private bus that they were travelling in veered off the road and fell into the Beas river Bhanupali, around 8 km from Manali. The bus lying on the banks on the Beas river near Manali. (Aqil Khan/HT)  The private bus was on its way from Manali to Pathankot. There were 14 occupants in the bus, including the driver and the passengers.  Know the latest trending news with HT. Read detailed articles he",1
30c3209f759cf34720ba2a878c39c706,2 killed to death by speeding truck in Greater Noida,"Noida: Two people were killed and one person was left with critical injuries after a speeding truck hit them while they sleeping beside a service road in Greater Noida’s Char Murti area on Wednesday night, police said on Thursday, adding that the truck driver did not bother to stop. The injured were rushed tonearby hospitals by locals, where two of them died while undergoing treatment and one was referred to a hospital in Delhi (Representative im",1
49ad488e572269ae831c4431ff9c52e3,"Panchkula: Truck hits bike near Chandimandir lightpoint, pillion rider killed","A man riding pillion on a motorcycle was killed after being hit by a truck at Chandimandir lightpoint on Tuesday. Amandeep, who was bleeding profusely, was rushed to the Civil Hospital in Panchkula’s Sector 6, where he succumbed to his injuries during treatment. (HT Photo)  The deceased was identified as Amandeep Singh, 36, of Muktsar in Punjab.  Know the latest trending news with HT. Read detailed articles here  Complainant, Saurab, 27, of Ambal",1
2d6769773c7d91780e402cafb0d28fab,"One dead, five injured in accident on Mum-Pune Highway","Navi Mumbai: A group of six youngsters from Owale Village were on their way back from a day-long pilgrimage to the Ekveera temple in Lonavala when they met with an accident at the old Mumbai-Pune highway on Monday. HT Image  The accident, which occurred around 6am, resulted in the death of the driver, Ajay Vishnu Gire, 21. The remaining passengers, Gajanan Devkar, 22, is reported to be grievously injured, whereas Nilesh Manjulkar, 19, Subash Mali",1
d1394892f05d7c65ab24f821751f6fee,"Six, including 18-month-old boy, killed in Assam road accident","Six people, including an 18-month-old child and three women, were killed in Assam’s Karimganj district in a head-on collision between an autorickshaw and a speeding car, thenpolice said. Six, including 18-month-old boy, killed in Assam road accident  According to Karimganj superintendent of police Partha Pratim Das, the incident took place on NH-8 near Nilam Bazar area around 12:30pm.  Know the latest trending news with HT. Read detailed articles",1
c7c64e89f5302d85d372a33d4cc67e2f,"Electric bus hits Metro pillar in Punjabi Bagh, 1 killed, 23 injured","A 45-year-old woman was killed and 23 people were wounded in a freak accident where the driver of an electric bus reportedly dozed off and lost control of the vehicle, swerving onto a divider and then crashing into a pillar of the Delhi Metro in west Delhi’s Punjabi Bagh early on Monday, police said. The deceased, identified as Saveeta (who used a single name) worked as a sanitation worker with the MCD and lived in northwest Delhi’s Sultanpuri. (",1
cce79b5917a276536ac12df4653c6f03,Evening briefing: J&K Police's warning over Jaish video; Audi hits two autorickshaws in Mumbai; all latest news,"The Jammu & Kashmir Police on Monday alerted the people over the circulation of a video by terrorist group Jaish-e-Muhammad with a poster of the Bollywood movie Phantom. The police warned people against forwarding the video as it would mean an offense under section 13 and 18 of Unlawful Activities (Prevention) Act (UAPA). Taking to X(formerly Twitter), the official handle of J&K Police issued directions to the public and police officers concernin",2
28ced740e0602dde028b7984e5bafad7,"Mumbai: Speeding Audi rams two autorickshaws; 4 injured, one critical","A speeding Audi car on Monday rammed two stationary auto rickshaws in Mumbai's Mulund area, leaving four people injured, the police reported. One of the people who has sustained injuries is in a critical condition. The incident took place at around 8 AM on Dumping Road, with auto-drivers and two passengers getting injured. One of the passengers is in the critical condition. (HT Photo)  The incident took place at around 8 AM on Dumping Road, with",1
ef1e3d2241d19ba776ae6c80a3cfd3cf,"Pram rolls in front of oncoming Sydney train, toddler and father killed","A pram carrying twin two-year-old girls rolled into the path of an oncoming train in Sydney on Sunday, police said, in an accident that killed one of the children and the ""heroic"" father who dashed to their rescue. Pram rolls in front of oncoming Sydney train, toddler and father killed  One of the little girls survived only ""through good luck"" after she landed between the rails when the pram fell off a platform at southern Sydney's Carlton railwa",2
95fb092e411a0df6ce7eb87addec79e1,"Uttarakhand: 3 killed, 8 injured in landslide on Kedarnath Yatra route","Three people died and eight got injured in a landslide near Chidwasa in the Rudraprayag district of Uttarakhand on Sunday. The incident took place on the Kedarnath route. Rudraprayag: Debris lies on a road following a landslide on the Kedarnath trekking route, in Rudraprayag district, Sunday, July 21, 2024. (PTI Photo)(PTI)  Also Read: Chardham Yatra 2024: Over 7 lakh pilgrims visited Kedarnath since May 10  Know the latest trending news with HT.",2
f1f2555ab33e91e592f750f395f50a3c,"Sand laden dumper topples on hut, kills 4 of family","Four people, including a couple and their two children, were killed when a speedy red sand laden dumper truck toppled on a hut on roadside on Ayodhya highway opposite Babu Banarasi Das University under BBD police station limits late night on Friday, said police officials on Saturday morning. The dumper driver was also injured in the incident and undergoing treatment at Ram Manohar Lohia hospital. (FOR REPRESENTATION)  The BBD police station in-ch",1
5058da69a2c2ba7b623aeb34c80650d5,Five soldiers injured as truck hits army vehicle in Jalandhar,"Five soldiers were injured when a truck hit an army vehicle from behind on the Jalandhar-Amritsar national highway on Saturday morning. Police said the accident occurred around 6 am when the army vehicle was going from Jalandhar to Amritsar. A truck driver headed for the same direction lost control of his vehicle, ramming into the army vehicle from the rear side. A policeman at the mishap site in Jalandhar on Saturday. (PTI)  The impact of the co",1
cc55a92c7d0a405d9875a00fc09aa76d,10 kanwariyas injured after truck overturns in UP's Muzaffarnagar,"At least 10 kanwariyas were left injured after a truck overturned near a village in Uttar Pradesh's Muzaffarpur on Saturday morning, said police officials. The truck overturned near the Satheri village in the district after a tire of the vehicle burst, the police said. Kanwar Yatri's returning from Haridwar carrying water from the Ganga river ahead of the Shivratri Festival, at Seelampur (HT File) (Representational)  Circle Officer (crime) Ramash",1
95974f54567061c058731ca419738564,Video shows Bengaluru cops arguing over who will take accident victim to hospital as man lies on road bleeding,"A video on social media showing two Bengaluru policemen arguing over who should take an injured accident victim to the hospital has sparked public outrage. One official is from the Bengaluru Traffic Police, while the other is from the Law and Order Department, a report said.(X)  In the footage, a man clad in a blue kurta is seen lying on the road with severe bleeding from his ear. Two police officers are seen debating which one of them should be",1
36de4f9bebe397ed205586314503a2ef,58-year-old mowed down by bus in Bhayandar,"MUMBAI: A 58-year-old woman was mowed down by a Mira-Bhayandar municipal transport bus on Thursday evening when she was waiting for the bus along with her husband. Durga Devi Bhisht, 58.  The incident occurred around 6pm in the Bandarwadi area, when Durga Devi Bhisht, was waiting at the Bandarwadi junction with her husband when a bus mowed her down after hitting two autorickshaws. Bhisht was rushed to the civic hospital where she was declared dea",1
f4139a1a3ffe7ebce18aff65225d3f65,"Ludhiana woman dies, daughter hurt after bus hits scooter","Strap: Speeding bus’ driver escapes after leaving vehicle behind, booked The victim was identified as Gurpreet Kaur of Mandi Mullanpur. Her daughter, Jaskaranjit Kaur, was rushed to a hospital, where her condition has been stated as stable. (HT File)  A 48-year-old woman was killed and her daughter suffered injuries after an allegedly speeding bus rammed into their scooter near Mandiani village cut. After the mishap, the bus driver managed to esc",1
dc63292c181ca4536860b850d70a3bbd,"School bus with 50 kids topples into fields, 9-year-old sustains head injuries, others minor bruises","A nine-year-old boy sustained head injuries and others escaped with bruises after a private school bus carrying 50 children ran off the single-lane road in Greater Noida’s Rabupura locality and fell onto the agricultural fields on Wednesday afternoon, senior police officers said, adding that the bus driver abandoned the children and the vehicle at the spot and fled the scene. The driver lost control of the vehicle and it ran off the single-lane r",1
8e2d2e8406a6b0995fc832aa24d41cdb,{Phagwara} 5-yr-old boy among 2 killed in road mishap,"A man and his five-year-old nephew died when the motorcycle they were riding rammed into a stationary truck on a highway here on Wednesday, police said. A man and his five-year-old nephew died when the motorcycle they were riding rammed into a stationary truck on a highway here on Wednesday, police said. (HT File)  Two members of the same family who were travelling with them suffered injuries in the accident that took place near a food outlet on",1
ddd3f632374c2de14f95ed24ccd7e98e,"4 students, driver injured as school van overturns in P’kula","Four students of a private school and the driver were injured when their van hit a divider before overturning in Sector 25, Panchkula, on a rainy Wednesday morning. Four students of a private school and the driver were injured when their van hit a divider before overturning in Sector 25, Panchkula, on Wednesday morning. (HT file photo)  The accident comes nine days after 42 children were injured when an overloaded Haryana Roadways mini-bus going",1
258c4b55d1d85b7a630bc80fc10b7d8a,"Barwala mishap: Hit by speeding tractor, 4-year-old girl succumbs to injuries","A four-year-old girl, who was hit by a speeding tractor on the old bypass Panchkula Road, Barwala on Monday evening, succumbed to her injuries hours later. A four-year-old girl, who was hit by a speeding tractor on the old bypass Panchkula Road, Barwala on Monday evening, succumbed to her injuries hours later. (Representational image)  The driver, identified as Shraba of Chandimandir’s Bunga village, had tried to flee after the mishap but was cau",1
cce6008e9b99e7b3caea89cbab7a5933,"Bus carrying 51 rams into tractor on Mumbai-Pune expressway; 5 dead, 43 injured","Navi Mumbai: An accident on the Mumbai-Pune expressway claimed five lives and left 43 injured, with five in critical condition, when a bus carrying 51 people collided with a tractor and plunged into a ditch shortly after midnight on Tuesday. A bus carrying 51 people collided with a tractor and plunged into a ditch shortly after midnight on Tuesday. HT Photo/Bachchan Kumar  The bus passengers, devotees of Lord Vitthal known as Warkaris, were en ro",1
07ec35b221c8682c461b4d58be4470eb,"Ludhiana man dies, pregnant wife injured as speeding bus hits scooter","In a tragic incident, a 30-year-old man was killed and his pregnant wife suffered injuries after a speeding bus hit a scooter near Jalandhar Bypass on Monday, officials said. Rahul Sharma, the victim (HT Photo)  Officials added that while the man died on the spot, his wife was rushed to a hospital. She suffered a fracture in her leg and other injuries.  Know the latest trending news with HT. Read detailed articles here  After the mishap, onlooker",1
c7bddb9fb0c089b46b23dddf41327ab3,"6 killed, 6 injured as truck collides with bus on Ahmedabad-Vadodara Expressway","Six people were killed and at least six others were injured after a truck collided with a stationary private luxury bus on the Ahmedabad-Vadodara Expressway near Anand town in Gujarat early Monday morning, police said. The deceased, yet to be identified, include three women and three men.  The accident occurred around 4.30am near Chikhodra village when the bus heading to Ahmedabad had stopped due to a tire burst.  Know the latest trending news wi",1
6a1ce846c4cdf28e6af027743788036d,Road crash in Haryana leaves three dead,"Three friends were killed when their car rammed into a tree in Gagan Kheri village here, police said on Sunday. HT Image  Pawan alias Pony, Nishu and Jaideep, who were aged around 25, were returning home after buying new clothes for a wedding when the accident took place on Saturday evening, police said.  Know the latest trending news with HT. Read detailed articles here  The three were pulled out of the car by passersby and rushed to Hansi Civil",1
cbcc6972fd7882730cca543f7d694b23,Five-year-old girl crushed to death by school bus in Gkp dist,"A five-year-old girl died after she came under the wheels of her school bus in Gorakhpur district’s Campierganj, police said. The incident took place on Thursday evening when she was getting off the bus. (For representation)  She was a class 1 student at RS International School in Daulatpur and daughter of one Akhilesh Yadav from Rasu Khor area. Superintendent of police Jitendra Kumar confirmed that 20 students were on the bus when the incident t",1
05c290ead3b5ed7ed5d343c691b55a5f,"Mumbai's potholes claim another life, Virar teacher falls off scooter, dies","A 57-year-old teacher died on Thursday after falling off her two-wheeler while riding through a pothole-ridden patch at Jakat Naka in Virar West. 57-year-old Virar teacher falls off scooter due to potholes, dies  The police said the accident occurred on Thursday morning when the woman was on her way to the school where she worked. She succumbed to her injuries late on Thursday. The victim, identified as Teressa Lopez, was a resident of the Agashi",1
82b6efd51603bc447b8b5658450bec31,"Uttar Pradesh: 2 killed, 16 injured as double-decker sleeper bus collides with truck in Hathras","At least two people were killed and 16 other injured after a double-decker sleeper bus collided with a truck near Toli village of Thana Sikandrarao in Uttar Pradesh's Hathras on Thursday morning, district magistrate Ashish Kumar said. The incident took place near Toli village of Thana Sikandrarao in Uttar Pradesh's Hathras on Thursday morning, (ANI)  Chief minister Yogi Adityanath took cognizance of the Hathras incident and directed the officials",1
1a2b7a466ac7e699f2e93f24c487d88c,"Man killed, parents hurt after vehicle hits 3-wheeler near Iffco Chowk","Gurugram: A 26-year-old man was killed and his parents were severely injured after the auto rickshaw in which they were travelling was hit by a speeding heavy vehicle near Iffco Chowk, police said on Wednesday. Investigators identified the deceased as Mukhtar Ansari while the injured people were his father Nasir Ansari, 50, and mother Kamrun, 48. The family have been living at Sirhaul in Sector-17 for the last two decades. (Representational Image",1
111075d2d72663550035e12269af081d,‘Negligence of BJP govt’: Akhilesh Yadav on Agar-Lucknow Expressway accident,"Samajwadi Party president Akhilesh Yadav on Wednesday said that the Bharatiya Janata Party-led government in Uttar Pradesh was responsible for the death of 18 people in the accident on the Agra-Lucknow Expressway. Mangled remains of a bus being towed after an accident, in Unnao district. (PTI)  Yadav questioned the safety measures on the expressway and said the incident should be investigated.  Know the latest trending news with HT. Read detailed",1
1e54fd973081454c084bf875790278f7,"UP: 18 killed, 19 injured as bus from Bihar to Delhi rams into milk tanker on Lucknow-Agra Expressway in Unnao","At least 18 people died, and 19 were injured as a sleeper bus rammed into a milk tanker on the Lucknow-Agra expressway in Uttar Pradesh's Unnao district on Wednesday morning. UP: 18 killed, 17 injured as bus from Bihar to Delhi rams into milk tanker on Lucknow-Agra Expressway in Unnao(Haidar Naqvi )  The incident took place near Gadha village when the bus travelling from Bihar to Delhi collided with the tanker while attempting to overtake. The im",1
e61d347cd3cdcce595a18c341be1e1fa,Three charred to death in Kurukshetra accident,"Three people died, while one was seriously injured when their car caught fire after allegedly hitting a truck near Pehowa town of Kurukshetra district, police said on Tuesday. Officials said that the accident occurred on Monday night when as Gaurav, 20, and Aditya, 21, both residents of Rothak and Nitesh, 18, of Sonepat died. (iStock)  Officials said that the accident occurred on Monday night when as Gaurav, 20, and Aditya, 21, both residents of",1
dd012fe6aeed34095a92f0cd73cd29ff,"Three of family killed, as many injured in car crash in Kishtwar","Three members of a family were killed and three others injured when their car veered off the road and plunged into a gorge in Dachhan area of Kishtwar district on Tuesday. The injured are undergoing treatment at the Kishtwar district hospital. (File)  Dachhan SHO inspector Nazir Ahmed said, “The accident took place near Hori Nallah in Dachhan in which three members of a family were killed and three others injured.”  Know the latest trending news",1
a11a9fc01279edc69ba7defd30e33c18,"Mumbai BMW hit-and-run: Woman dragged for 1.5 km by Mihir Shah, then… | What police reveal chilling details","Mumbai BMW hit-and-run case updates: In the Mumbai BMW hit-and-run case, victim Kaveri Nakhwa was run over by accused Rajrishi Bidawat just before Bandra-Worli Sea Link after being dragged there by main accused Mihir Shah as the two fled, the police investigation has found, news agency PTI reported. Mihir Shah's father and Palghar Shiv Sena leader Rajesh Shah took active part in ensuring his son's escape.  An official told PTI that Mihir Shah's f",1
b0188b97f569f9d887f4bb224397964a,"Rajasthan: State roadways bus rams into trailer, 3 members of a family killed","Three members of a family from Delhi were killed, while 11 other sustained critical injuries after a Rajasthan Roadways bus rammed into a trailer in the wee hours of the day in Jaipur. The damaged bus and trailer after the accident on Monday in Shahpura, Rajasthan. (HT Photo)  The accident took place early in the morning around 4am on Monday on the Delhi-Jaipur national highway in Shahpura police station limits.  Know the latest trending news wit",1
6dc6b76766031b06791cf0639cf7999c,"Mumbai BMW crash: Mihir Shah still at large; father, companion arrested | Top updates","Hours after a speeding BMW mowed down a woman in Mumbai's Worli, the police have arrested the second person who was in the car during the accident. The alleged driver Mihir Shah, is still at large. Worli hit and run case BMW car standing at premises of worli police station and police official inspecting car at parking stand of worli police station, at Worli, in Mumbai, India, on Sunday, July 07, 2024. (Photo by Bhushan Koyande/HT Photo)  A woman",1
07a95665ec4c614af7c881a528fb6cc7,"Woman killed, 1 hurt after being run over by tractor","A woman died and a motorcyclist from whom she had possibly taken lift was injured after being run over by a tractor carrying construction and demolition waste at Rajiv Nagar in Sector 12 on the evening of July 1, police reported on Saturday, adding that the driver was trying to overtake the motorcycle. Efforts to identify the deceased woman are ongoing. The motorcyclist fled the scene with her belongings. (File Photo)  According to police, the in",1
f0d5172a09ec2c335256cc7828bab2ff,48-yr-old motorcyclist run over by truck in Noida road crash,"A 48-year-old motorcyclist was killed after being run over by a truck in Noida’s Sector 8 on Friday afternoon, said senior police officers, adding that the errant vehicle that hit the man fled the scene without stopping to help the man. The ITMS [intelligent traffic management system] cameras have captured the incident wherein the truck can be seen hitting the bike, efforts are being made to find the unidentified errant truck driver. (Representat",1
1a30b4de002dea61ad8b5f3116b173b4,Pune Porsche accident: Teen driver submits road safety essay as part of bail conditions,"The 17-year-old driver involved in a crash that claimed the lives of two software engineers in Pune on May 19, submitted a 300-word essay on road safety on Wednesday to the Juvenile Justice Board fulfilling part of his bail conditions. The minor, three months short of his 18th birthday, had been driving his father’s unregistered Porsche while under the influence of alcohol when he knocked down. (PTI)  In the hand-written essay the boy speaks of t",1
9071616bd492305248b3c77d2640e97f,Major mishap averted in Pimpri-Chinchwad; locals rescue 70 students from school bus,"As many as seventy students travelling in a school bus had a close shave after the vehicle veered off road towards Indrayani River at Dabhade Sarkar Chowk in Pimpri Chinchwad at 3.45 pm on Thursday. However, alert citizens rushed to the rescue of the students trapped inside the school and evacuated them to safety. (REPRESENTATIVE PIC)  According to the local police, the driver at the wheels lost control of the school bus belonging to Lokseva Engl",1
0fe8892ae7ae7ae035504caf07742ba1,Hathras stampede: UP to compensate devotees from three other states too,"Devotees killed in the accident in Hathras on Tuesday include those from Uttar Pradesh as well as three other states. These include devotees from Madhya Pradesh, Haryana and Rajasthan. The state government will provide financial assistance to the families of all the deceased, a government spokesperson said. UP CM Yogi Adityanath meeting people injured in the Hathras incident in hospital . (CM’s office X handle)  Among those from Uttar Pradesh who",2
29047b5ccb69dc8d901e03d1fb46027d,Five killed in road mishap on Pune Solapur highway,"Five person were killed, and one was seriously injured after a speeding car they were travelling in plunged into a roadside drainage pit as the driver lost control amid rains. As per police information, a group of six people from NarayanKhed in Telangana were travelling to Hyderabad when they met with an accident. (HT PHOTO)  The accident occurred on Pune-Solapur highway at around 3 pm near Dalaj No 2 village in Indapur tehsil. As per police info",1
804669a3503965c9aaa3e71a02294393,"Warning board on Karnataka highway spills laughs on the internet. ‘Wrongly translated,’ say users","An emergency sign board installed on a highway near Karnataka’s Kodagu has caught the attention of the internet. The sign board's true translation from Kannada to English left everyone in splits. Warning board on Karnataka highway spills laughs on the internet  Also Read - Dash camera saves car owner from road rage incident in Bengaluru, police responds. VIDEO  Know the latest trending news with HT. Read detailed articles here  An X handle called",3
26d0ab42ced6975160384966a3551719,"24-year-old dies, friend injured after truck hits their scooter in Ludhiana","A 24-year-old man died while his friend suffered injuries after an over-speeding truck hit their scooter near Lajpat Nagar of Basti Jodhewal on Saturday evening. The victim was riding pillion on a scooter while his friend was driving. The driver managed to escape from the spot leaving the vehicle there. The passersby gave him a chase, but he fled. (iStock)  The driver managed to escape from the spot leaving the vehicle there. The passersby gave h",1
94866a7e7000db3d771930729dad799f,"7 killed, 3 injured as two vehicles collide on Samruddhi Expressway near Jalna","Nagpur: At least seven people were killed and three suffered serious injuries in a collision between two vehicles on the Nagpur-Mumbai Expressway, also known as the Samruddhi Expressway near Maharashtra’s Jalna district, late Friday night, police said. The injured were shifted to the government-run district hospital in Jalna, where three persons are reported to be in critical condition (Twitter Photo)  According to the Jalna Police, the accident",1
f8cd6fabef78a163a4c6b1700d5012fa,Class 8 student crushed to death by trailer in Palghar,"PALGHAR: A 14-year-old student was crushed by a speeding trailer in Palghar district when he was on his way to school on Friday. The deceased, Nikhil Kaluram Girhane, is a class 8 student of Gramin Shramik Sikshan Vibhag High School at Lalonde village. Nikhil Kaluram Girhane.  The incident occurred at around 10.30am when Girhane, along with other students, was walking to the school located at Nagzari Naka, which is a few kilometres away from his",1
0f4bdb3103558ab28dbd08147f53dd2f,53-year-old traffic cop run over by dumper,"Navi Mumbai: A 53-year-old traffic constable was killed by a speeding dumper in Panvel on Friday morning. The incident occurred when Arun Shamrao Karle travelled to Panvel City on his two-wheeler with his wife, Anita Arun Karle, 52. Karle’s wife also sustained serious injuries. Arun Shamrao Karle, 53.  A case has been registered with Khandeshwar police against dumper driver Ravi Prakash Chaudhary, 24.  Know the latest trending news with HT. Read",1
27f11e525935de2ecf63d91b851b8b41,"15 killed as van rams into truck in Karnataka, police suspect driver dozed off","Fifteen people, including three members of a family, were killed and two were injured after a van they were travelling in collided with a truck in Haveri district of Karnataka early on Friday, police officials said. The van was ferrying 17 people when the accident occurred.  While police suspect that the driver of the van, which was travelling at high speed, dozed off at the wheel, a detailed probe is underway, the officials said. The truck drive",1
dd290350abf5f0e59f193318643b4241,13 killed after vehicle rams into stationary truck in Pune-Bengaluru highway,"Thirteen people, including two children, were killed while four others got injured after their vehicle rammed into a stationary truck on the Pune-Bengaluru National Highway No. 4 in Karnataka’s Haveri district. They were returning home after visiting several pilgrimage sites in Maharashtra and Karnataka. (Representative file photo)  Haveri superintendent of police (SP), Anshukumar said that all the deceased and injured were residents of Badravati",1
c2ae956008c3b07934ee5572e1890425,Kidnap attempt in Chandigarh falls flat as accused’s bike crashes on road,"A kidnapper’s notorious plans fell flat after he met with an accident while trying to escape with a seven-year-old girl whom he had lured on the pretext of buying her a box of sweets in Kaimbwala village on Tuesday evening. The accused, Rohit, a native of Uttar Pradesh, has been living in Chandigarh for the past few days and faces multiple cases. (HT Photos)  Police have arrested the accused, identified as Rohit, 35, a taxi driver, residing in Da",1
e241ecfe941e7fb63766db1e7bc0a5d6,12-year-old injured as school bus hits flyover railing,"MUMBAI: A 12-year-old boy along with two other students sustained injuries after the school bus they were travelling in met with an accident on JJ Flyover on Wednesday morning. According to Pydhonie police, the driver lost control while overtaking another vehicle and crashed into bridge railing. The injured boys received treatment at JJ Hospital and were discharged shortly thereafter. HT Image  The incident occurred as the school bus, collecting",1
ac0597f1be756c55c12a9bf008ae2966,Kerala train passenger dies after upper berth seat allegedly 'falls' on him,"In a bizarre accident, a 60-year-old male passenger from Kerala died of injuries, after an upper berth allegedly ‘fell’ on him due to improper chaining by a fellow passenger, news agency PTI reported. The Railways clarified that the upper berth seat fell due to improper placement of chain. (Representative image)(AFP File Photo)  The victim Ali Khan CK was travelling to Agra with his friend in the sleeper coach of Ernakulam-Hazrat Nizamuddin Mille",2
62e647bbe065ed921a3309f6c0238149,"Pune Porsche accident: HC orders release of accused teen, to be in custody of aunt","Pune Porsche accident: The Bombay high court on Tuesday ordered the release of the accused juvenile from the observation home. Porsche crash incident has raised concerns among youngsters in Pune, creating an atmosphere of shock and caution, especially among those who frequent pubs and bars to exercise caution on roads. (HT FILE)(HT_PRINT)  A Porsche, allegedly driven by a 17-year-old boy under the influence of alcohol, fatally struck two motorbik",3
da16bf53efa7b9a52b9589fe8efe7b22,11-year-old boy from Punjab dies after toy train overturns at Chandigarh mall,"Shahbaz Singh, an 11-year-old boy from Punjab’s Shaheed Bhagat Singh Nagar district, died when a compartment of the toy train he was riding overturned at Elante Mall in Chandigarh on Saturday, police said. Shahbaz Singh, an 11-year-old boy from Punjab’s Shaheed Bhagat Singh Nagar district, died when a compartment of the toy train he was riding overturned at Elante Mall in Chandigarh on Saturday. (HT file photo)  In his statement to the police, Ja",2
36c1472639635d261a0c1fb5ecde51d2,Family alleges negligence after PMPML bus mows down 21-yr-old,"The police filed a first information report (FIR) on Saturday after a 21-year-old man died after coming under the wheels of a Pune Mahanagar Parivahan Mahamandal Ltd (PMPML) bus at the Mahatma Gandhi Bus Stand in Pulgate on June 13. The incident took place at around 9.30 pm when the deceased, identified as Yash Vishnu Kasbekar, came under the wheels of the public transport utility bus when its driver was reversing the vehicle. (Getty Images/iStoc",1
de080c80bf2255808868c52bb97d239f,Driver Killed as truck hits auto in Mankhurd,"MUMBAI: A 22-year-old autorickshaw driver was killed in an accident when a truck crashed into his three-wheeler near the Vashi check post in Mankhurd. The incident occurred as the truck driver, heading towards Navi Mumbai at high speed, lost control. Following the accident, the driver fled the scene but was later apprehended by the Mankhurd police for rash and negligent driving. The deceased has been identified as Laxman Kumar Yadav. HT Image  Ac",1
4167a5862674bb1f9c20dbfb0ff814e5,Himachal: 4 killed in HRTC bus accident in Shimla’s Jubbal sub division,"Four people, including the driver and the conductor of a Himachal Pradesh Road Transport Corporation (HRTC) bus, died when it met with an accident in Jubbal sub division of Shimla district on Friday. The Himachal Pradesh Road Transport Corporation (HRTC) bus that met with an accident in Jubbal sub division of Shimla district on Friday. (X)  “The accident took place at 6.45am after the bus overturned on the road. In all, there were five passengers",1
6a88bfac149c785909cc65eb9b65b72a,42-year-old pedestrian killed after being struck by speeding rickshaw in Malad West,"MUMBAI: A 42-year-old pedestrian was killed after an autorickshaw hit him at high speed in Malad West on Wednesday night. The accident occurred at 9pm near Mith Chowki junction when the man, identified as Wasim Ansari, was walking home after meeting his relatives. HT Image  The Malwani police officers said that the impact of the crash was so strong that the man was flung several feet into the air before hitting his head on the pavement.  Know the",1
0372c6ee5f9f81fd4d9de3239274aee5,Italy: Indian labourer Satnam Singh with severed arm dies after being left on road; embassy reacts,"An Indian farm labourer working in Italy's Latina died on Wednesday after being left by the road following an accident that severed his arm, a minister said, condemning an ""act of barbarity"". Satnam Singh was injured on Monday while working on a farm in Latina, a rural area south of Rome that is home to tens of thousands of Indian migrant workers, news agency AFP reported. Latina is a rural area south of Rome where thousands of Indian migrant wor",2
4319174498d4be26d790a0ca19b07d9a,Kanchanjunga Express accident: Critical safety and tech issues that need to be addressed,"The recent accident of a freight train rear-ending the Kanchanjunga Express and the consequent fatalities have brought to light — once again — the vulnerability to unsafe events in the Indian Railways (IR). While IR is in the mode to run more and more trains and expand the network, the emphasis on safety (and other customer-facing attributes like cleanliness and hygiene, punctuality, and convenience) needs greater attention. Let us examine the va",2
ad7fc82d810e8e26a6b28338f907c1b8,Pune police submit investigation report to JJB,"Pune city police have submitted an ‘investigation report’ to the ‘Juvenile Justice Board’ (JJB) covering details of the accident, officials said on Tuesday. Assistant Police Commissioner of Police (ACP) Sunil Tambe said the police submitted a report to the JJB on Saturday. Initially, JJB was criticised over the release of the minor on bail with certain terms and conditions like writing an essay and performing traffic duty with traffic police. (HT",3
feb440516ebad061697c4cc6329e97f3,"5 women killed, 2 injured after being hit by truck in Solapur","Five women were killed and two others injured after they were run over by a speeding truck in Solapur district on Tuesday. According to the Solapur rural police, the accident took place in Bandgarwadi village on the Pandharpur-Atpadi Road around 3.45 pm. According to the police, the deceased are residents of Katphal village in Baramati taluka of Pune District. Five women died on the spot, while two victims are in critical condition and currently",1
6fd31afb3902bf01ee1988bd4aaad798,"Man killed after biker skids, luxury car runs over him","A 41-year-old man died after he came under the wheels of a Mercedes at Golf Course Chowk at Yerawada at around 1:30 pm on Tuesday, police officials said. A case has been registered against the driver of the car under Sections 279, 304 (a) of the Indian Penal Code (IPC) and other relevant sections. (VIDEO GRAB)  The deceased has been identified as Kedar Mohan Chavan associated with a logistics firm.  Know the latest trending news with HT. Read det",1
d84ec2a3d22caa446e128dfe61e79a92,Three killed in Kapurthala road mishap,Three youths were killed in a road accident at Tibba village of Kapurthala district late night on Monday. The deceased have been identified as Chand Kumar and Davinder Singh of Talwandi Chaudharian village and Sahil Kumar of Bidhipur village of the district. All the deceased were in their 20s. Police said the accident took place on the Sultanpur Lodhi-Talwandi road when a motorcycle and a scooter collided with each other. They suffered head injur,1
7bf7f8b1d021e17390b79fc2a4f4a334,"Woman, 23, plunges 300 feet to death while reversing car near Maharashtra valley. Horrific video emerges","A 23-year-old woman died on Monday, June 17, in Chhatrapati Sambhajinagar, Maharashtra. According to a police official, her car was in reverse gear when she accidentally pressed the accelerator, causing the vehicle to plunge into a valley. The woman was driving this car before she fell into the valley.(X/@Vijay Kumbhar)  The Khutabad police station official said that the incident took place in Sulibhanjan area in the afternoon and the woman has b",1
d376a7340571143178a7cc9112934d9e,"Kanchanjunga Express accident in Bengal: Several trains cancelled, diverted; repair work continues","Several trains were cancelled or diverted on Tuesday, June 18, after the Kanchanjunga Express accident that resulted in nine deaths and over 25 injuries, according to officials. A cargo train rammed into Kanchanjunga Express, a passenger train, near New Jalpaiguri station. (AP photo)  In an official release, the Northeast Frontier Railways said that five trains — (15719) Katihar-Siliguri Intercity Express, (15720) Siliguri-Katihar Intercity Expre",3
dd59fc074e7ead036f8d526b8a78e630,Bengal train accident: Teams faced desperate scramble to rescue trapped victims,"​ Early on a rainy morning in north Bengal’s Rangapani, Mohammad Hamid was walking home after offering namaz at the local mosque, excited by the prospect of Eid with his family. But at 8:55 am, just as he was about to enter home, Hamid heard an almighty crash—the sound of a goods train careening into the rear end of the Kanchanjunga Express, leaving nine people dead and 41 injured. Hamid, and several other villagers from Rangapani, ran to help. R",2