id,title,text_snippet,ground_truth
26fbfa141f661ff26add45954a3a1a43,Man dies after falling from moving bus in Delhi; driver held,"THANE: A 21-year-old woman returning home from work died on the spot in an accident on Ghodbunder Road. This accident comes less than 24 hours after a 32-year-old police constable died after his bike skidded while overtaking a dumper at Cadbury Junction. Thane, India - July -13, 2025: The accident spot at Nagala Bander ,On Saturday night, a 21-year-old woman riding a two-wheeler was coming from Gaimukh to Thane when her two-wheeler skidded on the",1
825ce7da3df2eee0ac35dda430f35255,,"A 31-year-old daily-wage labourer died after falling from the rear gate of a moving cluster bus in southwest Delhi’s Kapashera area on Saturday afternoon, police said. The driver of the bus was arrested from the spot but later released on bail. The bus was en route to Bijwasan, and the victim, identified as Shivam Kumar, originally from Kanpur, Uttar Pradesh, was also headed to the same destination.(Representational Image)  The bus was en route t",1
81473acb0a811e8f1acb4d80c259f5d7,"5 dead, 1 critical as SUV carrying 6 falls into 600-feet gorge in Jammu and Kashmir’s Ramban","Five people were killed and another was critically injured when a private passenger vehicle skidded off the road and plunged into a 600-feet gorge in Ramban district of Jammu and Kashmir, officials said on Saturday. Jammu and Kashmir Lt Governor Manoj Sinha, chief minister Omar Abdullah and Union minister Jitendra Singh expressed grief over the accident(Representational)  The SUV met with the accident near Senabathi in Ukhral Pogal Paristan area",1
06cca4053bc80b03b8d912c392f2a0ad,Truck topples during road inspection in Maharashtra's Beed | On video,"A Public Works Department engineer along with some other people narrowly escaped an accident as a truck that came during a road inspection toppled while crossing a muddy path in Maharashtra’s Beed. Some even jumped into the pit dug for construction so as to not get crushed under the truck, shows video. (Screengrab/X/@PTI_News)  The incident happened in Beed’s Khadki area when a team was at the spot assessing an alternative route amid ongoing brid",1
721fe079964c1f3e9dbaaf546f453f4d,4 dead as truck falls into gorge in Madhya Pradesh's Agrapani Chata,"A truck carrying borewell machinery and labourers met with an accident, reportedly killing at least four people near Madhya Pradesh's Agrapani Chata area on Friday. Additional police personnel and ambulances have been deployed to the spot to assist the search and rescue operations.(Unsplash/ representational)  According to the police, the truck, after losing balance, went out of control and fell into a 60-foot-deep gorge, TOI reported.  Know the",1
6d9f56cfeb8e69890a32938ab93cbb9d,Eight seriously injured after bus collided with stationary truck in Goregaon,"Mumbai: At least eight people were seriously injured after a bus collided with a stationary truck on Sewri-Dindoshi route early on Friday. The BEST bus and truck accident on Western Express Highway near Vanrai Police Station, five passengers injured in Mumbai.(Satish Bate/ HT Photo)  The injured included the driver and conductor of the bus, which belonged to Brihanmumbai Electric Supply and Transport (BEST),  Know the latest trending news with HT",1
b8d42069a8b692eefd3c584df640b7c0,"Car plunges off mountain near Rohtang Pass in Himachal's Kullu amid rain, 4 killed, 1 seriously injured","Four people died and one was seriously injured as their car plunged into a gorge near the Rohtang Pass in Himachal Pradesh's Kullu district amid heavy rain on Sunday. Heavy and incessant rains across Himachal Pradesh have led to many roads being blocked.(Hindustan Times)  The vehicle, which had five passengers, slipped off the road before falling down the mountain near Rahninala, deputy superintendent of police, Manali, KD Sharma said.  Know the",1
b9d2dbd0beb8717519a4245e0448d6ea,Karnataka man dies after falling into fire pit during Muharram ritual,"A Karnataka man tragically died after falling into a fire pit on Sunday during Muharram celebrations in Raichur district. He was rushed to the hospital but could not be saved, said Lingasur Police. A man tragically died in Karnataka after falling into a ritual fire pit during Muharram celebrations.(HT Photo)  The 40-year-old victim, identified as Hanumanth, was preparing for the festival when he accidentally fell into the fire pit used in a key r",2
553dfb55f86b3839b675f79d1d6be27c,"Groom among 8 killed as SUV rams into college wall in UP’s Sambhal; PM, CM express grief","Eight people, including a groom and two children, were killed after the SUV they were travelling in crashed into a college’s wall in Uttar Pradesh’s Sambhal district on Friday evening, police said on Saturday. The mangled remains of the vehicle that met with an accident in Uttar Pradesh’s Sambhal. (Sourced)  The accident occurred when the groom and nine others, who were accompanying him, were en route from Har Govindpur village to Sirtoul in Buda",1
a0692fd9556ff47bfd200f4dc0587544,"4 killed as driver loses control, car hits divider on expressway in Maharashtra","Four persons, including two women, were killed after the car they were travelling in hit a divider on the Samruddhi Expressway in Maharashtra’s Washim district, an official said on Friday. While on the highway, the driver felt sleepy and briefly stopped the car to answer nature's call.(Representative image)  The incident occurred around 8 pm on Thursday between Wanoja and Karanja on the high-speed carriageway, he said.  Know the latest trending n",1
9e7d0a95bdfa66ecc6a8465f4d7dcbc6,4 killed after oil-drilling ship overturns in Gulf of Suez,"An oil-drilling ship capsized in the Gulf of Suez, killing at least four crewmen and leaving four others missing, authorities said Wednesday. There were 30 workers on board when the drilling ship capsized.(AFP file)  The drilling ship overturned Tuesday evening off the city of Ras Ghareb, on the African side of the Gulf of Suez, the Red Sea’s northwestern arm and a crucial shipping route, the Petroleum Ministry said in a statement.  Know the late",2
11087551c04cf104284870feec667708,Bengaluru police officer killed in hit-and-run accident while transporting drug suspects,"In a shocking incident, a police sub-inspector (PSI) from the Talaghattapura station was killed in a hit-and-run accident while transporting two drug case accused on the night of June 24, 2025. The deceased has been identified as Mahboob Guddahalli, aged 40, who passed away in the early morning hours of June 29, Sunday, after a week-long battle for survival. Bengaluru hit-and-run accident: CCTV footage showed that a truck rear ended the PSI's car",1
6a810d676b9ec86d940110f210daf528,Family of four dies in car accident in Karnataka's Tumakuru,"Four members of a family, including a 13-year-old boy, have died after the car they were travelling in allegedly collided head-on with a speeding mini truck on the bypass near Kunigal in Tumakuru district, police said on Monday. The car was also speeding, and the impact of the accident was so severe that all four passengers in the car died on the spot(iStockphoto/Representational Image)  The deceased have been identified as Seebe Gowda (50), his",1
a08f1e4b9db0cbc680a63967b47194e9,"UP toddler dies in chickpeas pot, 2 yrs after sister fell, died in hot vessel","A toddler died after falling inside a hot kaddhai (vessel) in which chhole (chickpeas) was being cooked, two years after her sister's death in a similar incident. The incident took place in Uttar Pradesh's Sonbhadra district, after the 18-month-old girl's father kept a pot of chickpeas on the stove for boiling. The toddler, who was playing at the time, fell inside the vessel in which the chickpeas were being cooked.(Representative image)  Accordi",2
df78f166e526e8195275e4464053de5f,Two people die in separate road accidents in Parel and Malad,"MUMBAI: Two people lost their lives in separate accidents in Parel and Malad on Friday. The tempo driver in the first incident and a car driver in the second were both booked for causing death by negligence. Two people die in separate road accidents in Parel and Malad  According to the police, the first accident took place on the Hindmata Bridge in Parel. Harsh Yadav, 21, a college student and resident of Hari Om Nagar in Powai, picked up his fri",1
4235e1bc7aabdefed33a611f15ea443c,"Gurugram man rams car into law student after dozing off while driving, held","A 31-year-old civil engineer based in Gurugram was arrested on Thursday for ramming his car into two people after he fell asleep while driving. The CCTV footage of the incident, which took place on June 24, has gone viral.(Video screengrab)  The accused, identified as Mohit, hit two friends with his car on the Delhi-Jaipur Highway, police told PTI news agency.  Know the latest trending news with HT. Read detailed articles here  While one of the f",1
b8188d2b973d5fd44b4cf166881ab8d6,"1 dead, 3 injured as sleepy driver rams car into trailer","NAVI MUMBAI: A 38-year-old died in an accident on Mumbai-Goa highway when the deceased’s friend, who was driving the car, was sleepy and rammed into a parked trailer. The driver has been booked for negligent and rash driving. 1 dead, 3 injured as sleepy driver rams car into trailer  According to the police, the incident occurred at 1:30 am on Tuesday on the Mumbai-Goa highway in Raigad district when the speeding car rammed into a trailer parked i",1
2e24197ceaeb2427423e49cd1db99c5d,"Tragedy in Malihabad:Teen dies in mishap, friend ends life hours later",": In a deeply tragic incident in Malihabad on Wednesday morning, two teenage friends lost their lives within hours of each other—one in an accident, the other, unable to cope with the loss, by suicide. Both bodies have been sent for post-mortem examination. As of now, no formal complaint has been lodged by the families (For representation only)  According to police, Manish Kumar (18) and Sagar (19), both residents of Sarawan village, were walking",3
94266c00e5f726405c519c781df46164,"Four, including infant, killed as car plunges into canal amid heavy rain in Haldwani","Haldwani: Four people, including an infant, were killed and three others were injured when the vehicle they were travelling in skidded off the Rampur road and plunged into a canal in Nainital district’s Haldwani on Wednesday morning, police said. The car had skidded off the Rampur road and plunged into a canal in Nainital district’s Haldwani on Wednesday morning. (Sourced/HT)  The accident occurred amid heavy rainfall, trapping seven people. A po",1
6f01629994a7737b0cae6ef5ceec2725,Army havildar dies after dummy bomb dropped from drone falls on him during training,"BHOPAL: A 37-year-old havildar in the Indian Army died due to an accident during a training exercise at Bhopal’s Sukhi Sevaniya range, police said on Tuesday. A senior police officer said Vijay Singh, 37, died on the spot after a dummy bomb dropped from a drone struck him on the head. (FILE)  A senior police officer said Vijay Singh, 37, died on the spot after a dummy bomb dropped from a drone struck him on the head.  Know the latest trending new",2
247ef3813f362e26899b06e749a14172,"Woman killed, family injured as landslide hits Uttarakhand's Badrinath highway","A woman pilgrim from Haryana died, while her husband and 10-year-old daughter were injured on Monday when their car was hit by a landslide near Patalganga, between Joshimath and Pipalkoti on the Badrinath national highway in Uttarakhand's Chamoli district. Police and State Disaster Response Force (SDRF) teams reached the spot and launched relief-and-rescue operations.(ANI)  District Magistrate Sandeep Tiwari said the injured girl and his father h",1
1d5f46608d204f8e133ff70c34345068,"One killed, 5 injured as SUV hits tempo in Himachal's Una","Una , A person was killed while five others, including three of a family, were injured in a collision between an SUV and a tempo in Himachal Pradesh's Una district, police said on Monday. One killed, 5 injured as SUV hits tempo in Himachal's Una  The accident occurred in Barnoh village on Sunday when a couple along with their two children were en route to their home in Lamlaihari from Una in the tempo.  Know the latest trending news with HT. Read",1
7ca5107a72e2a409ea0b7382fb4ac7dd,Chandigarh: 35-year-old man dies of electrocution,"A 35-year-old man, Surendra Kumar, died after being electrocuted near a park in Vikas Nagar, near Nayagaon, late Friday night. The incident occurred around 11 pm when he accidentally came in contact with an electric pole while returning home. Victim is survived by his wife and two daughters, aged 5 and 7. (HT File)  Surendra had just dropped off some friends and was walking home after parking his vehicle when the mishap took place. Emergency serv",2
88902185b74b68a86c81678f73d49da8,Man killed by speeding metro feeder bus in Delhi's Shastri Park,"A man died after being run over by a speeding metro feeder e-bus on GT Road near the Shastri Park area in northeast Delhi, an official on Saturday said. A case has been registered and further investigation is underway, police said.(ANI)  The victim, identified as Aamir, was on his way to Seemapuri when the accident occurred near the GT Road bus terminal, he said.  Know the latest trending news with HT. Read detailed articles here  According to pr",1
e942f3f8f45f8963ae835738249ff5b5,Who is Amanda Kempton? Virginia woman charged in fatal hit-and-run that killed Netflix star Sara Burack,"Amanda Kempton, a 32-year-old woman from Virginia, has been arrested in connection with the fatal hit-and-run that killed real estate agent and Netflix personality Sara Burack, the Daily Mail reported. Netflix star Sara Burack was killed in a hit-and-run crash on Friday. (X)  Burack, known for her appearance on Netflix’s Million Dollar Beach House, was struck by a vehicle shortly before 3:00 a.m. on Friday along Montauk Highway, near Villa Paul R",1
1b9aa6bc49accf3d1721e25f7de0a24a,"9 killed after SUV, truck collide heads-on in Bengal","Nine people were killed in a head-on collision between a truck and a car in West Bengal's Purulia district on Friday morning, police said. The West Bengal police said that the matter is under investigation.(Representational Photo)  The accident occurred around 6.30 am on NH-18 in Namshol village within the Balarampur Police Station limits in the district, an officer said.  Know the latest trending news with HT. Read detailed articles here  ""The h",1
b880af42d6f3fc9e5e60dfd69518966b,Fire breaks out in Noida Sector 36 due to AC explosion,"A massive fire broke out in Noida Sector 36 of Uttar Pradesh due to a blast in the air conditioner. As of now, no casualties have been reported due to the accident. The fire, which was triggered by an AC blast, was extinguished by two fire engines.(Unsplash/representational)  Fire tenders had rushed to the accident spot, and with the help of two fire engines, they were able to douse the fire.  Know the latest trending news with HT. Read detailed",2
106aeaff4d423ed3b8f5e1491b1e7fb3,Air India Ahmedabad plane crash: ‘Worst’ seat rechristened as Miracle Seat 11A after Vishwash Kumar Ramesh survives,"June 12, 2025 will go down as one of the darkest days of this year in the pages of history. On this day, 30 seconds after departure, Air India Flight 171, a Boeing 787-8 Dreamliner headed to London crashed into the hostel of Ahmedabad's BJ Medical College. This tragic accident took the lives of 241 people onboard, including 12 crew members, apart from 28 people on the ground who were killed. The lone survivor was a passenger named Vishwash Kumar",2
db865b3e64d4b15bf0cc9f9f1e251886,"Patna police woman constable killed, 3 other cops injured as speeding car hits them: Report","A speeding SUV rammed police personnel at a checkpoint on Atal Path in Patna, killing a 25-year-old woman constable and critically injuring three others. The incident occurred around 12:30 am in the SK Puri police station area of Bihar's capital. The speeding vehicle also suffered damage to its bonnet and had a BJP flag on it. However, the police have not yet confirmed any political link to the car or its occupants. The incident happened on the i",1
7312b270f2e466480757cdfef075ad69,Pune: Woman riding pillion on scooter crushed to death by truck at traffic junction,"A 29-year-old woman riding pillion on a scooter was killed and her relative injured after their two-wheeler was hit by a truck at a busy traffic junction in Pune city on Wednesday morning, police said. Woman riding pillion killed as truck runs over scooter in Pune(Representative image/Unsplash)  The woman, Dipali Yuvraj Soni, died on the spot, while Jagdish Soni (61), who was riding the scooter, sustained injuries in the accident which took place",1
c1ee5f551c5724f959e1492b3b752bb0,"Country musician Conner Smith fatally hit pedestrian with truck. No charges now, but probe ongoing","NASHVILLE, Tenn. — Country musician Conner Smith fatally hit a pedestrian while driving his truck in Nashville over the weekend, and he currently faces no charges as an investigation continues, police said. Country musician Conner Smith fatally hit pedestrian with truck. No charges now, but probe ongoing  Metro Nashville Police said Smith, 24, hit Dorothy Dobbins, 77, Sunday evening while she was crossing the road inside a marked crosswalk. Dobbi",1
f63192b0bf093b4c101b60e9d4f2e7a1,Three decomposing bodies found in car fallen in nullah in Shahapur,"MUMBAI: Three decomposing bodies were found on Thursday in a car that had fallen into a nullah near Umbermali village along the Mumbai-Nashik highway. Police suspect an accident took place five days ago but went unnoticed as the car was concealed by dense vegetation. Representative image of a car accident (HT Photo)  On Thursday, when a woman from the village was grazing her cattle, she noticed the half-submerged car and a foul smell emanating fr",1
1bf435b34d026fb7ed38b0bb4c7c685d,Narrow escape for Odisha minister after his vehicle collides with truck,"Bhubaneswar, Jun 6 (PTI) Odisha Food, Supplies and Consumer Welfare Minister K C Patra had a narrow escape on Friday after his car collided head-on with a truck at Barang in Cuttack district, police said. Though no one was injured in the accident, Patra’s car suffered damages on the front portion. (X)  The incident took place at Sandhapur Square on the Banki Main Road when Patra was on his way to Bhubaneswar, they said.  Know the latest trending",1
613e8cd0d54afadcead5b0a882b1f120,Two trucks catch fire after collision on expressway near Ahmedabad,"Vehicular movement was disrupted on National Expressway 1 on Thursday morning after two trucks caught fire following a collision, around 10 km before Ahmedabad, officials said. Station Fire Officer Mata Prasad Pandey said the incident occurred at approximately 4:15 am when a parked truck was hit from behind by another vehicle. One truck driver was injured in the truck fire that broke out on National Expressway 1 in Ahmedabad.(Representational Ima",1
66cd768c0686426d0c4619b6235e7275,"Ajmer: Three of a family die of electrocution, fourth member critical","At least three people died of electrocution after they came in contact with a high-tension wire while plastering a wall at their under-construction house in Kekadi area of Ajmer in Rajasthan, officials said. Representational image.  “The incident took place at 7am on Wednesday. Four of the family members were working on the roof when it happened. Three died on the spot, while the fourth is critical,” Savar station house officer Banwari Lal said.",2
bcd093970d12edbaca83aeb33f231998,"Nine killed, two injured as truck overturns on van in Madhya Pradesh's Jhabua","Nine persons were killed and two others injured after a cement-laden trailer truck overturned on a van in Madhya Pradesh's Jhabua district in the wee hours of Wednesday, police said. The accident took place at around 2.30 am when the victims, belonging to the same family, were returning from a marriage function.(AI generated image)  The accident took place at around 2.30 am when the victims, belonging to the same family, were returning from a mar",1
66a9af64cb174ec4c9725a0d08b3076f,UP couple returning after distributing son's wedding card dies in road crash,"A couple, who were returning on a motorcycle after distributing their son's wedding cards, died in a road accident in Uttar Pradesh's Bijnor district, police said on Monday. Their motorcycle was hit by an unidentified vehicle on the Nagina-Dhampur road(Pixabay/Representative)  The accident occurred on late Sunday when 62-year-old Khub Singh and his wife Lali Devi, 56-year-old, were returning home after distributing cards among relatives for their",1
d2ba8e8b95ec48ff335be6427cc13c79,Man cheats death in bridge accident that looks straight out of a movie: ‘Tom Cruise’s stunt double’,"In a scene that feels straight out of a high-octane action thriller, a man’s death-defying leap from a moving motorcycle has left the internet stunned. The viral video, which surfaced on the social media platform X, captures a moment of extraordinary reflex and sheer luck, as the man narrowly escapes a potentially fatal fall during a harrowing accident on a bridge. A viral video showed a man narrowly escaping a bridge accident by leaping off a cr",3
6190b9fb0b45b043d44200907fa27501,Five drown in two separate incidents in Pune,"Four teenage boys drowned while swimming in a percolation tank in Kadachiwadi near Chakan on Saturday. The deceased have been identified as Omkar Babasaheb Hange,13, Shlok Jagdish Mankar, 11, Prasad Shankar Deshmukh, 11, and Naitik Gopal More, 12, all residents of Medankarwadi. Preliminary investigations suggest that the boys were not familiar with the water body’s depth, resulting in the fatal accident. (REPRESENTATIVE PHOTO)  Pramod Wagh, senio",2
df82b813d7797a684d79ea2f37ccd673,Six police personnel injured as vehicle falls into gorge,"Six police personnel were injured after their vehicle skidded off the road at Uroosa near the Line of Control in Uri. The injured personal were shifted to sub district hospital Uri for treatment were doctors declared their conditions stable, said police spokesperson. (File)  Police said that an accident took place at weak bridge Uroosa Uri when a vehicle from Uroosa police post bearing number JKo5AA 5620 skidded off road and fell in a gorge resul",1
f97567005ebe4ae5f1e58019ddd97350,Chandigarh: Scooterist dies 12 days after being hit by SUV,"Police have booked the driver of an SUV that hit a scooterist near the Sector 39/40 light point, claiming her life. The victim, 22-year-old Neha, a resident of Sector 39-D, Chandigarh, succumbed to her injuries on May 22, 12 days after the accident, while undergoing treatment at Government Medical College and Hospital in Sector 32. (HT Photo)  The victim, 22-year-old Neha, a resident of Sector 39-D, succumbed to her injuries on May 22, 12 days af",1
83b61f41da61b07988a8911d0987aa24,Theatre ceiling falls on woman during Final Destination Bloodlines screening; Internet calls it 5D experience,"The American supernatural horror film Final Destination: Bloodlines has been giving fans plenty of reasons to jump from their seats. But during a recent screening in Argentina, fiction blurred with reality when a cinema-goer was nearly crushed by a falling ceiling. (Also Read: Final Destination Bloodlines box office day 4: Film weathers Mission Impossible 8 storm in India, mints $102M globally) Tony Todd's final appearance on screen in Final Dest",2
e3035acc644d38b35ad6d2de4ffa05b3,"‘I am not dead yet’: Woman in China falls from 12th floor, calls husband for help from ground","In a shocking incident in southeastern China, a 44-year-old woman survived a fall from the 12th floor and even managed to call out to her husband for help after hitting the ground. The extraordinary story of Peng Huifang, a factory cleaner from Leping in Jiangxi province, has captured nationwide attention for her miraculous survival, reported the South China Morning Post. The incident occurred when she was assisting her husband, who runs a window",2
d6eea850e131455b167a62972532cca5,Two lives snuffed out in separate road mishaps in Panchkula and Mohali,"Two persons lost their lives in separate road mishaps in Panchkula and Mohali on Wednesday. In the second case, a 59-year-old man riding a Honda Activa scooter succumbed to his injuries while undergoing treatment after being hit by a speeding Hyundai Verna car in Sector 77, Mohali. (HT Photo)  In the first case, a 31-year-old IT professional died in a hit-and-run near a park in Sector 24 in Panchkula. The victim, Amit Sheoran of Sector 27, who wo",1
87f2525d4517db7144613ce89d8fe0e1,Driver killed as taxi falls into Mandi gorge,"A 20-year-old taxi driver was killed after his vehicle fell into a 200-metre gorge near Sarachi in Seraj area of Himachal’s Mandi district on Tuesday, police said. Mangled remains of the car after the accident in Mandi on Tuesday. (Birbal Sharma/HT)  The deceased was identified as Bhupendra Kumar, a resident of Dhar Jarol village in Janjheli, Thunag tehsil in Mandi. According to reports, the incident occurred around 1 am when Singh was returning",1
29f6b91ab1cb31c15d5a3809c4e22f3f,ASI killed in high-speed car collision in Panchkula,"A speeding car snuffed out the life of an assistant sub-inspector of the Haryana Police after ramming into his four-wheeler on the dividing road of Sectors 26 and 27 on Sunday night. Victim’s car flipped multiple times before hitting roadside berm near Sector 26 in Panchkula. The driver of other car fled the scene. (HT)  The victim, identified as Anil Kumar, 44, was posted at the police lines in Panchkula and resided with his family, originally h",1
3114299d78098ec9a472dcc63e3e2cc4,Five dead as car plunges into dry riverbed near Khed,"Mumbai: Five persons were killed and two others were injured when their speeding car plunged into a dry riverbed in Ratnagiri district in the early hours on Monday. The group was on its way to Devrukh in Ratnagiri to attend a funeral. Local residents and the police rescued the passengers from the mangled vehicle (Screengrab from video)  According to the police, the group of seven passengers from two families left for Ratnagiri from the Indraprast",1
1461bfd743306957ca53ef444c6c8f46,Three killed after bike collides with parked truck in Kaushambi,"Three persons, including a father-son duo, were killed in an accident after their bike collided with a truck parked on the side of the highway near Ajuha Kaini area under Saini Kotwali police station of Kaushambi district on Sunday morning. (Pic for representation only)  Police have sent the bodies for postmortem examination. The victims were going from Prayagraj to Kanpur Dehat on the bike when the accident took place.  Know the latest trending",1
58f427e1e0b39ea9eef2a60297b935ee,Speeding truck mows down people assisting accident victims in Rajasthan,"Four people assisting victims of a road accident were killed and eight others injured when a speeding truck hit them in Dungarpur district of Rajasthan, police said on Sunday. The injured were rushed to a hospital at Sagwara in Dungarpur, where four people were declared dead.(Representative Image)  The incident occurred under Sabla police station limits at around 11.30 pm on Saturday, they said.  Know the latest trending news with HT. Read detail",1
82e7d084e10e37406fc7d8f647bcb64c,"Caught on cam: Man runs SUV over security guard in Delhi, arrested","The Delhi Police has arrested a 24-year-old man for allegedly attempting to murder a security guard by crushing him with his SUV near Mahipalpur flyover in southwest Delhi. The police said that the accused has been identified as Vijay, also known as Lale. (PTI)  According to PTI news agency, the incident took place on Sunday evening when the victim, Rajiv Kumar, was ""intentionally"" hit by the vehicle.  Know the latest trending news with HT. Read",1
161f2067c27661b47021a4b92062abf7,UP: Road death victim found killed for ₹50 lakh insurance in Sambhal; 4 nabbed,"What initially appeared to be a simple road accident turned out to be a cold-blooded murder, as police here uncovered a plot to kill a Dalit man with disability for a ₹51 lakh life insurance claim. On August 1, 2024, an FIR was registered at Chandausi Police Station, stating that Dariyab was killed in a hit-and-run near Sainik Chauraha. (File)  A sibling pair, a convicted criminal, and an insurance agent, behind the conspiracy, are now behind bar",3
188e8a53e049ec7100d7305c6a3b1733,John Elway was drunk before golf cart accident? New party photos spark fresh concerns,"NFL legend John Elway was spotted partying alongside several celebrities hours before the golf cart accident that killed his good friend and agent, Jeff Sperbeck. In one picture published by TMZ, the former Denver Broncos quarterback could be seen drinking from a styrofoam cup, causing social media users to believe that the 64-year-old might have been drunk. John Elway was spotted partying hours before the golf cart accident last week(Instagram/J",2
924fa994e0fc79eea7553110aa8b7e0d,"Jeff Sperbeck, John Elway’s longtime agent, dies after tragic golf cart accident","Jeff Sperbeck, longtime agent and friend of NFL legend John Elway, has died after a tragic golf-cart accident that left him on life support, TMZ reported on Wednesday, citing officials. The former quarterback's agent fell off the back of the cart, which was being driven by Elway. He was 62 years old. Jeff Sperbeck (R), agent of NFL legend John Elway, has died(Facebook)  The Riverside County coroner confirmed Sperbeck's death in a press release. T",2
dad7d4b66cc7c5600ffd6697584e1e0a,Accident near University of Delaware shuts down East Main Street in Newark,"An accident near University of Delaware in Newark shut down the busy East Main Street, starting at the South Chapel Street intersection, on Tuesday. In response, drivers have been asked to avoid the area and seek alternate routes. An accident near University of Delaware in Newark shut down the busy East Main Street.(UnSplash)  “The City of Newark is advising motorists of a road closure in the area of East Main Street starting at South Chapel Stre",1
1f55186248b9f92873f44424e2a29494,Kai-Ji Adam Lo: Vancouver car-ramming suspect called police a day prior; details revealed,"Kai-Ji Adam Lo, the 30-year-old Vancouver man who plowed into a crowd at the Lapu Lapu festival on Saturday, contacted the police a day before the car-ramming. At least 11 people were killed and several others were injured in the incident. Officials revealed that Lo had multiple previous interactions with police and mental health professionals. Kai-Ji Adam Lo contacted police a day before the Lapu Lapu car-ramming(Reuters)  On Monday, Sgt. Steve",1
60cfb7b7be5300aa9c43309e078860cb,Jagmeet Singh ‘horrified’ after Lapu Lapu car-ramming incident days before Canada election,"National Democratic Party candidate Jagmeet Singh, who greeted Lapu Lapu festival-goers on Saturday, said that he was ‘horrified’ to learn about the car-ramming incident at the Vancouver event. The accident took place two days before Canada goes to the polls. Jagmeet Singh was at the Lapu Lapu festival hours before the car-ramming incident on Saturday(AP)  Several people were killed after a driver plowed into a crowd at the street festival. ""A nu",1
013f53f282321a2d4dce31eb1f599274,"Private bus hits flyover pillar in Maharashtra's Bhiwandi, 1 killed","A private bus carrying picnic goers crashed into a divider at the Mumbai-Nashik highway in Bhiwandi, Maharashtra, on Friday, resulting in the death of a young girl and leaving 10 others injured. As per the medical officer, the accident occurred due to the brake failure.(Getty Images/iStockphoto)  Speaking to ANI, Medical Officer of IGM Hospital, Dr Mohammad Izhar Ansari said, ""A bus met with an accident due to brake failure... So far, 10 people h",1
fd74ea21d30557d633866c572c39e587,"Pickup van mows down 6 sanitation workers on Delhi-Mumbai Expressway, 5 injured","Nuh: Six sanitation workers were killed and five others critically injured on Saturday morning after a speeding pickup van ploughed into them while they were cleaning the Delhi-Mumbai Expressway near Ibrahim Bas village in Firozpur Jhirka, police said. The driver of the pickup van fled leaving the vehicle at the spot on the Delhi-Mumbai Expressway near Ibrahim Bas village in Firozpur Jhirka, police said.  The incident took place around 10 am when",1
e43cd53424f281b52188d6af908655c1,27-year-old man dies after his car gets crushed between two trucks on Mumbra bypass road,"Mumbai: A 27-year-old man died in an accident on the Mumbra Bypass Road in the early hours of Tuesday when a truck driver lost control and rammed into his car, crushing it into a container truck ahead. A case has been registered against the unidentified truck driver, who is absconding, under section 106 (causing death by negligence) of Bharatiya Nyaya Sanhita. The deceased was identified as Vishnu Pal, a resident of Mahape in Navi Mumbai. Thane,",1
ea9f7c7f8bff908d760ed90de1902d1e,"8 dead, 6 injured as SUV plunges off bridge in Madhya Pradesh","Eight persons were killed, and six others sustained injuries after an SUV fell off a bridge onto a dry river bed in Madhya Pradesh's Damoh district on Tuesday, police said. In the Damoh district of Madhya Pradesh, an SUV crashed from a bridge onto a dry riverbed, killing eight people and injuring six more. (PTI/representative )  The accident occurred near Simri village under the Nohata police station area around 11 am, an official said.  Know the",1
4cb6dde8e0953cf7b493e089da9d10b3,"Punjab: 3-year-old mowed down by speeding SUV in Jalandhar, accused arrested","A 25-year-old accused Himanshu has been arrested for mowing down a three-year-old boy near Jalandhar’s Kishanpura chowk on Monday, police said. The video of the incident went viral on social media. As per the FIR, the SUV driver crushed a stray dog before running over the victim in Jalandhar. (Representational image)  The deceased has been identified as Tripur, who was playing outside his residence when the incident happened. The accused fled fro",1
8f45b208ed939eed0a96257bc36cb1bd,"3 killed, 12 hurt as truck hits multiple vehicles on highway in Pune","Three persons were killed and 12 others injured after a truck crashed into five vehicles on the old Pune-Mumbai highway near Lonavla hill station here in Maharashtra, police said on Monday. The truck apparently suffered a brake failure while descending a slope.(Representational)  The incident took place at 10.20 pm on Sunday at Battery Hill near Bor Ghat.  Know the latest trending news with HT. Read detailed articles here  The truck apparently su",1
cdf088550b55bdc29923bbd7e735d093,Family of four killed after their car rams into stationery truck in UP's Fatehpur,"Kanpur , Four persons, including an elderly couple, were killed and two others were seriously injured when their speedy car rammed into a stationary truck on Saturday in Uttar Pradesh's Fatehpur district, police said. Family of four killed after their car rams into stationery truck in UP's Fatehpur  The accident took place on National Highway-2 near Sujanipur crossing in Khaga, Fatehpur, when the elderly couple, along with their family members, w",1
da8270080f881ed32da1d31071cc3404,Four dead in ‘unimaginable’ cable car crash near Italy's Naples,"Four people died and one suffered life-threatening injuries after a cable car crashed to the ground near Naples in southern Italy on Thursday, mountain rescue services and firefighters said. A cable broke on the link taking tourists from the town of Castellammare di Stabia, on the Gulf of Naples, to Mount Faito, about three kilometers (1.8 miles) away, reports said.(AFP/Corpo Nazionale Soccorso Alpino e Speleologico (CNSAS))  The accident happene",2
a440a4a948e702334a8c05e20abde742,"Bengaluru civic body truck driver, thrashed after boy’s death, dies in hospital weeks later: Report","A BBMP garbage truck driver, who was brutally assaulted by a mob after his vehicle fatally knocked down an eight-year-old boy, succumbed to his injuries on Thursday, according to the Sampigehalli police. The driver, identified as 59-year-old Kondaiah, had been under treatment at a hospital since March 29.  According to a Deccan Herald report, the driver, identified as 59-year-old Kondaiah, had been under treatment at a hospital since March 29, th",3
0a6b1cc6421974b4e73ec8ac52eb2d33,"All on Joey Broom, John Clark and Jeffrey Little, Major League Fishing boat crash victims","Officials in Cullman County identified the three men who died in a boating accident on Smith Lake Wednesday. The crash took place as the Major League Fishing tournament was being held. The Alabama Law Enforcement Agency confirmed that Joey Broom, John Clark, and Jeffrey Little were the three men who died. Flint Davis, a pro-bass fisherman, was also involved the accident. Joey Broom (r) died in the Major League Fishing boat crash (X)  ALEA said th",2
e063d7cc84ea321ea336ff2a9839b370,Cab driver dies after mob thrashes him over string of accidents in Ahmedabad,"Ahmedabad, A taxi driver was found dead after allegedly being beaten up by an angry mob as his cab crashed into several vehicles in Ahmedabad city, police said on Wednesday. Cab driver dies after mob thrashes him over string of accidents in Ahmedabad  The incident took place in Juhapura area on Tuesday night, they said, adding the driver was suspected to be inebriated when his vehicle caused a series of accidents.  Know the latest trending news w",3
f42098799a2e5781917b0e86fcd61f25,Three injured in multiple vehicle collision in Lucknow,"Three people got injured after three vehicles collided with each other in an accident that took place on the Lucknow-Sitapur National Highway under BKT and Sairpur police station area of the city on Tuesday. (Pic for representation)  According to police, the accident took place when an SUV driver suddenly applied emergency brakes due to which the car behind it collided with it. A pickup van behind the car also hit the vehicle strongly.  Know the",1
69083a6d81d6c6b12a04d4bfa2ae494d,Pakistan: Truck-coach collision in Khyber Pakhtunkhwa leaves 10 dead and 8 injured,"At least 10 people died, and eight others sustained injuries in a truck-coach collision in Karak, Khyber Pakhtunkhwa, ARY News reported on Tuesday, citing rescue sources. The road accident occurred near Meetha Khel on the Indus Highway. (ANI/representative )  As per details, the road accident occurred near Meetha Khel on the Indus Highway where a passenger coach collided with a truck, resulting in the deaths of ten people and injuries to eight ot",1
49efc070df87cce3c3cebda6b0aed338,One killed after MSRTC hits bike at Hindmata Bridge,"MUMBAI: A 20-year-old pillion rider died, and his friend who was riding their bike was seriously injured, after a Maharashtra State Road Transport Corporation (MSRTC) bus ran over them at Hindmata Bridge early on Sunday. The bus driver was booked for causing death by negligence on Sunday. Mumbai, India. Apr 14, 2025: 20-year-old Mazgaon resident Mohammad Shaikh lost his life after a speeding State transport (ST) bus collided with his bike in the",1
f0f659dd9229440d28067ed27d0d454d,Chinese car owner accepts 15 pancakes as compensation after food cart scratches his Range Rover,"In a heart-warming and unusual turn of events in the northeastern Chinese city of Shenyang, a Range Rover owner chose kindness over conflict after his SUV was accidentally scratched by a breakfast cart. Instead of demanding full monetary compensation, he settled the matter with just 15 egg pancakes, according to a report by the South China Morning Post. A man in China forgave a breakfast cart owner for scratching his luxury car, accepting 15 egg",3
69114528219760d1fca17ea3e47f60b4,What caused the Dominican Republic nightclub's roof collapse that killed 200? Experts weigh in,"The sudden collapse of the roof at the Jet Set nightclub in the Dominican Republic, which tragically killed more than 200 people during a concert, has left the country searching for answers. More than 300 rescuers, aided by sniffer dogs, had worked tirelessly since disaster struck early Tuesday.(AFP)  More than 300 rescuers, aided by sniffer dogs, had worked tirelessly since disaster struck early Tuesday to pull survivors from the rubble of the c",2
c4491879a17ffcd12e474b69f49b4dd5,Death toll in Dominican nightclub roof collapse rises to 79,"Rescuers raced to find survivors Tuesday among the rubble of a Dominican Republic nightclub where at least 79 people, including a former Major League Baseball star, were killed when the roof collapsed. Personnel from civil defense and firefighters work at the Jet Set nightclub following the collapse of its roof in Santo Domingo on April 8, 2025.(AFP)  Renowned Dominican merengue singer Rubby Perez, who was on stage at the popular Jet Set nightclu",2
3ceec01252ccd396502f47e39db01da3,"Bengaluru girl, 9, dies after father’s tractor overturns and falls into lake, sister injured: Report","A routine ride home turned tragic for a family in East Bengaluru’s Whitefield area when a tractor flipped and fell into a lake, killing a nine-year-old girl and injuring her younger sister and father. The incident occurred on the banks of the Pattanadur Agrahara lake. (Representational Image)(Shutterstock)  According to a report by Deccan Herald, the incident occurred on the banks of the Pattanadur Agrahara lake when the tractor, allegedly being",1
c9233a1cd12dfd8d4b74959ea98d5fb3,Two students killed in bike crash at Paud Phata flyover,"A tragic accident at the Swatantryaveer Savarkar flyover near Paud Phata in Kothurd claimed the lives of two management college students when their speeding two-wheeler crashed into the bridge’s railing at around 3:15 am on Monday. Police investigation revealed that both deceased were not wearing helmets. (REPRESENTATIVE PHOTO)  The deceased have been identified as Sarvesh Gopal Patil (20) and Pushkar Sudhakar Choudhary (19), both residents of Tu",1
1ed183384614243c76fc1bd275f3c56b,Panjab University scholar among 3 killed in late-night Mohali crash,"A Panjab University scholar and his two friends, including a woman, were killed after their speeding Maruti Ertiga met with an accident near Boothgarh light-point on Siswan road in Mohali district on Sunday night. The mangled remains of the Maruti Suzuki Ertiga that met with an accident near Boothgarh light point on Siswan road in Mohali on Sunday night. (HT Photo)  Police said the impact of the crash, which took place around 10.30 pm, left the s",1
e235981d5b8808a2971bed8a8ed9cda7,Woman dies after being run over by JCB at Thane dumping ground,"Thane: A 48-year-old woman died after being struck by a JCB machine while collecting waste at the CP Talav dumping ground in Wagle Estate, Thane, on Sunday. The victim, identified as Rajshree Balu Jadhav, was a resident of Jay Bhim Nagar, CP Talav Road. Woman dies after being run over by JCB at Thane dumping ground  The accident triggered panic among bystanders, who rushed to her aid. Police and civic officials promptly arrived at the scene upon",2
1849b7cf374e2065e5f393eaef0c05ee,Noida police explains why it delayed adding Lamborghini crash driver's name to FIR,"Noida police has registered an FIR and arrested Deepak, the driver of the Lamborghini that hit two labourers resting on a footpath near an under-construction building in Sector 94 on Sunday. The Lamborghini car that hit two labourers, causing them serious injuries, near Noida Sector 94, Monday, March 31, 2025. (PTI)  Deepak, a resident of Ajmer, was driving a Lamborghini registered in Puducherry. The police have also seized the luxury vehicle as",1
f622ede7dcd39ea9a5b6b8346998f511,Was Noida Lamborghini speeding at 300 kmph? What initial investigation found in car crash,"One of the labourers injured in a Lamborghini car crash in Noida Sector 94 reportedly claimed that the luxury vehicle was overspeeding. Two labourers from Chhattisgarh were injured in the crash and have been admitted to a nearby hospital and are said to be out of danger. They have suffered a fracture in their legs, police said. People gather around a Lamborghini car after it allegedly hit people in Noida on Sunday. (PTI)  Citing the police, Repub",1
f5e6d014d4bab608b77cb2b39c679306,"3 Gujarat policemen killed, cop injured in Haryana road accident","Rohtak/Bathinda: Three Gujarat Police personnel were killed and an assistant sub-inspector was injured when their SUV collided with another vehicle on the Dabwali-Chautala road in Sirsa district on Wednesday, police said. Three Gujarat Police personnel were killed and a cop was injured when their SUV collided with a vehicle on the Dabwali-Chautala road in Sirsa district on Wednesday. (HT Photo)  The victims were identified as assistant prosecutio",1
e6817c077ebb70ea88cd841a9b35db20,Delivery person killed by car driving on on wrong side of the road in LBS Road,"MUMBAI: A 21-year-old delivery person was killed in an accident after a car speeding on the wrong side on LBS Road collided against him on Sunday. The accused driver, Siddharth Gorakh Banpatte, was arrested on Sunday for causing death due to rash and negligent driving. The damaged scooter which Prince Arjun Chaudhar, the deceased, was driving  The deceased is identified as Prince Arjun Chaudhary. Prince lived with his brother Premprakash Chaudhar",1
1cbcc273c6c623b862c9b4688e4e6e3d,"Thane govt official drowns at Raigad beach, accidental death report filed","A 37-year-old district administration employee of Maharashtra's Thane drowned during a picnic at a beach in Raigad on Sunday, March 24. Her colleagues promptly informed a rescue team on the beach, who helped her escape from the water and administered CPR to er. However, she passed away before reaching the hospital.(Representative image/ Pexel)  Pallavi Sarode, served as an assistant revenue officer and personal assistant to collector Ashok Shinga",2
1e2dd5b63f83d93d2af4bd909289f2f4,"1 dead, another injured as 100-feet chariot falls during festival in Bengaluru's Anekal","A tragic incident occurred during a festival in Anekal, Bengaluru rural, when a 100-feet chariot fell, resulting in one fatality and leaving another person injured, police said on Saturday. Further investigation into the incident are underway. (Representative Image/Shutterstock)  The incident took place around 6 pm on Saturday, as reported by CK Baba, Superintendent of Police (SP), Bengaluru Rural.  Know the latest trending news with HT. Read det",2
31c32a6f89e77d4f1996b2d7f0293a19,Telangana DSP killed as speeding bus runs over him in Rangareddy,"A Deputy Superintendent of Police (DSP) was killed in the early hours of Saturday after being hit by a speeding bus in the Hayathnagar area of Telangana's Rangareddy district. The accident took place near a Hanuman temple in Laxma Reddy Pallem of the Rangareddy district. (File Image/Representative)  Police said that the accident took place around 4:40 am near a Hanuman temple in Laxma Reddy Pallem when the top cop was out for a morning walk, a ne",1
90cb95461352dd7a12bd9a7d0bb30e89,Chandigarh: Porsche driver charged with culpable homicide,"The UT police have added Section 105 (culpable homicide not amounting to murder) of the BNS against the Porsche driver who rammed the car into a man and two women on scooters, resulting in the death of the man. After the enquiry it came to light that the accident happened when the driver was attempting to overtake at high-speed on a single-lane road, leading to collision. (HT Photo)  The accident took place on the road dividing Sector 4 and 9 on",1
fb0ebb6d29fcaeccdbc295a24bd74c37,Vadodara car crash accused seen drinking from bottle minutes before accident,"Three days after a tragic car accident in Vadodara claimed the life of a woman and left four others seriously injured, CCTV footage has surfaced, shedding light on the moments leading up to the incident. The accused, 20-year-old law student Rakshit Chaurasia, was caught on camera along with his friend Pranshu at the residence of another friend before the crash. Rakshit Chaurasia, a 20-year-old law student, was arrested by police after the Vadodar",1
5030b61b8013d313fe449794bc59859d,"10 IIT students injured as vehicle falls into gorge in Sikkim, condition of three serious","Ten students of IIT (ISM) Dhanbad were injured after their vehicle plunged into a 100-foot-deep gorge in Sikkim's Mangan district, police said on Sunday. As per police, the accident happened near Pakshep in Forest Dara around 9:30 pm on Saturday when the students were travelling from Lachung to Gangtok. (Representative image)  The accident happened near Pakshep in Forest Dara around 9:30 pm on Saturday when the students were travelling from Lachu",1
ddbc781254783a499c7bf9b5eca1dfee,"Jodhpur: Former BJP MLA’s son dies in high-speed car crash, friend hurt","Jodhpur: The 26-year-old son of former Barmer district president of Bharatiya Janata Party (BJP), Jalam Singh Rawalot, was killed on Friday night after his car met with an accident near the Nahar circle on Pal Road in Rajasthan’s Jodhpur, police said. The car that was heading towards Chopasni in Rajasthan was severely damaged due to the collision (Pic for representational purpose only)  Also Read: Dehradun hit-and-run: 4 labourers crushed to deat",1
628a9b7b39390681ce6c47e68bd14b31,"Vadodara car crash: Accused Rakshit Chaurasia denies drunk driving, claims ‘lost control due to potholes’","Vadodara car crash: Rakshit Ravish Chaurasia, the 23-year-old man who allegedly crashed a car into multiple vehicles in Gujarat’s Vadodara, killing a woman and leaving four others injured, claimed on Friday that he was not drunk at the time of the incident late Thursday night. Vadodara car crash: Rakshit Chaurasia told the media that he was not drunk at the time of the incident. (ANI)  The accident occurred around 12.30am near Muktanand cross roa",1
4de0ed9eed7369bc8536e5b1cb59733f,"Woman killed, four injured as law student rams car into two-wheelers in Vadodara","Vadodara, A woman was killed on the spot and four others sustained injuries when a speeding car driven by a 20-year-old law student crashed into their two-wheelers in Gujarat’s Vadodara city in the early hours of Friday, police said. Woman killed, four injured as law student rams car into two-wheelers in Vadodara  The accident occurred around 12.30 am near Muktanand cross roads in the Karelibaug area following which the driver, Rakshit Chaurasiya",1
a1c3a1ff8566ffb720704a95de9b2992,"Leaning out of moving train for photos, 35-year-old tourist sustain critical injuries","A Chinese tourist in Sri Lanka was critically injured after she leaned out of a moving train to take photos and hit her head against a tunnel wall. The incident took place on March 9 on the Nanu Oya–Badulla route, reported the South China Morning Post. The incident took place in Sri Lanka on March 9.(Representational Image/Pexel)  The 35-year-old woman sustained serious head and leg injuries and was rushed to Haputale Regional Hospital before bei",2
bdfbdafeefd139d0c686fb4243f31090,"Three killed, three Injured in head-on collision of bikes in Shahjahanpur","A major accident took place late Wednesday night near the toll plaza near Mahanandpur village on the Puwanya-Sindhauli road in Shahjahanpur district, where two motorcycles collided head-on. The crash claimed the lives of three young men, including a D-Pharma student, while three others, including a woman and her four-year-old daughter, sustained serious injuries. (Pic for representation)  According to police, one of the motorcycles was being ridd",1
5324c2018eabbd0f1e4c0a4da1348312,6 injured in road crash involving 3 vehicles in Thane,"Thane, Six persons, including a toddler, were injured in an accident involving three vehicles in Thane city of Maharashtra in the wee hours of Sunday, officials said. 6 injured in road crash involving 3 vehicles in Thane  The incident took place at 1.26 am at Cadbury junction bridge on the Eastern Express Highway, which is also the Mumbai-Nashik route, Thane Municipal Corporation's disaster management cell chief Yasin Tadvi said.  Know the latest",1
cd72d496056d7b1fce4184ce6f14e694,"Three dead, 20 injured in bus-lorry collision in Andhra Pradesh's Eluru","At least three people died, and 20 others were injured after a private travel bus collided with a lorry and overturned near Chodimellu village in Eluru. The accident occurred in the early hours of Thursday, officials confirmed. The bus, which was traveling from Hyderabad to Kakinada, reportedly lost control due to overspeeding.(Representational photo)  The bus, which was traveling from Hyderabad to Kakinada, reportedly lost control due to overspe",1
e679a550455b87620a4b95fa46233c60,3 killed as three lorries crash in Chitradurga,"Three people died on Wednesday in a crash between tree lorries on the outskirts of Chitradurga, police said. 3 killed as three lorries crash in Chitradurga  “The accident occurred at around 5.30 am on NH-4, just outside Chitradurga. A lorry transporting paddy from Chitradurga to Davanagere was parked beside the road due to a burst tire. The driver and cleaner of the parked lorry were attempting to change the tire when a lorry carrying LPG cylinde",1
25c51d013a746e2049bed3008077370f,"Car rams barricade at Singhu border, 1 dead","A 35-year-old man, who had gone to Indira Gandhi International (IGI) airport to pick up his mother and was travelling with her to their hometown of Jalandhar in Punjab, was killed in a freak accident near Singhu – the border between the Capital and Haryana -- after a tyre of the car they were travelling in burst, causing the driver to veer into a cement jersey barricade, police said on Thursday. Police registered a case under section 281 (rash dr",1
ac44b7754df79f9210332edef4a805ca,"California judge charged with murder of wife, testifies ‘it was an accident’","A Southern California judge charged with the murder of his wife took the stand Monday to testify in his own defense, telling the courtroom he accidentally shot her with the gun he carried in an ankle holster. A judge from Southern California who is accused of killing his wife spoke in his own defence on Monday, claiming that he unintentionally shot her with the revolver he was carrying in an ankle holster.(AP)  Orange County Superior Court Judge",3
77beec206c016ad024977627e8ef3f50,"Rajasthan: 5-year-old boy, who fell into borewell in Jhalawar, dies","The five-year-old boy who fell into a borewell in the Jhalawar district of Rajasthan on Sunday and was stuck at 32-feet depth was brought out dead on early Monday morning after around 16-hour-long operation by the NDRF and SDRF. After an approximately 16-hour operation, the five-year-old kid who fell down a borewell in the Jhalawar region of Rajasthan on Sunday and became trapped at a depth of 32 feet was pulled out dead early on Monday morning.(",2
615618ad1e4d77e9682b8cf295bf4afc,"MP: Six people from Karnataka, returning from Mahakumbh, killed in road accident","Six devotees from Karnataka were killed when their car hit the divider and rammed into a bus in Jabalpur district of Madhya Pradesh on Monday morning. The deceased were returning from Prayagraj after attending the Mahakumbh. Representational image.  “On Monday morning, eight people from Karnataka were returning from Prayagraj after attending Mahakumbh when they met with an accident in Pehrawa area of Jabalpur. Six died on the spot while two were",1
a8eadefc5346ba7f8b56887528cbdd0d,Kharar man killed in truck-scooter collision in Mohali,"A 50-year-old scooterist was mowed down by a speeding truck in Balongi on Friday afternoon. Mohali police arrested the accused truck driver, Maan Singh, who hails from Rajasthan. (iStock)  Police have identified the victim as Vishal Sharma, a resident of Sector 127, Kharar. According to police, Sharma was returning from Chandigarh after purchasing tiles for his house, accompanied by his acquaintances Rajinder Singh and Sumit Arora. The trio resid",1
373c8ca7e19028d3d3ff589f4fc6519d,18-month-old child killed by speeding car being driven by 15-year-old in Delhi,"An 18-month-old child died allegedly after a speeding car being driven by a 15-year-old-boy hit him at Mukhmelpur village in Alipur in outer Delhi on Saturday morning, police said. The child was rushed to Satyawadi Raja Harish Chandra hospital by his uncle but was declared brought dead. (Representational photo)(Getty Images/iStockphoto)  The teenager attempted to flee the spot but was caught by locals and handed over to the police. Deputy commiss",1
832da80071ddc5a9afdc55d7cb157d16,4 Bengal residents killed in Dhanbad car crash en route to Maha Kumbh in Prayagraj,"Four people from West Bengal on the way to Maha Kumbh in UP's Prayagraj were killed in Jharkhand's Dhanbad district in the early hours of Saturday as their car rammed into a truck parked on the roadside, police said. Early on Saturday morning, four West Bengalis travelling to Maha Kumbh in Prayagraj, Uttar Pradesh, were murdered after their vehicle collided with a truck stopped on the side of the road in Jharkhand's Dhanbad district, according to",1
73c41228cc01a50222c9351a70863627,Cop probing accident on tracks hit by a train,"THANE: A Government Railway Police (GRP) sub-inspector from Kalyan was critically injured near Khardi on Friday morning while conducting panchnama of a woman who had fallen from a moving train at midnight. The officer, PSI Kailash Garje, sustained multiple fractures from the collision. Cop probing accident on tracks hit by a train  According to officials, Garje was preparing a panchnama of the accident when the collision occurred. “He was focused",2
67debdf75864c0b2749e4df4df5e0187,Seven killed in 2 road mishaps in Tarn Taran,"Seven persons were killed in two separate road mishaps in Tarn Taran district. Seven persons, including a couple, were killed in two separate road mishaps in Tarn Taran district. (Representational image)  Three of a family died in an accident on the Tarn Taran-Patti road near Lahuka village on Tuesday when the official vehicle of the SDM, Patti, rammed into their bike.  Know the latest trending news with HT. Read detailed articles here  The decea",1
982f111c8e53c4f078d84f7aede52b85,Maharashtra: 3 injured after SUV rams into victims in Thane housing complex,"Three persons were injured after an SUV rammed into them in a housing complex in Maharashtra's Thane district on Tuesday, police said. On Tuesday, an SUV struck three people at a housing complex in the Thane region of Maharashtra, causing injuries.(PTI/representative )  A video of the incident that took place in the Kashimira area in the morning has surfaced on social media.  Know the latest trending news with HT. Read detailed articles here  An",1
8000f939aba2429e87355cb617462e36,"Crash, fireball, flip: New video shows Delta Airlines' eventful landing","A Delta Airlines jet carrying 80 people, including 76 passengers and four crew members, was involved in a dramatic crash landing at Toronto's Pearson Airport on Monday afternoon. The plane, a Mitsubishi CRJ-900LR, flipped onto its roof while attempting to land at around 2.15 pm. All passengers survived, though 18 were hospitalized with minor injuries, according to airport officials. An aircraft from Delta Airlines sits upside down on the tarmac a",2
5459cfa0a389f7e0dc5dd16993c17eca,"Rajasthan: 5 dead, 3 injured in road accident while returning from Maha Kumbh Mela","Five people returning from the Maha Kumbh mela died and three got injured when their car rammed into a truck in Rajasthan's Dausa district on Tuesday, police said. In Rajasthan's Dausa district on Tuesday, a car crashed into a truck, killing five people and injuring three more who were returning from the Maha Kumbh mela, according to authorities.(Getty images/representative )  The accident happened on Dausa bypass. Five of the six people, all res",1
30bd397f757032e9400610ba70d15706,UP: 4 members of family killed in Etah district road accident,"Four members of a family, including two children, were killed and five injured when their car fell into a canal near Jarera village, a police official said on Friday, According to a police officer on Friday, a family's automobile crashed into a canal close to Jarera hamlet, killing four of them—two of them children—and injuring five more.(Hindustan Times/representative )  The accident took place on Thursday night when the family was returning to",1
863f842b952ef0642d602042bb4e79a7,"3 women labourers, toddler killed as dumper truck falls on them in Gujarat's Banaskantha","Three women labourers and a toddler were crushed to death when a dumper truck carrying sand overturned and fell on them in Gujarat's Banaskantha district, police said on Sunday. The accident site in Gujarat's Banaskantha where a dumper truck overturned, leaving four persons dead.(PTI)  The incident occurred at Khengarpura village in the district on Saturday evening when a group of labourers was engaged in road construction work, they said.  Know",1
1083cbda51b84816ade0c8726daf1524,"44-yr-old Bicyclist hit by car on Gurugram road, dies","Gurugram: A 44-year-old bicyclist was killed while standing along Hamilton Court road in Sector 28, Gurugram after he was allegedly hit by a Mahindra Thar, police said on Saturday. The victim worked as a chauffeur for the CEO of a leading telecom firm who lived in Sector 30. After the day’s work, he was returning on bicycle when the accident occurred. (Representational image)  The incident took place on Friday at about 9pm as the victim, Rajkumar",1
3263f2cd8866a414458397ec9b081ce4,Indian-origin executive gets 25-year-jail term for drunk driving crash in New York that killed 2 teens,"A 36-year-old Indian-origin construction executive has been sentenced to up to 25 years for driving at 150 kmph while drunk and high on cocaine resulting in a crash that killed two teenagers in the US, according to media reports. A 36-year-old construction executive of Indian descent was given a term of up to 25 years in prison for driving at 150 kmph while intoxicated and under the influence of cocaine, which caused a collision that claimed the",1
00a965618baac7f417e07bc96d643a0f,Recent aviation disasters cause fears about the safety of flying,"The spate of recent aviation disasters and close calls have people worried about the safety of flying. People are wondering whether their flight is safe.(Pexels)  The midair collision that killed 67 near Washington, the fiery plane crash in Philadelphia and now a missing plane in Alaska are only the most high-profile disasters. There was also a Japan Airlines plane that clipped a parked Delta plane while it was taxiing at the Seattle airport earl",3
68469a641d95f3a49c7b5f92ba1fa33c,Biker crushed to death as truck topples over on Gurugram road,"A 38-year-old motorcyclist was crushed to death when a speeding container truck toppled over him at a sharp bend on the Sohna-Tauru Road on Thursday afternoon, police said, adding that the truck driver fled from the scene after the crash. Commuters alerted the police control room, and an emergency response vehicle was dispatched to the scene, officers aware of the case said (HT Photo)  According to investigators, the incident took place around 12",1
d44e57b1378096251b027ec5ec08f2c7,Six killed in two separate truck accidents in Madhya Pradesh,"Six persons were killed in two separate accidents involving trucks in Madhya Pradesh's Umaria and Bhind districts on Thursday, police said. Around 7.30 am, two speeding trucks collided in Umaria, killing three ladies and one man and injuring another.(PTI/representative)  In Umaria, three women and a man were killed and another person was injured in a collision between two speeding trucks at around 7.30 am, an official said.  Know the latest trend",1
bd157a2709013e206f3037b518569eee,"Chhattisgarh: 3 teens skip school for tractor joyride, killed in accident","Three minor boys were killed and another was injured when a tractor on which they were riding after skipping school overturned in Chhattisgarh's Dhamtari district, police said on Thursday. While three of the teenagers got trapped under the tractor and died on the spot, another boy sustained serious injuries.(Getty Images/representative)  The accident took place on Wednesday near Charra village under Kurud police station limits, a police official",1
2a7656cf1d832de0644091dc176959dc,"Tesla tragedy: Woman killed as car flips, goes up in flames in Manhattan","A woman driver was reportedly pronounced dead at the scene after she and her passenger were ejected from a Tesla vehicle on the FDR Drive in Manhattan, NYC. The cause of the crash has yet to be revealed. A female driver was killed after a Tesla flipped and caught flames in Manhattan on early Tuesday morning.(New York Post)  Per several US media reports, the unimaginable tragedy occurred early Tuesday as the car struck a guardrail and flipped on t",1
5de1aa86654ea9a0ab7493c3c4e307b0,Navi Mumbai: 45-year-old man killed by 2 riders in road rage,"A 45-year-old man was attacked and killed by two unidentified two-wheeler riders in a road rage incident in Navi Mumbai, police said on Tuesday. In a road rage incident in Navi Mumbai, two unidentified two-wheeler riders assaulted and murdered a 45-year-old man.(Hindustan Times/representative)  The police have registered a murder case in connection with the attack that occurred in Kharghar on Sunday night, an official said.  Know the latest trend",3
42d81a86ed9d911633d3391fd932b492,"Five pilgrims, travelling to Dwarka, killed as bus falls into gorge in Gujarat","Five persons were killed and 17 others suffered grievous injuries after a private bus carrying pilgrims fell into a deep gorge in Gujarat's Dang district early Sunday morning, police said. The bus, carrying 48 pilgrims, fell at a depth of about 35 feet into the gorge.(Representational image)  The accident occurred at around 4.15 am when the driver of the bus lost control over the wheels near the Saputara hill station, in-charge Superintendent of",1
db43d7361c3ad7746c7778435b8fa9da,Maha Kumbh: 10 injured after van carrying devotees overturns in UP's Barabanki,"Ten people were injured when a pick-up van carrying devotees returning from Prayagraj Maha Kumbh overturned in the Safdarganj area here, police said on Saturday. A pick-up van transporting devotees returning from Prayagraj Maha Kumbh crashed in the Safdarganj district here on Saturday, injuring ten persons, according to police.(Hindustan Times/representative)  According to police, the vehicle went out of control and turned on its head near Maulab",1
77dbc2096f7e8af83b4c49fe0ba28964,"1 dead, 11 missing as cruiser plunges into Bhakra canal in Haryana's Fatehabad","One person was killed while 11 others were swept away after a Force Motors Cruiser carrying 14 passengers plunged into the Bhakra canal in Haryana's Fatehabad district, police said on Saturday. According to authorities on Saturday, a Force Motors Cruiser carrying 14 people crashed into the Bhakra canal in the Fatehabad district of Haryana, killing one person and sweeping 11 others away.(Hindustan Times/Sakib Ali/representative)  A man and an 11-y",1
fb291742785ddaf2102b58783d1f7b22,12 die as pick-up van collides with truck in Punjab’s Ferozepur,"At least 12 people were killed when a pick-up van and a Canter truck collided in Ferozepur on Friday morning. Police said the pick-up was ferrying labourers from Guru Har Sahai, a sub-division in Ferozepur district, to Jalalabad in neighbouring Fazilka district when the accident took place. (HT File)  Police said the pick-up was ferrying labourers from Guru Har Sahai, a sub-division in Ferozepur district, to Jalalabad in neighbouring Fazilka dist",1
c5eab43e63b6ec757052c6b184be33ae,"Republic Day function turns tragic in Odisha as pick-up van overturns killing a student, 20 others injured in mishap","A class 10 student died and 20 others were injured as a pick-up van that was taking them to a Republic Day function overturned in Odisha's Cuttack district on Sunday, police said. As per the police, the deceased has been identified as Soumya Ranjan Behera, a student of Class 10. (Representative image/Getty image)  The incident happened near Anshupa Lake when students of Malaviharapur High School were on the way to the Saranda Parade Ground after",1
114bb951c57e6cedb6b1b9d04cb893c8,Man hit by car on MG Road dies; driver on the run,"Gurugram: A 34-year-old man was killed while crossing MG Road on Thursday evening after being allegedly hit by an unidentified speeding car, police said on Saturday. A 34-year-old man was killed while crossing MG Road in Gurugram on Thursday evening. (FILE PHOTO)  Police identified the victim as Nazmul Haq, originally from South Dinajpur, West Bengal, residing in a rented accommodation at Nathupur in DLF Phase-III. He worked as a painter in Gurug",1
f86c87e7675fdcc13b73a11c609fda73,Man miraculously escapes unscathed after getting trapped between two buses. Video,"A terrifying incident has left netizens stunned after a man narrowly escaped being crushed between two buses. According to Times Now, the event occurred in Tamil Nadu and was captured on video, which has since gone viral on social media. A man in Tamil Nadu had a miraculous escape after being trapped between two buses. (X/@Venkatesh_G1324)  (Also read: Man survives crash with miraculous landing on pickup truck bonnet after hitting divider. Video)",1
bfe2ecd9223483d6255733c603805ff5,Angelina Jolie and Brad Pitt's son Pax met with another e-bike crash after six months,"Pax Jolie-Pitt, the 21-year-old son of Angelina Jolie and Brad Pitt, has crashed his e-bike with a car after riding hands-free just six months after a similar accident sent him to the ICU with a head injury. Pax Jolie-Pitt, 21, crashed his e-bike in Hollywood after riding hands-free.(Dimitrios Kambouris/Getty)  Pax was riding his purple-and-black electric bike through Hollywood during Friday morning before he struck a white hatchback. Pax was wea",1
7b3c22ca92483e29eef07ad67a4e3ea2,"Bihar: Truck driver, one other killed after vehicle catches fire","A truck driver and his helper were burnt alive on Friday when the vehicle inside which they had fallen asleep after parking it on the roadside caught fire in Bhojpur district, a senior police officer said. The driver, Bhim Singh (56), and his helper Vikas Kumar (20), both local residents, were charred to death.(Hindustan Times/representative )  The incident took place in Koilwar police station area, where the 18-wheeler trailer went up in flames",2
49a1439a9eb89a7bd0e32aaa73da6e96,"Pushpak Express mishap: ‘Mother told me to jump, couldn’t as I was scared’","A journey that began with routine expectations turned into a nightmare for passengers aboard the Pushpak Express. The train that left the Lucknow junction around 9:40 pm on Tuesday was caught in chaos as rumours of a fire led to panic, screams, and a scramble for safety. Officials at the site where 12 passengers of Pushpak Express were hit by Karnataka Express, at Pachora in Jalgaon on Wednesday. (ANI)  At least 12 passengers were killed on Wedne",2
82092db153e1780ccb77ca3368ec162e,"Jalgaon accident: 12 passengers jump out fearing fire, run over by another train","Train accident today: At least 12 people were killed after they being hit by the Bengaluru Express in Maharashtra’s Jalgaon district, railway officials said. The catastrophic train accident occured near the Paranda railway station at 4.19 pm on Wednesday. Train accident today: Pushpak express was travelling from Lucknow to Mumbai when the accident occured.(ANI)  According to railway officials, the tragedy unfolded when passengers aboard the Pushp",2
9905e783a1be205ca017d88a3c1b5e6a,Shocking CCTV video shows car plummeting from first floor of Pune apartment,"A shocking incident occurred in Viman Nagar on Sunday morning when a car fell from the first-floor parking lot of the Shubh Gateway Apartment. A viral video, recorded by a CCTV camera, captured the dramatic moment when the vehicle slid backwards and plunged to the ground after a portion of the parking structure collapsed. The incident was captured by a CCTV camera.  The footage, which has been widely circulated online, begins with a white car ent",1
fe7964504c882069f1ccb03c9fc662a0,What to do if you're involved in a car accident: Essential steps to follow,"A car accident can happen in a split second. Whether you are at fault or someone else is a car accident is a nasty thing to happen. But often, the collision itself is only the start and, to make sure you’re protected further down the line, there are some things to remember. In this article, we’re going to be looking at some of the things to remember if you are involved in a car accident in the future. Also read | World First Aid Day 2023: Essenti",3
a11e73feae24d22b82ea3ead6d6a6ca9,"Gurugram: Retired army colonel runs over woman with his SUV in Ardee city, held","A 29-year-old woman died after being hit by a speeding SUV at Ardee City in Sector 52, Gurugram, on Sunday afternoon, police said. The SUV was driven by a 70-year-old retired army colonel, who was arrested later that night but granted bail following Supreme Court guidelines. Police saidthe SUV driver, a resident of Block B of Ardee City, claimed that he had tried to save the woman and took a sharp left turn but ended up crashing into another car",1
fb6072927b5353a6877c09c24b2bc265,Himachal Pradesh: 2 brothers dead after cement-laden truck plunges into ravine in Shimla,"Two brothers died after their cement laden truck plunged into a ravine in Himachal Pradesh's Shimla district on Monday, police said. In the Shimla area of Himachal Pradesh, a truck carrying cement crashed into a ravine on Monday, killing two brothers, according to authorities. (PTI/Bipin Nautiyal/representative)  The victims have been identified as Dinesh Kumar (29) and Vinod Kumar (37), residents of Thhera village in Solan district, officials sa",1
0318ce14eaf6df4d60e5e2af80bde547,Arjun Kapoor-Jackky Bhagnani accident on Mere Husband Ki Biwi set: FWICE president says shooting has been stopped,"On Saturday, an unfortunate incident happened at the shoot of Arjun Kapoor, Bhumi Pednekar and Rakul Preet Singh starrer Mere Husband Ki Biwi, as the ceiling of the set they were shooting at in Mumbai collapsed. Several people were injured in the accident including Arjun, producer Jackky Bhagnani, director Mudassar Aziz and many crew members. Arjun Kapoor and Jackky Bhagnani got injured on Mere Husband Ki Biwi set  However, Federation of Western",2
a4eb9ddaf8b47f70e471d914f3b8844e,"Himachal: Tourist killed, pilot hurt as paragliders collide in Kullu","A tourist from Tamil Nadu was killed and a pilot was severely injured after the paraglider they were on collided with another one in Kullu’s Gadsa paragliding site on Friday. Following violations, paragliding at the Gadsa site in Kullu was banned in January 2023 which was lifted in February 2023. (Picture only for representational purpose)  The deceased has been identified as Jayesh Ram, 28, hailing from Tamil Nadu while the injured pilot was Ash",2
ce7a6ac6d17d4671a564c2131dbe37a0,"Speeding truck loses control in Shimla, crashes into multiple cars in shocking video","A terrifying accident caught on camera has surfaced online, showing a speeding truck losing control on a narrow mountainous road and colliding with four cars before turning on its side. The footage, reportedly recorded in Shimla, shows the chaos that unfolded as observers rushed to help those involved. The truck driver was seen climbing out of the overturned vehicle. (Instagram/@itx_shadu_04)  In the video, shared with the caption “Live accident",1
29db772c169c0d0375a96c12862447ee,"Fire breaks out in Navi Mumbai bus, close shave for 22 passengers","Passengers onboard a civic transport service bus had a narrow escape when it caught fire in Maharashtra's Navi Mumbai township on Thursday morning, police said. On Thursday morning, passengers on a civic transport service bus narrowly avoided death when it caught fire in the Navi Mumbai district in Maharashtra.(AP/Rafiq Maqbool/representative)  All the 22 passengers were evacuated safely and no one was injured, they said.  Know the latest trendin",2
ccbd32a215ca8439c7518592b656043a,Mother-son duo run over by garbage truck in Kalyan,"THANE: A speeding truck ran over a woman and her 4-year-old child at the Sri Dakshin Maruti Temple Square on Agra Road in Kalyan West on Wednesday, crushing them under the wheels of the vehicle. A speeding truck ran over a woman and her 4-year-old child at the Sri Dakshin Maruti Temple Square on Agra Road in Kalyan West. (Getty Images/iStockphoto)  The Bazarpeth police in Kalyan West have detained the driver, who works for the Kalyan Dombivli Mun",1
e22cc083408ceb5028374aefc12024dc,Rescue efforts underway for nine trapped coal miners in Assam flooding incident,"Indian search teams including military divers worked Tuesday to reach several coal miners trapped underground after water flooded the shaft a day earlier, rescue officials said. Divers use a pulley to enter a coal mine to rescue trapped miners in Umrangso, a remote area in the northeastern state of Assam(REUTERS)  Nine men are reported to be trapped in the mine, with a rescue report saying three bodies had been spotted.  Know the latest trending",2
e36fca41725ba5f1e8144444fca436ee,Two children among 3 killed as truck collides with motorcycle on Shikrapur-Chakan Road,"A man and his two children were killed in an accident on the Shikrapur-Chakan Road on Monday. The incident occurred when a truck collided with the motorcycle the man was riding while on his way to drop off his children at the school. Shikrapur police rushed to the scene and sent the bodies for post-mortem. (REPRESENTATIVE PIC)  The deceased have been identified as Ganesh Sanjay Khedkar, 35, Tanmay Ganesh Khedkar, 9, and Shivam Ganesh Khedkar, 5,",1
8abd2010229613e8193e6985489be108,"Odisha: 2 BJP leaders killed in car-truck collision, survivor suspects ‘deliberate attack’","Two leaders of the Bharatiya Janata Party (BJP) were reportedly killed after a dumper hit the car they were travelling in in Odisha's Sambalpur district on Sunday, police said. One of the survivors alleged that someone might have tried to hit their vehicle “intentionally”. (Pixabay/Representative)  The deceased were identified as Debendra Nayak, BJP's Goshala mandal president and Muralidhar Chhuria, a former sarpanch, reported news agency PTI, ad",1
0fc403d0d1bc67c3389c6f01bf408962,"Mumbai: Trailer collides with parked vehicles in Dharavi, none injured","A black-and-yellow taxi and a tempo fell into a creek after a speeding trailer hit parked vehicles at Dharavi in central Mumbai on Friday morning, an official said. In Dharavi, central Mumbai, a speeding trailer struck parked cars on Friday morning, causing a black-and-yellow cab and a tempo to plunge into a stream(Hindustan Times/Satyabrata Tripathy/representative)  No one was injured in the accident that occurred around 4.45 am at T-junction wh",1
2be84cf95a9759a3112c91d45ca443cd,"Caught on camera: Two women thrown off scooty, narrowly escape tragedy after hitting car","A harrowing incident involving two women on a scooty was captured on CCTV, showing the riders losing control and skidding on an empty street. The scooty then collides with an oncoming car, which comes to a stop just in time to prevent what could have been a serious accident. The two women did not sustain any serious injuries in the incident.(X/@gharkakalesh)  The footage, shared on the microblogging platform X by the handle @Gharkakalesh, has gai",1
1560be6766770cb2da44a281f0a8d6c3,"4 dead, one injured in collision with parked truck on Delhi-Haridwar highway","Four passengers travelling in a car, residents of Rewari, Haryana, died in a road accident on the Delhi-Haridwar highway late at night, while one passenger was seriously injured and is undergoing treatment at Rishikesh AIIMS Hospital. The injured passenger has admitted to AIIMS Rishikesh, where he is undergoing treatment. (Unsplash/Representational)  The road accident is in the Bahadarabad police station area. The car of the passengers coming fro",1
00413c942840e4dea06e1e84d0555c77,45 injured in bus crash on Delhi-Mumbai expressway due to heavy fog conditions,"Around 45 passengers were injured when a private bus rammed into two trucks, which had already collided with each other on the Delhi-Mumbai Expressway in Rajasthan's Dausa district on Thursday, police said. In Rajasthan's Dausa area, a private bus struck two vehicles that had previously collided on the Delhi-Mumbai Motorway, injuring about 45 people. (PTI/representational)  Nangal-Rajawatan DSP Charul Gupta said that a bus of devotees was going f",1
1561b5db06821f4d979b762733c3000d,Road mishap claim three lives in Himachal’s Theog,"Three youths lost their lives on New Year Eve after the vehicle they were travelling in rolled down the hill in Theog in Shimla district, police said on Wednesday. Mangled remains of the car. (HT Photo)  The deceased have been identified as Sajan, 23, Prashant, 21 and Sahil, 22, all from Kinnaur, officials added.  Know the latest trending news with HT. Read detailed articles here  The accident occurred last night at around 11.30 pm, said police.",1
dfaaa28b5749f27f02c8129b03d454de,Death toll rises to 71 in Southern Ethiopia road accident,"The death toll from a road accident in southern Ethiopia has risen to at least 71, according to a local police official. At least 71 people have died in a vehicle accident in southern Ethiopia.(Unsplash/representational)  In a Facebook post late Sunday, the Sidama Police Commission Traffic Prevention and Control Directorate said that ""68 males and three females are known to have died in the accident so far"", citing Chief Inspector Daniel Sankura.",1
5a55192dad73ce3a79457b1815ad06b6,"Actor Urmila Kothare's car runs over labourers in Mumbai, 1 killed","One labourer was killed and another one injured after being hit by Marathi actress Urmila Kothare's car in Mumbai's Kandivali, police said. The actress and her driver were also injured in the accident. Actor Urmila Kothare was also injured in the accident.  Urmila Kothare was returning from work when the accident occurred near Poisar Metro station. The driver lost control of the car, which was traveling at high speed, and hit two metro workers. O",1
2363e7ffb32f876a92494d6d49b39577,Delhi: 54-year-old dead in late night crash near Chanakyapuri,"A 54-year-old cab driver was killed early on Thursday when a speeding SUV ran a red light and rammed into his van at the Sardar Patel Marg-Panchsheel Marg intersection in Chanakyapuri. Police suspect dense fog reduced visibility, leading to the accident. Mangled remains of the SUV which jumped the red light and crashed into the cab early on Thursday. (Sanchit Khanna/HT Photo)  The cab driver – Sukhdev Yadav – was driving a Maruti Eeco van with tw",1
e1026714180aba70f4125e3d8d437598,Caught on cam: Speeding truck driver drags two men on Agra Highway,"In a shocking incident caught on camera on the Agra highway in Uttar Pradesh, a man was dragged under a moving truck while his motorbike remained wedged beneath it. A video of the incident, which has gone viral, captures the harrowing moment as the man, identified as Zakir, screamed for help while the truck continued to accelerate. The incident took place on Agra highway.(X/@Gharkakalesh)  The incident occurred as Zakir and a companion were retur",1
6f7875493a5e29f49a20aa14fb0230c1,Road rage caught on cam: Truck's reckless manoeuvre sends biker tumbling on mountain road,"A heart-stopping moment of road rage was captured on camera, showing a truck's aggressive manoeuvre forcing a biker to fall on a mountainous road. The biker narrowly escaped tragedy with no significant damage or injuries reported. The biker narrowly escaped tragedy. (X/@Gharkakalesh)  The shocking video, captioned ""road rage between bike and truck,"" quickly gained traction online, amassing over 600k views shortly after being shared on X (formerly",1
aadbaa69debdfc250d67a8c5426a5d4f,Biker dies after being hit by unidentified vehicle on SCLR,"Mumbai: A 42-year-old biker was killed on Sunday morning when he was hit by an unidentified vehicle while travelling on the Santacruz-Chembur Link Road (SCLR). Police have booked the vehicle’s driver for causing death by rash and negligent driving and are trying to identify the vehicle through CCTV footage. Biker dies after being hit by unidentified vehicle on SCLR  The deceased, identified as Laxmikant Lalbihari Dubey, lived with his family in L",1
f9317406b7252eec06430a9e1ad4e3cc,"Class differences and prejudices have a role to play in road rage, says top traffic psychologist","The last six months of the year have witnessed a surge in road rage incidents in our overcrowded cities. Police in Bangalore have reportedly registered 40 cases of road rage this year. Between August and October, volatile Delhi recorded more than ten incidents, including one that led to the death of a 20-year-old man. In suburban Mumbai, a 27-year-old man was beaten to death by a group of men after an altercation on a busy road. Anagha Pullangott",3
630acc143106265f059442fe5027d03d,"Horrific Bengaluru accident that killed CEO, his family in Volvo sparks debate on road safety","A devastating road accident near Bengaluru that claimed the lives of six members of a family on Saturday has sparked a debate on whether cars made to be safe are effective on unsafe roads. The family was traveling in a Volvo SUV when a container truck overturned and crushed their vehicle, killing everyone inside. The accident occurred on National Highway 48 near Nelamangala, on the outskirts of Bengaluru.(X/drivesmart_IN)  The accident occurred o",1
e29344004847a82243d63162271b8e0f,How heroic 20-year-old saved 30 burn victims of Jaipur LPG tanker blast,"Jaipur gas tanker explosion: Shortly after an LPG tanker collided with a truck on Friday that led to a massive fire, around 30 burn victims sought refuge in a farmhouse near the Jaipur-Ajmer National Highway. The family residing in a temporary shelter on the farmland was jolted awake by cries for help and opened their doors to a horrifying sight, The Times of India reported. Rescue operation underway after an LPG tanker collided with multiple veh",1
29d19bbb4f9aadbbe01c6d301e2b2fd2,"4-year-old boy run over by speeding car in Mumbai, teen driver arrested","A four-year-old boy was killed in Mumbai after being hit by a speeding car, which officials said was being driven by a 19-year-old. The incident occurred in Wadala area, and the child was knocked down when he was playing on the road, police said. Mumbai, India. Dec 21, 2024: A 3 -year-old boy lost his life after a car hit him near Wadala depot in Wadala, Mumbai. Mumbai, India. Dec 24, 2024. (Photo by Raju Shinde/HT Photo)(Hindustan Times)  Bhusha",1
6c5f4bfc20788a6bb811ccd2ea7d2236,"Caught on CCTV: Car flips 8 times on Rajasthan highway, passengers escape unhurt, ask for tea","In a miraculous escape, five passengers walked away unscathed after their SUV flipped eight times in a freak accident on a highway in Rajasthan's Nagaur district on Friday. The dramatic incident, captured on CCTV, showed the high-speed vehicle spiralling out of control before coming to a halt in front of a car showroom. In Rajasthan, five passengers miraculously escaped unhurt after their SUV flipped 8 times(X/HateDetectors)  (Also read: Man surv",1
2395adc639a0a4ca3d90abb7b2e17211,Jaipur gas tanker crash: CCTV shows fire sweeping nearby property moments after accident | Video,CCTV video at a property near the spot where a gas tanker collided with other vehicles on Jaipur -Ajmer highway in Rajasthan showed fire engulfing the premises within seconds and leaving a trail of destruction. Firefighters at the site of the accident after a truck loaded with a chemical collided with some other vehicles and caught fire on the Jaipur-Ajmer Highway.(PTI)  Other visuals showed smoke engulfing a street after the tanker collided with,1
f483b491506504f4036ae8819e27ca9d,"Ludhiana: Driver charred to death as truck overturns, catches fire","A truck driver was charred to death after the vehicle hit the railing of a bridge, overturned and caught fire in Transport Nagar on the Amritsar-Delhi national highway, officials said. The gutted truck after the accident near Transport Nagar in Ludhiana on Thursday. (Manish/HT)  Police said the victim was burned beyond recognition and they are working to ascertain his identity.  Know the latest trending news with HT. Read detailed articles here",1
2824650a96b3f5fa9d996c775d7f1002,"Mumbai ferry mishap: Body of missing passenger found, death toll rises to 14","A missing passenger's body was recovered on Thursday off the coast of Mumbai where a Naval boat had collided with a ferry the day before, police officials told the news agency PTI. The death toll in the tragic accident has now risen to 14. 14 people died in the tragic ferry boat accident off the coast of Mumbai (Bhushan Koyande/HT Photo)  The 43-year-old man was among the two passengers reported to be missing after the mishap. Search operations a",2
4b34b8379fa343b30e5cc70c64758ec5,Mumbai boat accident survivor recalls ‘mutilated body’ crashing on ferry deck after collision,"A survivor of the Mumbai boat accident that claimed 13 lives has opened up about the moment of impact and its aftermath. At least 13 people died and two were critically injured after a passenger ferry capsized off the coast of Mumbai on Wednesday evening. The ferry was hit by an out-of-control Indian Navy speedboat while plying tourists to Elephanta Island. A boat carrying 85 passengers capsizes near the Gateway of India, in Mumbai on Wednesday.(",2
1b993c8fed0c7b7b2aa6352a64f322ac,"Gujarat: Bus accident in Bhavnagar kills 6, leaves 10 injured","Six persons were killed and nearly 10 others injured after a private bus rammed into a dumper truck on a highway in Gujarat's Bhavnagar district on Tuesday morning, police said. On Tuesday morning, a private bus collided with a dumper truck on a highway in Gujarat's Bhavnagar district, killing six people and injuring about ten more. (PTI)  The accident took place near Trapaj village at around 6 am when the bus was on way towards Mahuva from Bhavn",1
47bfa36846221bb83233f2258e1bf383,Mumbai: Death toll rises to 8 in Kurla BEST bus accident as man succumbs to injuries,"A 55-year-old man, who was among the several persons injured in the BEST bus accident in Kurla area of Maharashtra's Mumbai, died on Monday morning, taking the death toll to eight, a civic official said. Sanjay More, who was intoxicated when he drove the BEST bus that killed eight people, swerved into the busy market at an unsafely high speed and struck stopped and moving cars, including a police jeep.(PTI)  The electric bus, hired by the civic-r",1
43bea37f7259cd840ab6e9fb596c16f5,"25-year-old biker killed after being hit by bus in Mumbai, days after deadly Kurla accident","Days after a BEST bus accident killed seven persons in Mumbai's Kurla, a 25-year-old man died after being run over by the electric busy in the Govandi area, police said. Four days after the Kurla accident, BEST bus services had just resumed on Friday. (Raju Shinde/HT Photo)  The incident took place late on Saturday at the Shivaji Nagar junction in Govandi when the victim, Dikshit Vinod Rajput, was on his motorcycle, ANI reported.  Know the latest",1
0efecd5d62ac26582e81e68e0c727dde,"Dutee Chand stops truck after accident, police detain driver for questioning","Sprinter Dutee Chand escaped unhurt after a truck hit her car near OMP Square in Cuttack, police said on Friday. A truck struck sprinter Dutee Chand's vehicle close to Cuttack's OMP Square, but she was unharmed(PTI)  The incident took place on Thursday evening when Dutee was returning to Bhubaneswar from her native Jajpur district with a friend. Her luxury car suffered damage in the accident, they said.  Know the latest trending news with HT. Rea",1
b0379d48d18ce2fddb792c94ae8c96c0,"Indian student dies, 4 injured after horrific car crash in UK's Leicestershire","A 32-year-old Indian student, Chiranjeevi Panguluri, has died in a road accident in Leicestershire, eastern England. The incident occurred on Tuesday morning when the car Panguluri was travelling in left the road and ended up in a ditch. A 27-year-old man was arrested on suspicion of causing death by dangerous driving.(REUTERS)  According to the Leicestershire Police, Panguluri was pronounced dead at the scene. Three other passengers, including o",1
1e3eae4c427d6d5b51a39c0834d62068,UP: Fluorescent strips on stray bulls to prevent fatal accidents on highways,"The highways of Uttar Pradesh, particularly at night, have become a dangerous space where speeding vehicles and stray bulls often lead to fatal accidents. To address this issue, the Pilibhit district of Uttar Pradesh has launched an innovative initiative to make stray cattle more visible on roads after dark by installing reflective fluorescent strips around their necks and horns. Last month, UP presented what appeared to be a simple solution. Neo",3
4265979b6fc01fd2733220711fc29279,Teenage boy crashes Porsche car into motorcycles in Mumbai's Bandra,"A speeding Porsche car allegedly driven by a 19-year-old boy crashed into motorcycles parked along a footpath in Bandra, Mumbai in the early hours in of the morning on Saturday, police officials told news agency PTI. Nobody was injured in the accident. The Porsche driven by a teenager crashed into motorcycles parked in Bandra on Saturday morning  The police booked Dhruv Gupta for rash and negligent driving and his his blood samples were sent for",1
1e4f91e9fe13baf55d04fa0614493785,IPS officer en route to join duty dies in road accident in Hassan,"A 26-year-old probationary IPS officer Harsh Bardhan, who was en route to assume his duties, died after his jeep driver lost control while driving at a high speed near Kittanegadi village in Hassan taluk, police said on Monday. Harsh Bardhan (HT Photo)  Police said the accident took place on Sunday at around 4.15pm on National Highway 373, which connects Hassan and Mysuru, when Bardhan was en route to report to the Hassan district superintendent",1
008ca3fb8d5bf6d2b88286177a8ddf39,Krushna Abhishek shares wife Kashmera Shah is doing fine after her accident: She is a strong woman,"Kashmera Shah recently met with an accident while she was in the US, away from her family. The actor had informed about the incident on social media by sharing a picture of blood-stained tissues on her car seat, followed by a picture of her nose covered in bandages. While the incident got everyone worried, her husband, actor-comedian Krushna Abhishek informs that she is doing fine. Krushna Abhishek on Kashmera Shah's health after accident  Explai",2
8c10422bd0f74b874ed9207f09019e75,Man survives crash with miraculous landing on pickup truck bonnet after hitting divider. Video,"A chilling video has gone viral on social media, capturing a scooter rider’s astonishing escape from what could have been a tragic accident. The 10-second clip, shared by X user Mikku, has left viewers both stunned and relieved as they witness the man’s extraordinary luck and calm demeanour. A scooter rider narrowly escaped disaster, landing on a truck's bonnet after losing control. (X)  Scooter rider loses control, lands on pickup truck bonnet",1
00ddcdfd14c5ac24378824b8a270023c,Two bus routes discontinued after fatal accident are now back in Uran,"Navi Mumbai: Nine months after suspending three bus routes following a fatal accident, Navi Mumbai Municipal Transport (NMMT) has reinstated two of them in response to persistent public demand. The routes were initially discontinued after an NMMT bus accident on February 8 along the Khopta-Koproli road towards JNPT. Representative Image. (BACHCHAN KUMAR/HT PHOTO)  The routes were initially discontinued after an NMMT bus accident on February 8 alo",3
d79184699235d1a51bf87e2553806871,UP: Five doctors killed after car collides with truck in Kannauj,"Kannauj accident: Five doctors were killed after the vehicle they were travelling in crashed into a divider and got hit by a truck in n the Lucknow-Agra Expressway early Wednesday morning near Uttar Pradesh’s Kannauj city, police said. Wreckage of a car being towed away after an accident at the Agra-Lucknow Expressway, in Kannauj district.(PTI)  The vehicle they were traveling in lost control, crashed into the divider, and then veered into the op",3
77a06a8866b3f5f2dd43ffed7e83ff3f,Dehradun accident: Police try to piece together what led to Innova crash that killed 6 students,"Dehradun car accident: A night out turned into a tragedy in Dehradun's ONGC Chowk on Monday night when a speeding multi-utility vehicle (MUV), Innova, collided with a container truck, claiming the lives of six students. The victims, all residents of Dehradun except for Kunal Kukreja (23) from Chamba, Himachal Pradesh, were identified as Atul Agrawal (24), Rishabh Jain (24), Navya Goel (23), Kamakshi (20), and Guneet (19). People gather around the",1
431aeb9f7a4e977153ed229257d27825,Noida: Mad dash to admit sick child ends in death of 5 of family in accident,"Tragedy struck a family after their two-year-old boy, who had a low blood count and needed urgent blood transfusion, was shuttled off from one hospital to another four times on Sunday evening, all the way from Dadri to Noida, only for five members of the family to perish in a late night accident on the Noida-Greater Noida Expressway. The exact reason for the accident remains unascertained as all five occupants— Hari Mohan’s cousin Aman Singh, 27,",1
1be2820880b77f7e40b606bbad9b9b18,"Chain accident between BMTC bus, truck and a car kills two on Bengaluru’s Airport Road: Report","A multi-vehicle accident occurred late on Monday night on the road leading to the Kempegowda International Airport (KIA) in Devanahalli, Bengaluru, resulting in the deaths of two individuals and injuries to several others. The incident took place near the Yelahanka flyover, where traffic conditions worsened due to the chain collision. The BMTC Volvo bus involved in the accident was in mangled shape on Bengaluru's Airport Road.(Reddit)  The deceas",1
5514d2d9dc7557f174192b8a6ae8b3bb,Teens on way to college die in car crash on Gurugram Expressway; 2 more wounded,"Gurugram, Mayhem struck Gurugram's Sohna Expressway on Monday when a speeding car went through the divider killing two of its three teenage occupants and seriously wounding three more commuters, according to police. Teens on way to college die in car crash on Gurugram Expressway; 2 more wounded  The Tata Altroz car, cruising out of control, uprooted a light pole and rammed into another car, a Honda City, on the other side of the road, causing a b",1
6b8fea7eacb2da7ccb689707c37cecf0,"J&K: 3 killed, 4 critically injured as Eeco van falls into gorge in Reasi district","At least three persons, including a 10-month old baby, were killed and four others sustained critical injuries when an Eeco van skidded off the road and plunged into a deep gorge in the Chassana area of Reasi district in Jammu and Kashmir on Saturday. An Eeco van skidded off the road and plunged into a deep gorge in the Chassana area of Reasi district in Jammu and Kashmir on Saturday. (For representational purpose only)  The accident took place a",1
15a6c094b1139b6b4845bbb451637556,Video: Kerala CM Pinarayi Vijayan's convoy involved in pile-up in Thiruvananthapuram,"Kerala chief minister Pinarayi Vijayan's convoy met with an accident on Monday evening at the Vamanapuram Park junction in the Thiruvananthapuram district, reported news agency PTI. Kerala CM Pinarayi Vijayan's convoy met with an accident on Monday evening in Thiruvananthapuram(PTI)  The accident took place while the chief minister was travelling back to Thiruvananthapuram from Kottayam, accompanied by five escort vehicles and an ambulance.  Know",1
262f29a959a3626f7ec6663038cb7b24,25-year-old pillion rider mowed down after falling from bike,"MUMBAI: A 25-year-old pillion rider was mowed down by an unknown vehicle after the two-wheeler he was travelling on skidded causing the deceased to fall on Western Express Highway (WEH) on Sunday night. 25-year-old pillion rider mowed down after falling from bike  According to the rider of the two-wheeler and the only eyewitness of the crash, the accident took place at 11.10pm on Sunday on WEH near the turn towards Mahim from Bandra east.  Know t",1
05f7f6c7679a9ddfaaadbaebf7da7853,"Indore police's ‘Yamraj’, Jawahar Singh, dies in accident while tending cow","Indore Police’s ‘Yamraj,’ head constable Jawahar Singh Yadav, has died after an electric shock while caring for his cow, which also died in the incident. Police head constable Jawahar Singh Yadav, known as 'Yamraj', dies in tragic electric shock.(Facebook)  Yadav became famous during the COVID-19 pandemic for dressing as Yamraj, the Hindu god of death, to spread awareness, urging people to stay home and get vaccinated.  Know the latest trending n",2
c8f16895ca9b793f2306c65f6544b114,"Teen run over by train while crossing railway track, dies","Navi Mumbai: A 16-year-old girl died after being run over by a local train while trying to cross the railway track instead of using the stairs at Seawoods station in Navi Mumbai on Monday afternoon. The accident disrupted services on the Harbour line for around half an hour. Teen run over by train while crossing railway track, dies  The deceased, Sana Abdul Siddique, was a resident of Govandi and the daughter of a scrap dealer. She regularly trav",2
23d4e1945bcb379e2879eb72281bd04d,"Hyderabad man accidentally falls off 3rd floor while chasing a dog, dies","A 23-year-old man died in Hyderabad when he accidentally fell from the third-floor window while playfully chasing a dog. The incident took place at the VV Pride Hotel in Chandanagar, where the victim had gone to attend his friend's birthday party on Monday, reports News18. CCTV footage shows Uday stepping out of his room and encountering a dog in the hotel corridor  CCTV Footage Reveals Tragic Events  A widely shared video on social media and CCT",2
f4132b34b84447fd46b6c22a29aada95,"Odisha man visits hospital after being hit by truck, doctors allegedly steal his organs","A Odisha man, who died after being hit by a mini truck, went to a private hospital in Cuttack for treatment. He died at the hospital three days later. The 44-year-old's family alleges that the doctors stole his organs during the treatment. The family says they found surgery marks on the abdomen even though the victim had suffered head injuries. The hospital authorities had handed over the body to the family members of the deceased without conduct",1
458d2b201d30c73b93f89d3c7ab22600,2 dead as car hits toll staffers in Una,"Two staff members at the Ajouli toll barrier in the Una district of Himachal Pradesh were killed on Monday and another was critically injured after a ‘rashly-driven’ car rammed into them, officials said. The mangled remains of the car after the accident at Ajouli toll barrier in Una district on Monday. (HT Photo)  The accident occurred around 4 pm.  Know the latest trending news with HT. Read detailed articles here  Police said Ranjeet Singh, 45,",1
b7a40fc37a11712b4e17b36e72456109,"28-year-old Bengaluru woman dragged by cab for 40 feet after colliding with BMTC bus, dies: Report","An accident in Bengaluru on Tuesday morning claimed the life of a 28-year-old woman, identified as Monika S, when she was struck by a speeding Bengaluru Metropolitan Transport Corporation (BMTC) bus and then dragged by a cab for nearly 40 feet. The incident occurred at around 9:50 am near Ullal Upanagar Lake on 80 feet road, and both the bus and cab drivers have since been arrested, The Indian Express reported. Monika was riding her scooter when",1
7eceea4c9bf437fbbb12f047fe5761b1,Two killed after being run over by speeding truck on Sohna Road,"Gurugram: Two people were killed after being run over by a speeding truck near the busy Ambedkar roundabout on Sohna Road, police said on Wednesday. Two people were killed after being run over by a speeding truck near the busy Ambedkar roundabout on Sohna Road in Gurugram. (Representational Image)  They identified the deceased as Geeta Yadav, 39, from Najafgarh, Delhi and Vinit Kumar, 34, from Nuh. The incident took place at 3pm on Tuesday. Accor",1
e28de1ff4c1af3414698968eaf4e8bc7,2 die as car with polls officials plunges into gorge in Reasi,"A driver and a constable died while election zonal magistrate escaped unhurt when their car veered off the road and plunged into a gorge in Reasi district on Tuesday, said officials. Eleven constituencies in three districts of Reasi, Rajouri and Poonch are going to polls in second phase on Tuesday.  The deceased were identified as constable Ajaz Khan of IRP’s 19 battalion and Javeed Ahmad (driver) son of Bashir Ahmad resident of Khour.  Know the",1
018c3fdf523f7751030ca37ceadddc59,Disturbing video shows KSRTC bus run over woman in Karnataka's Tumakuru,"A woman was critically injured after being run over by a state-owned Karnataka State Road Transport Corporation (KSRTC) bus while crossing the road near the bus terminal in Tumakuru, located 70 km from Bengaluru. Eyewitnesses claimed the KSRTC bus was allegedly speeding (Representational Image)  A video posted on the social media platform X by a Karnataka portfolio could not be independently verified by HT Digital. According to the post, eyewitne",1
a327a306bf3772d19ffac5126e5ad723,EXCLUSIVE| Preeti Jhangiani gives husband Parvin Dabas' health update: He will be out of the ICU tomorrow,"Actor Preeti Jhangiani, wife of actor-director Parvin Dabas, who is in the ICU with grievous injuries, following a car accident in the early hours of Saturday in Mumbai, has spoken out for the first time since the unfortunate incident. “It’s a shock, we’re still coping with it emotionally. He is usually very active and doesn’t stop talking about work even for a minute. To see him lying down and not his active self, is disturbing for the family,”",1
50361951c23b3a6239000aa6beddde4a,"Video: Pune civic body truck falls into sinkhole, driver escapes unhurt","A truck belonging to the civic sanitation department in Maharashtra's Pune fell into a sinkhole that opened up near the City Post Office on Friday. The driver of the jetting machine truck, used for cleaning drainage lines, was unharmed, news agency PTI reported citing fire brigade officials. The incident occurred at 4 pm in the densely populated Budhwar Peth area on Friday.(PTI)  The incident occurred at 4 pm in the densely populated Budhwar Peth",1
6cf47e0d6f1b9bc1295183bf6a06c617,"Gurugram accident: Biker's friend says police didn't collect video as evidence, mother questions SUV driver's bail","One of the friends of a biker, who died in an accident in Haryana's Gurugram after his bike collided with an SUV, has alleged that the police did not collect video of the accident as evidence despite seeing the footage at the scene of the accident, reported India Today. A car collided into a bike ina deadly accident on Golf Course road, Gurugram(Nabila Jamal/X)  Pradyuman Kumar, a friend of 23-year-old Akshat Garg, who died in the accident on Gol",1
8dc8e9844d2b4c832f4c07d09f5ec501,"Injured in freak accident, Nawab Malik’s son-in-law still critical","Mumbai: Nationalist Congress Party (NCP) leader Nawab Malik’s son-in-law Sameer Khan, who was critically injured in an accident on Tuesday, will be kept under observation for another 48 hours. He has already undergone two surgeries to remove blood clots in his head but is still unconscious, said police. The driver who allegedly lost control of the family’s sports utility vehicle and rammed it into Khan has been booked for rash driving and endange",1
2a9a57c960089306ec2a63013cc263d6,Electrician hit by car succumbs to injuries after a day,"Mumbai: A 25-year-old Kandivali resident who worked as an electrician died on Sunday after being hit by a four-wheeler while crossing the road at Borivali on Saturday evening. The victim, identified as Amardeep Rajendra Kumar, had suffered severe head injuries in the accident and he passed away at Shatabdi hospital as he was undergoing treatment, said police. HT Image  According to Ranjeet Kadam, a constable attached with the Borivali police stat",1
db1618867f29bdbc1dfd344bc9f5ccbf,One killed after speeding tempo rams several vehicles,"One person was killed, and three others were injured after a speeding tempo rammed four vehicles including two motorcycles, a car and an autorickshaw, police said. The incident occurred near Karishma Chowk on Sunday at around 9 pm and the deceased has been identified as Gitanjali Shrikant Amrale (34) resident of Shastri Nagar Kothrud. Shrikant Amrale, Sahil Pite and Madhuri Dhotre were injured during this accident. The complainant claimed Ashish",1
307751d02f3b8cc3aef45162273ff49c,35 teachers including 15 women saved from getting drowned in a boat mishap in Gandak at West Champaran,"At least 35 teachers including 15 women belonging to seven government schools were rescued after a boat in which they were travelling capsized in the Gandak river in Bihar's West Champaran district on Monday morning. Condition of a woman teacher, identified as Abha Kumari of Utkramit Madhya Vidhalaya Srinagar -1 is stated to be serious following the incident on Monday. (Representative image)  Condition of a woman teacher, identified as Abha Kumar",2
8bc0233be0b15725a87eaff320cd69bd,"One dead, two injured after showroom driver out on test drive rams into them","Mumbai: A 20-year-old died, and his two cousins who were riding pillion with him on an Activa, suffered severe injuries after a speeding car rammed into them at the Lower Parel flyover on Sunday afternoon. HT Image  At the time of the accident, the electric car was being driven by Manish Singh, who works at a car showroom in Prabhadevi. He had taken a customer out for a test drive and was returning to the showroom with the vehicle after dropping",1
ac43995ff725c13697083aa9b31eb57f,Young woman’s life cut short by crazed bus passenger,"Mumbai: A 28-year-old woman, who was soon to get married and on the verge of starting a new career, lost her life in a freak accident when a drunk passenger forcibly turned the steering wheel of a BEST bus, causing mayhem on a Sion road on Sunday evening. The deceased, Nupur Maniyar, was on a scooter with her fiancée when the bus rammed into her, leaving her with fatal injuries. Mumbai, India - Sept. 2, 2024: BEST bus involved in the accident tha",1
eed6d1c62c584a01543a37afd953b60a,Madhya Pradesh boy injured after mobile phone explodes in hand during charging,A 9-year-old boy in Madhya Pradesh suffered severe injuries to his hand and thigh after a mobile phone exploded in his hand while it was charging. A 9-year-old child in Madhya Pradesh suffered severe injuries to his hand and thigh after a mobile phone exploded in his hand (Representational Image) (AP Photo/Emilio Morenatti)(AP)  The incident took place in the village of Kalkoti Dewari in the Chaurai area of the Chhindwara district. The boy's fath,2
5e30a9072ab6e38180aa79a7c68243a1,Four of a family from Belagavi killed in road accident in Oman,"Four people from the Gokak tehsil of Belagavi district were burnt alive when their electric vehicle rammed into a fuel carrier tanker in Oman, said officials familiar with the matter on Friday. Belagavi district in-charge minister Satish Jarkiholi said that the state government was in contact with Oman government through the foreign affairs ministry and have asked to handover the dead bodies to the relatives in Karnataka (File photo)  The inciden",1